year,ref_ori,ref_kc200,ref_kc400,co2_ori,co2_kc200,co2_kc400,ref_ori,ref_kc200,ref_kc400,co2_ori,co2_kc200,co2_kc400,CO2_ori,CO2_kc200,CO2_kc400,pgC,CO2_ori,CO2_kc200,CO2_kc400,kc200,ref_12,ref_13,co2_12,co2_13,cum,ref_12,ref_13,co2_12,co2_13,effect,co2_12,co2_13,ori,ref_12,ref_13,co2_12,co2_13,cum,ref_12,ref_13,co2_12,co2_13,effect,co2_12,co2_13
1701,-20.187,5.453,28.236,-19.662,4.592,28.058,-20.187,5.453,28.236,-19.662,4.592,28.058,0.525,-0.861,-0.178,,0.000525,-0.000861,-0.000178,,-9.023,8.456,-8.503,7.451,,-9.023,8.456,-8.503,7.451,,0.52,-1.005,,-8.163,-18.072,-8.244,-17.54,,-8.163,-18.072,-8.244,-17.54,,-0.081,0.532
1702,19.389,-1.829,-48.879,19.694,-4.181,-48.707,-0.798,3.624,-20.643,0.032,0.411,-20.649,0.83,-3.213,-0.006,,0.00083,-0.003213,-6E-06,,-13.459,13.675,-13.93,12.103,,-22.482,22.131,-22.433,19.554,,0.049,-2.577,,-13.827,35.391,-13.792,35.905,,-21.99,17.319,-22.036,18.365,,-0.046,1.046
1703,-31.793,-38.09,10.073,-32.29,-34.492,9.999,-32.591,-34.466,-10.57,-32.258,-34.081,-10.65,0.333,0.385,-0.08,,0.000333,0.000385,-8E-05,,-9.609,-31.902,-9.183,-28.876,,-32.091,-9.771,-31.616,-9.322,,0.475,0.449,,-8.951,-26.64,-8.974,-27.001,,-30.941,-9.321,-31.01,-8.636,,-0.069,0.685
1704,-22.461,1.756,-16.488,-23.365,0.8,-14.752,-55.052,-32.71,-27.058,-55.623,-33.281,-25.402,-0.571,-0.571,1.656,,-0.000571,-0.000571,0.001656,,-11.567,7.799,-11.971,7.251,,-43.658,-1.972,-43.587,-2.071,,0.071,-0.099,,-12.317,-16.104,-12.264,-16.813,,-43.258,-25.425,-43.274,-25.449,,-0.016,-0.024
1705,32.15,9.746,7.062,32.968,7.897,4.074,-22.902,-22.964,-19.996,-22.655,-25.384,-21.328,0.247,-2.42,-1.332,,0.000247,-0.00242,-0.001332,,-10.522,13.693,-10.143,11.536,,-54.18,11.721,-53.73,9.465,,0.45,-2.256,,-11.135,36.343,-11.168,37.474,,-54.393,10.918,-54.442,12.025,,-0.049,1.107
1706,-32.544,-28.805,-25.552,-33.832,-26.95,-23.165,-55.446,-51.769,-45.548,-56.487,-52.334,-44.493,-1.041,-0.565,1.055,,-0.001041,-0.000565,0.001055,,-10.747,-24.49,-11.109,-22.215,,-64.927,-12.769,-64.839,-12.75,,0.088,0.019,,-11.132,-28.341,-11.127,-29.053,,-65.525,-17.423,-65.569,-17.028,,-0.044,0.395
1707,-17.799,-1.867,13.942,-18.59,-0.573,11.793,-73.245,-53.636,-31.606,-75.077,-52.907,-32.7,-1.832,0.729,-1.094,,-0.001832,0.000729,-0.001094,,-11.281,2.468,-10.923,3.463,,-76.208,-10.301,-75.762,-9.287,,0.446,1.014,,-10.244,-14.569,-10.229,-15.109,,-75.769,-31.992,-75.798,-32.137,,-0.029,-0.145
1708,36.773,16.372,-19.462,37.519,12.857,-16.951,-36.472,-37.264,-51.068,-37.558,-40.05,-49.651,-1.086,-2.786,1.417,,-0.001086,-0.002786,0.001417,,-11.198,18.148,-11.546,14.927,,-87.406,7.847,-87.308,5.64,,0.098,-2.207,,-11.246,38.528,-11.259,39.384,,-87.015,6.536,-87.057,7.247,,-0.042,0.711
1709,-27.563,-27.864,15.896,-27.591,-25.83,10.916,-64.035,-65.128,-35.172,-65.149,-65.88,-38.735,-1.114,-0.752,-3.563,,-0.001114,-0.000752,-0.003563,,-10.44,-28.622,-10.123,-27.248,,-97.846,-20.775,-97.431,-21.608,,0.415,-0.833,,-9.447,-29.247,-9.455,-29.382,,-96.462,-22.711,-96.512,-22.135,,-0.05,0.576
1710,-16.285,5.645,-9.232,-16.084,7.275,-5.689,-80.32,-59.483,-44.404,-81.233,-58.605,-44.424,-0.913,0.878,-0.02,,-0.000913,0.000878,-2E-05,,-10.908,3.688,-11.193,5.785,,-108.754,-17.087,-108.624,-15.823,,0.13,1.264,,-10.231,-18.694,-10.191,-18.663,,-106.693,-41.405,-106.703,-40.798,,-0.01,0.607
1711,44.625,16.684,13.845,44.504,13.221,11.556,-35.695,-42.799,-30.559,-36.729,-45.384,-32.868,-1.034,-2.585,-2.309,,-0.001034,-0.002585,-0.002309,,-10.359,13.731,-10.053,10.392,,-119.113,-3.356,-118.677,-5.431,,0.436,-2.075,,-10.332,42.241,-10.386,42.069,,-117.025,0.836,-117.089,1.271,,-0.064,0.435
1712,-29.156,-20.698,-22.055,-28.442,-21.753,-22.552,-64.851,-63.497,-52.614,-65.171,-67.137,-55.42,-0.32,-3.64,-2.806,,-0.00032,-0.00364,-0.002806,,-10.301,-23.158,-10.666,-23.607,,-129.414,-26.514,-129.343,-29.038,,0.071,-2.524,,-10.895,-30.9,-10.843,-30.292,,-127.92,-30.064,-127.932,-29.021,,-0.012,1.043
1713,-16.659,2.248,35.002,-17.398,6.373,35.057,-81.51,-61.249,-17.612,-82.569,-60.764,-20.363,-1.059,0.485,-2.751,,-0.001059,0.000485,-0.002751,,-10.689,3.337,-10.333,7.069,,-140.103,-23.177,-139.676,-21.969,,0.427,1.208,,-10.182,-15.899,-10.239,-16.711,,-138.102,-45.963,-138.171,-45.732,,-0.069,0.231
1714,43.276,11.112,-36.271,43.305,9.117,-34.951,-38.234,-50.137,-53.883,-39.264,-51.647,-55.314,-1.03,-1.51,-1.431,,-0.00103,-0.00151,-0.001431,,-9.747,13.8,-10.009,11.475,,-149.85,-9.377,-149.685,-10.494,,0.165,-1.117,,-10.201,46.343,-10.143,46.372,,-148.303,0.38,-148.314,0.64,,-0.011,0.26
1715,-34.709,-31.381,10.465,-34.634,-31.758,7.204,-72.943,-81.518,-43.418,-73.898,-83.405,-48.11,-0.955,-1.887,-4.692,,-0.000955,-0.001887,-0.004692,,-10.206,-26.476,-9.95,-27.37,,-160.056,-35.853,-159.635,-37.864,,0.421,-2.011,,-9.631,-30.702,-9.668,-30.556,,-157.934,-30.322,-157.982,-29.916,,-0.048,0.406
1716,-25.42,6.676,-12.743,-24.59,10.13,-8.815,-98.363,-74.842,-56.161,-98.488,-73.275,-56.925,-0.125,1.567,-0.764,,-0.000125,0.001567,-0.000764,,-9.751,11.2,-9.998,14.236,,-169.807,-24.653,-169.633,-23.628,,0.174,1.025,,-9.828,-21.118,-9.808,-20.504,,-167.762,-51.44,-167.79,-50.42,,-0.028,1.02
1717,42.778,5.964,6.419,42.642,5.785,3.982,-55.585,-68.878,-49.742,-55.846,-67.49,-52.943,-0.261,1.388,-3.201,,-0.000261,0.001388,-0.003201,,-9.533,11.134,-9.253,9.92,,-179.34,-13.519,-178.886,-13.708,,0.454,-0.189,,-9.612,47.651,-9.643,47.196,,-177.374,-3.789,-177.433,-3.224,,-0.059,0.565
1718,-36.064,-32.261,-21.76,-36.424,-34.031,-21.101,-91.649,-101.139,-71.502,-92.27,-101.521,-74.044,-0.621,-0.382,-2.542,,-0.000621,-0.000382,-0.002542,,-9.817,-25.623,-10.126,-27.361,,-189.157,-39.142,-189.012,-41.069,,0.145,-1.927,,-10.089,-29.79,-10.01,-30.062,,-187.463,-33.579,-187.443,-33.286,,0.02,0.293
1719,-29.502,-0.915,11.785,-28.031,2.188,12.285,-121.151,-102.054,-59.717,-120.301,-99.333,-61.759,0.85,2.721,-2.042,,0.00085,0.002721,-0.002042,,-9.957,8.267,-9.328,10.516,,-199.114,-30.875,-198.34,-30.553,,0.774,0.322,,-9.48,-20.3,-9.545,-19.669,,-196.943,-53.879,-196.988,-52.955,,-0.045,0.924
1720,32.508,4.183,-32.592,32.759,3.188,-31.204,-88.643,-97.871,-92.309,-87.542,-96.145,-92.963,1.101,1.726,-0.654,,0.001101,0.001726,-0.000654,,-9.559,13.471,-9.893,12.465,,-208.673,-17.404,-208.233,-18.088,,0.44,-0.684,,-9.693,42.391,-9.678,42.071,,-206.636,-11.488,-206.666,-10.884,,-0.03,0.604
1721,-34.431,-39.525,8.829,-35.032,-40.853,7.082,-123.074,-137.396,-83.48,-122.574,-136.998,-85.881,0.5,0.398,-2.401,,0.0005,0.000398,-0.002401,,-8.099,-30.815,-8.312,-31.766,,-216.772,-48.219,-216.545,-49.854,,0.227,-1.635,,-9.237,-24.697,-9.25,-25.536,,-215.873,-36.185,-215.916,-36.42,,-0.043,-0.235
1722,-33.348,-0.183,-27.995,-31.896,0.288,-25.092,-156.422,-137.579,-111.475,-154.47,-136.71,-110.973,1.952,0.869,0.502,,0.001952,0.000869,0.000502,,-9.516,10.979,-9.805,11.578,,-226.288,-37.24,-226.35,-38.276,,-0.062,-1.036,,-9.646,-21.543,-9.618,-20.426,,-225.519,-57.728,-225.534,-56.846,,-0.015,0.882
1723,29.762,-0.183,2.249,29.687,0.889,1.331,-126.66,-137.762,-109.226,-124.783,-135.821,-109.642,1.877,1.941,-0.416,,0.001877,0.001941,-0.000416,,-9.998,12.392,-9.446,13.015,,-236.286,-24.848,-235.796,-25.261,,0.49,-0.413,,-9.032,41.196,-9.08,41.152,,-234.551,-16.532,-234.614,-15.694,,-0.063,0.838
1724,-34.361,-36.249,-37.058,-35.251,-37.514,-35.298,-161.021,-174.011,-146.284,-160.034,-173.335,-144.94,0.987,0.676,1.344,,0.000987,0.000676,0.001344,,-8.201,-26.79,-8.488,-27.387,,-244.487,-51.638,-244.284,-52.648,,0.203,-1.01,,-9.446,-23.08,-9.392,-23.946,,-243.997,-39.612,-244.006,-39.64,,-0.009,-0.028
1725,-32.451,-1.912,18.428,-32.272,-2.246,17.543,-193.472,-175.923,-127.856,-192.306,-175.581,-127.397,1.166,0.342,0.459,,0.001166,0.000342,0.000459,,-9.241,7.295,-8.94,7.188,,-253.728,-44.343,-253.224,-45.46,,0.504,-1.117,,-8.922,-23.569,-8.977,-23.219,,-252.919,-63.181,-252.983,-62.859,,-0.064,0.322
1726,29.947,7.972,-36.751,31.009,8.136,-35.62,-163.525,-167.951,-164.607,-161.297,-167.445,-163.017,2.228,0.506,1.59,,0.002228,0.000506,0.00159,,-9.021,18.568,-9.323,19.415,,-262.749,-25.775,-262.547,-26.045,,0.202,-0.27,,-9.489,40.996,-9.435,42.232,,-262.408,-22.185,-262.418,-20.627,,-0.01,1.558
1727,-35.724,-42.888,-2.634,-37.374,-43.012,-3.015,-199.249,-210.839,-167.241,-198.671,-210.457,-166.032,0.578,0.382,1.209,,0.000578,0.000382,0.001209,,-8.536,-30.566,-8.545,-30.456,,-271.285,-56.341,-271.092,-56.501,,0.193,-0.16,,-8.822,-23.37,-8.861,-24.545,,-271.23,-45.555,-271.279,-45.172,,-0.049,0.383
1728,-35.118,-5.613,-11.83,-35.354,-6.145,-12.079,-234.367,-216.452,-179.071,-234.025,-216.602,-178.111,0.342,-0.15,0.96,,0.000342,-0.00015,0.00096,,-9.532,7.957,-9.524,7.755,,-280.817,-48.384,-280.616,-48.746,,0.201,-0.362,,-9.286,-21.888,-9.285,-22.169,,-280.516,-67.443,-280.564,-67.341,,-0.048,0.102
1729,29.89,6.331,-7.448,29.482,5.32,-7.269,-204.477,-210.121,-186.519,-204.543,-211.282,-185.38,-0.066,-1.161,1.139,,-6.6E-05,-0.001161,0.001139,,-9.499,18.71,-9.359,18.069,,-290.316,-29.674,-289.975,-30.677,,0.341,-1.003,,-8.742,41.419,-8.769,42.023,,-289.258,-26.024,-289.333,-25.318,,-0.075,0.706
1730,-38.443,-41.085,-28.863,-38.995,-41.168,-30.329,-242.92,-251.206,-215.382,-243.538,-252.45,-215.709,-0.618,-1.244,-0.327,,-0.000618,-0.001244,-0.000327,,-8.816,-28.891,-9.13,-28.419,,-299.132,-58.565,-299.105,-59.096,,0.027,-0.531,,-9.329,-26.701,-9.305,-26.864,,-298.587,-52.725,-298.638,-52.182,,-0.051,0.543
1731,-29.238,-7.166,11.208,-29.868,-6.723,10.934,-272.158,-258.372,-204.174,-273.406,-259.173,-204.775,-1.248,-0.801,-0.601,,-0.001248,-0.000801,-0.000601,,-9.159,4.695,-8.856,4.877,,-308.291,-53.87,-307.961,-54.219,,0.33,-0.349,,-8.679,-18.102,-8.731,-18.565,,-307.266,-70.827,-307.369,-70.747,,-0.103,0.08
1732,26.336,6.52,-37.014,27.221,4.278,-36.23,-245.822,-251.852,-241.188,-246.185,-254.895,-241.005,-0.363,-3.043,0.183,,-0.000363,-0.003043,0.000183,,-6.892,15.767,-7.186,13.506,,-315.183,-38.103,-315.147,-40.713,,0.036,-2.61,,-9.042,37.254,-8.926,37.983,,-316.308,-33.573,-316.295,-32.764,,0.013,0.809
1733,-35.357,-38.485,11.912,-35.192,-35.577,10.093,-281.179,-290.337,-229.276,-281.377,-290.472,-230.912,-0.198,-0.135,-1.636,,-0.000198,-0.000135,-0.001636,,-9.263,-28.027,-9.02,-25.743,,-324.446,-66.13,-324.167,-66.456,,0.279,-0.326,,-8.521,-25.653,-8.569,-25.492,,-324.829,-59.226,-324.864,-58.256,,-0.035,0.97
1734,-24.992,-3.211,-29.854,-25.844,-1.728,-28.904,-306.171,-293.548,-259.13,-307.221,-292.2,-259.816,-1.05,1.348,-0.686,,-0.00105,0.001348,-0.000686,,-9.583,6.931,-9.533,7.987,,-334.029,-59.199,-333.7,-58.469,,0.329,0.73,,-9.065,-15.658,-9.005,-16.552,,-333.894,-74.884,-333.869,-74.808,,0.025,0.076
1735,28.081,0.286,-4.436,28.446,-1.796,-4.905,-278.09,-293.262,-263.566,-278.775,-293.996,-264.721,-0.685,-0.734,-1.155,,-0.000685,-0.000734,-0.001155,,-9.048,11.381,-8.801,8.432,,-343.077,-47.818,-342.501,-50.037,,0.576,-2.219,,-7.486,37.149,-7.385,37.339,,-341.38,-37.735,-341.254,-37.469,,0.126,0.266
1736,-38.028,-33.212,-23.912,-37.716,-30.789,-24.339,-316.118,-326.474,-287.478,-316.491,-324.785,-289.06,-0.373,1.689,-1.582,,-0.000373,0.001689,-0.001582,,-8.531,-21.61,-8.944,-19.736,,-351.608,-69.428,-351.445,-69.773,,0.163,-0.345,,-8.51,-27.245,-8.626,-26.409,,-349.89,-64.98,-349.88,-63.878,,0.01,1.102
1737,-27.569,-7.254,9.256,-28.449,-6.136,9.808,-343.687,-333.728,-278.222,-344.94,-330.921,-279.252,-1.253,2.807,-1.03,,-0.001253,0.002807,-0.00103,,-8.841,4.277,-8.623,5.52,,-360.449,-65.151,-360.068,-64.253,,0.381,0.898,,-8.242,-15.853,-8.331,-16.754,,-358.132,-80.833,-358.211,-80.632,,-0.079,0.201
1738,25.295,1.902,-30.547,25.696,-1.355,-29.683,-318.392,-331.826,-308.769,-319.244,-332.276,-308.935,-0.852,-0.45,-0.166,,-0.000852,-0.00045,-0.000166,,-8.364,12.64,-8.699,10.093,,-368.813,-52.511,-368.767,-54.16,,0.046,-1.649,,-8.703,36.408,-8.567,36.676,,-366.835,-44.425,-366.778,-43.956,,0.057,0.469
1739,-38.024,-36.903,-6.209,-38.153,-35.99,-9.009,-356.416,-368.729,-314.978,-357.397,-368.266,-317.944,-0.981,0.463,-2.966,,-0.000981,0.000463,-0.002966,,-9.24,-24.422,-8.899,-23.599,,-378.053,-76.933,-377.666,-77.759,,0.387,-0.826,,-6.721,-27.722,-6.892,-27.59,,-373.556,-72.147,-373.67,-71.546,,-0.114,0.601
1740,-29.978,-3.83,-19.621,-29.573,-2.739,-15.409,-386.394,-372.559,-334.599,-386.97,-371.005,-333.353,-0.576,1.554,1.246,,-0.000576,0.001554,0.001246,,-8.396,7.074,-8.59,8.446,,-386.449,-69.859,-386.256,-69.313,,0.193,0.546,,-10.401,-17.074,-10.372,-16.783,,-383.957,-89.221,-384.042,-88.329,,-0.085,0.892
1741,30.202,0.513,4.346,29.788,-1.787,0.542,-356.192,-372.046,-330.253,-357.182,-372.792,-332.811,-0.99,-0.746,-2.558,,-0.00099,-0.000746,-0.002558,,-8.552,11.825,-8.253,9.498,,-395.001,-58.034,-394.509,-59.815,,0.492,-1.781,,-9.274,42.299,-9.347,41.712,,-393.231,-46.922,-393.389,-46.617,,-0.158,0.305
1742,-42.043,-36.657,-38.847,-42.025,-37.713,-36.007,-398.235,-408.703,-369.1,-399.207,-410.505,-368.818,-0.972,-1.802,0.282,,-0.000972,-0.001802,0.000282,,-9.573,-24.518,-9.859,-24.953,,-404.574,-82.552,-404.368,-84.768,,0.206,-2.216,,-8.78,-31.027,-8.707,-31.236,,-402.011,-77.949,-402.096,-77.853,,-0.085,0.096
1743,-30.669,-8.393,14.673,-30.035,-5.232,13.811,-428.904,-417.096,-354.427,-429.242,-415.737,-355.007,-0.338,1.359,-0.58,,-0.000338,0.001359,-0.00058,,-9.181,5.774,-9.009,8.932,,-413.755,-76.778,-413.377,-75.836,,0.378,0.942,,-8.717,-17.726,-8.794,-17.019,,-410.728,-95.675,-410.89,-94.872,,-0.162,0.803
1744,30.196,-0.613,-38.459,30.134,-2.797,-37.276,-398.708,-417.709,-392.886,-399.108,-418.534,-392.283,-0.4,-0.825,0.603,,-0.0004,-0.000825,0.000603,,-8.784,13.609,-9.079,11.609,,-422.539,-63.169,-422.456,-64.227,,0.083,-1.058,,-9.158,43.825,-9.011,43.65,,-419.886,-51.85,-419.901,-51.222,,-0.015,0.628
1745,-44.409,-42.688,7.987,-44.625,-42.92,6.005,-443.117,-460.397,-384.899,-443.733,-461.454,-386.278,-0.616,-1.057,-1.379,,-0.000616,-0.001057,-0.001379,,-8.323,-28.479,-8.06,-29.404,,-430.862,-91.648,-430.516,-93.631,,0.346,-1.983,,-8.781,-30.397,-8.843,-30.761,,-428.667,-82.247,-428.744,-81.983,,-0.077,0.264
1746,-35.317,-4.817,-22.063,-34.571,-0.67,-19.571,-478.434,-465.214,-406.962,-478.304,-462.124,-405.849,0.13,3.09,1.113,,0.00013,0.00309,0.001113,,-9.37,9.632,-9.256,12.452,,-440.232,-82.016,-439.772,-81.179,,0.46,0.837,,-9.407,-20.524,-9.328,-20.285,,-438.074,-102.771,-438.072,-102.268,,0.002,0.503
1747,29.4,-2.59,-7.699,30.492,-3.185,-8.881,-449.034,-467.804,-414.661,-447.812,-465.309,-414.73,1.222,2.495,-0.069,,0.001222,0.002495,-6.9E-05,,-7.8,11.651,-7.6,10.309,,-448.032,-70.365,-447.372,-70.87,,0.66,-0.505,,-8.513,44.463,-8.648,45.153,,-446.587,-58.308,-446.72,-57.115,,-0.133,1.193
1748,-45.177,-42.173,-23.859,-45.273,-42.748,-23.316,-494.211,-509.977,-438.52,-493.085,-508.057,-438.046,1.126,1.92,0.474,,0.001126,0.00192,0.000474,,-8.925,-24.856,-9.2,-25.904,,-456.957,-95.221,-456.572,-96.774,,0.385,-1.553,,-7.586,-29.004,-7.565,-29.81,,-454.173,-87.312,-454.285,-86.925,,-0.112,0.387
1749,-37.579,-11.239,8.143,-37.477,-8.709,6.937,-531.79,-521.216,-430.377,-530.562,-516.766,-431.109,1.228,4.45,-0.732,,0.001228,0.00445,-0.000732,,-9.17,6.876,-9.019,8.689,,-466.127,-88.345,-465.591,-88.085,,0.536,0.26,,-8.825,-18.908,-8.894,-19.415,,-462.998,-106.22,-463.179,-106.34,,-0.181,-0.12
1750,21.031,-3.159,-38.847,22.889,-4.213,-36.692,-510.759,-524.375,-469.224,-507.673,-520.979,-467.801,3.086,3.396,1.423,,0.003086,0.003396,0.001423,,-9.192,13.995,-9.454,13.104,,-475.319,-74.35,-475.045,-74.981,,0.274,-0.631,,-9.124,39.111,-9.027,40.228,,-472.122,-67.109,-472.206,-66.112,,-0.084,0.997
1751,-40.988,-44.719,3.264,-41.404,-45.624,-0.958,-551.747,-569.094,-465.96,-549.077,-566.603,-468.759,2.67,2.491,-2.799,,0.00267,0.002491,-0.002799,,-8.946,-27.836,-8.865,-28.631,,-484.265,-102.186,-483.91,-103.612,,0.355,-1.426,,-9.088,-23.574,-9.001,-24.251,,-481.21,-90.683,-481.207,-90.363,,0.003,0.32
1752,-38.581,-7.914,-28.801,-39.109,-8.026,-23.78,-590.328,-577.008,-494.761,-588.186,-574.629,-492.539,2.142,2.379,2.222,,0.002142,0.002379,0.002222,,-7.192,8.586,-7.37,8.966,,-491.457,-93.6,-491.28,-94.646,,0.177,-1.046,,-8.37,-20.907,-8.295,-21.039,,-489.58,-111.59,-489.502,-111.402,,0.078,0.188
1753,19.728,-7.211,1.949,19.606,-6.85,-2.098,-570.6,-584.219,-492.812,-568.58,-581.479,-494.637,2.02,2.74,-1.825,,0.00202,0.00274,-0.001825,,-9.158,11.503,-8.809,11.755,,-500.615,-82.097,-500.089,-82.891,,0.526,-0.794,,-8.737,38.297,-8.803,38.907,,-498.317,-73.293,-498.305,-72.495,,0.012,0.798
1754,-40.956,-42.221,-44.193,-41.588,-43.163,-42.659,-611.556,-626.44,-537.005,-610.168,-624.642,-537.296,1.388,1.798,-0.291,,0.001388,0.001798,-0.000291,,-9.188,-25.135,-9.515,-25.112,,-509.803,-107.232,-509.604,-108.003,,0.199,-0.771,,-8.891,-23.859,-8.869,-23.613,,-507.208,-97.152,-507.174,-96.108,,0.034,1.044
1755,-33.14,-9.53,3.3,-34.457,-9.767,2.674,-644.696,-635.97,-533.705,-644.625,-634.409,-534.622,0.071,1.561,-0.917,,7.1E-05,0.001561,-0.000917,,-8.954,5.143,-8.67,5.433,,-518.757,-102.089,-518.274,-102.57,,0.483,-0.481,,-7.645,-19.846,-7.727,-20.451,,-514.853,-116.998,-514.901,-116.559,,-0.048,0.439
1756,25.864,0.177,-39.075,25.127,-1.533,-37.466,-618.832,-635.793,-572.78,-619.498,-635.942,-572.088,-0.666,-0.149,0.692,,-0.000666,-0.000149,0.000692,,-9.33,15.09,-9.679,14.816,,-528.087,-86.999,-527.953,-87.754,,0.134,-0.755,,-8.404,39.169,-8.454,39.058,,-523.257,-77.829,-523.355,-77.501,,-0.098,0.328
1757,-39.569,-41.121,-7.588,-39.839,-41.399,-9.81,-658.401,-676.914,-580.368,-659.337,-677.341,-581.898,-0.936,-0.427,-1.53,,-0.000936,-0.000427,-0.00153,,-8.414,-27.143,-8.201,-26.808,,-536.501,-114.142,-536.154,-114.562,,0.347,-0.42,,-7.169,-26.863,-7.197,-26.484,,-530.426,-104.692,-530.552,-103.985,,-0.126,0.707
1758,-34.878,-7.065,-28.806,-35.284,-7.491,-26.43,-693.279,-683.979,-609.174,-694.621,-684.832,-608.328,-1.342,-0.853,0.846,,-0.001342,-0.000853,0.000846,,-9.073,7.132,-9.157,7.332,,-545.574,-107.01,-545.311,-107.23,,0.263,-0.22,,-10.258,-19.604,-10.113,-19.947,,-540.684,-124.296,-540.665,-123.932,,0.019,0.364
1759,29.836,2.305,-15.202,29.963,0.719,-17.123,-663.443,-681.674,-624.376,-664.658,-684.113,-625.451,-1.215,-2.439,-1.075,,-0.001215,-0.002439,-0.001075,,-8.873,14.253,-8.768,13.146,,-554.447,-92.757,-554.079,-94.084,,0.368,-1.327,,-9.079,43.127,-8.96,43.189,,-549.763,-81.169,-549.625,-80.743,,0.138,0.426
1760,-44.009,-39.601,-32.462,-43.907,-38.995,-31.215,-707.452,-721.275,-656.838,-708.565,-723.108,-656.666,-1.113,-1.833,0.172,,-0.001113,-0.001833,0.000172,,-8.364,-25.743,-8.538,-24.955,,-562.811,-118.5,-562.617,-119.039,,0.194,-0.539,,-8.063,-31.467,-8.083,-31.429,,-557.826,-112.636,-557.708,-112.172,,0.118,0.464
1761,-30.981,-9.154,10.135,-29.992,-7.837,9.14,-738.433,-730.429,-646.703,-738.557,-730.945,-647.526,-0.124,-0.516,-0.823,,-0.000124,-0.000516,-0.000823,,-9.365,6.238,-9.072,6.742,,-572.176,-112.262,-571.689,-112.297,,0.487,-0.035,,-9.059,-16.01,-8.764,-15.555,,-566.885,-128.646,-566.472,-127.727,,0.413,0.919
1762,26.394,0.058,-41.795,26.392,-1.871,-39.879,-712.039,-730.371,-688.498,-712.165,-732.816,-687.405,-0.126,-2.445,1.093,,-0.000126,-0.002445,0.001093,,-8.652,14.444,-8.967,12.345,,-580.828,-97.818,-580.656,-99.952,,0.172,-2.134,,-8.394,40.128,-8.589,39.942,,-575.279,-88.518,-575.061,-87.785,,0.218,0.733
1763,-42.355,-41.151,1.448,-42.428,-38.948,-1.233,-754.394,-771.522,-687.05,-754.593,-771.764,-688.638,-0.199,-0.242,-1.588,,-0.000199,-0.000242,-0.001588,,-8.645,-28.268,-8.626,-26.579,,-589.473,-126.086,-589.282,-126.531,,0.191,-0.445,,-8.594,-28.561,-8.421,-29.214,,-583.873,-117.079,-583.482,-116.999,,0.391,0.08
1764,-28.809,-3.842,-28.969,-28.553,-2.657,-25.842,-783.203,-775.364,-716.019,-783.146,-774.421,-714.48,0.057,0.943,1.539,,5.7E-05,0.000943,0.001539,,-8.701,9.718,-8.799,10.614,,-598.174,-116.368,-598.081,-115.917,,0.093,0.451,,-8.639,-16.774,-8.658,-16.606,,-592.512,-133.853,-592.14,-133.605,,0.372,0.248
1765,24.369,-3.952,-3.325,25.137,-5.344,-5.309,-758.834,-779.316,-719.344,-758.009,-779.765,-719.789,0.825,-0.449,-0.445,,0.000825,-0.000449,-0.000445,,-8.682,10.484,-8.451,8.09,,-606.856,-105.884,-606.532,-107.827,,0.324,-1.943,,-8.795,39.05,-8.577,39.607,,-601.307,-94.803,-600.717,-93.998,,0.59,0.805
1766,-40.739,-38.505,-32.611,-41.454,-37.65,-33.043,-799.573,-817.821,-751.955,-799.463,-817.415,-752.832,0.11,0.406,-0.877,,0.00011,0.000406,-0.000877,,-8.685,-23.392,-8.873,-22.241,,-615.541,-129.276,-615.405,-130.068,,0.136,-0.792,,-8.252,-27.045,-8.539,-27.448,,-609.559,-121.848,-609.256,-121.446,,0.303,0.402
1767,-33.73,-7.483,-2.015,-33.706,-5.696,-1.371,-833.303,-825.304,-753.97,-833.169,-823.111,-754.203,0.134,2.193,-0.233,,0.000134,0.002193,-0.000233,,-7.89,5.588,-7.801,7.178,,-623.431,-123.688,-623.206,-122.89,,0.225,0.798,,-8.625,-18.68,-8.748,-18.722,,-618.184,-140.528,-618.004,-140.168,,0.18,0.36
1768,25.717,-0.58,-32.379,26.557,-3.364,-32.27,-807.586,-825.884,-786.349,-806.612,-826.475,-786.473,0.974,-0.591,-0.124,,0.000974,-0.000591,-0.000124,,-8.68,14.269,-9.148,11.553,,-632.111,-109.419,-632.354,-111.337,,-0.243,-1.918,,-8.793,39.671,-8.809,40.27,,-626.977,-100.857,-626.813,-99.898,,0.164,0.959
1769,-41.794,-39.615,-6.984,-41.74,-38.791,-8.449,-849.38,-865.499,-793.333,-848.352,-865.266,-794.922,1.028,0.233,-1.589,,0.001028,0.000233,-0.001589,,-8.891,-24.227,-8.787,-23.267,,-641.002,-133.646,-641.141,-134.604,,-0.139,-0.958,,-8.744,-26.024,-8.534,-26.332,,-635.721,-126.881,-635.347,-126.23,,0.374,0.651
1770,-37.008,-10.484,-29.387,-37.621,-9.476,-24.93,-886.388,-875.983,-822.72,-885.973,-874.742,-819.852,0.415,1.241,2.868,,0.000415,0.001241,0.002868,,-8.794,5.805,-8.879,7.471,,-649.796,-127.841,-650.02,-127.133,,-0.224,0.708,,-8.364,-21.617,-8.473,-22.083,,-644.085,-148.498,-643.82,-148.313,,0.265,0.185
1771,26.394,-4.852,-6.969,26.967,-6.89,-9.797,-859.994,-880.835,-829.689,-859.006,-881.632,-829.649,0.988,-0.797,0.04,,0.000988,-0.000797,4E-05,,-8.373,11.795,-8.433,9.603,,-658.169,-116.046,-658.453,-117.53,,-0.284,-1.484,,-8.234,43.44,-8.435,44.098,,-652.319,-105.058,-652.255,-104.215,,0.064,0.843
1772,-46.013,-39.625,-39.985,-45.54,-40.283,-37.578,-906.007,-920.46,-869.674,-904.546,-921.915,-867.227,1.461,-1.455,2.447,,0.001461,-0.001455,0.002447,,-7.738,-23.134,-7.901,-23.711,,-665.907,-139.18,-666.354,-141.241,,-0.447,-2.061,,-8.99,-28.403,-8.71,-28.707,,-661.309,-133.461,-660.965,-132.922,,0.344,0.539
1773,-38.425,-12.743,7.93,-38.538,-9.505,7.524,-944.432,-933.203,-861.744,-943.084,-931.42,-859.703,1.348,1.783,2.041,,0.001348,0.001783,0.002041,,-8.307,4.889,-8.333,7.92,,-674.214,-134.291,-674.687,-133.321,,-0.473,0.97,,-8.858,-19.993,-9.408,-20.116,,-670.167,-153.454,-670.373,-153.038,,-0.206,0.416
1774,23.045,-7.397,-47.245,23.476,-8.426,-47.728,-921.387,-940.6,-908.989,-919.608,-939.846,-907.431,1.779,0.754,1.558,,0.001779,0.000754,0.001558,,-9.171,12.864,-9.045,11.091,,-683.385,-121.427,-683.732,-122.23,,-0.347,-0.803,,-8.736,41.653,-8.625,41.301,,-678.903,-111.801,-678.998,-111.737,,-0.095,0.064
1775,-48.142,-47.359,-7.738,-46.72,-47.454,-9.34,-969.529,-987.959,-916.727,-966.328,-987.3,-916.771,3.201,0.659,-0.044,,0.003201,0.000659,-4.4E-05,,-8.481,-27.134,-8.828,-28.131,,-691.866,-148.561,-692.56,-150.361,,-0.694,-1.8,,-9.136,-26.991,-9.156,-26.353,,-688.039,-138.792,-688.154,-138.09,,-0.115,0.702
1776,-41.335,-9.3,-25.772,-41.208,-6.136,-26.368,-1010.864,-997.259,-942.499,-1007.536,-993.436,-943.139,3.328,3.823,-0.64,,0.003328,0.003823,-0.00064,,-8.787,11.085,-8.757,13.397,,-700.653,-137.476,-701.317,-136.964,,-0.664,0.512,,-8.475,-21.114,-8.44,-20.84,,-696.514,-159.906,-696.594,-158.93,,-0.08,0.976
1777,20.933,-12.024,-9.78,19.886,-12.77,-11.409,-989.931,-1009.283,-952.279,-987.65,-1006.206,-954.548,2.281,3.077,-2.269,,0.002281,0.003077,-0.002269,,-8.04,8.333,-8.079,7.185,,-708.693,-129.143,-709.396,-129.779,,-0.703,-0.636,,-8.938,41.877,-8.981,41.068,,-705.452,-118.029,-705.575,-117.862,,-0.123,0.167
1778,-48.665,-48.494,-34.97,-48.759,-49.55,-37.164,-1038.596,-1057.777,-987.249,-1036.409,-1055.756,-991.712,2.187,2.021,-4.463,,0.002187,0.002021,-0.004463,,-9.499,-24.693,-9.445,-25.647,,-718.192,-153.836,-718.841,-155.426,,-0.649,-1.59,,-8.48,-26.73,-8.644,-26.242,,-713.932,-144.759,-714.219,-144.104,,-0.287,0.655
1779,-42.57,-13.595,-4.077,-42.911,-12.07,-4.307,-1081.166,-1071.372,-991.326,-1079.32,-1067.826,-996.019,1.846,3.546,-4.693,,0.001846,0.003546,-0.004693,,-8.78,9.923,-8.534,11.8,,-726.972,-143.913,-727.375,-143.626,,-0.403,0.287,,-9.016,-18.539,-8.839,-18.497,,-722.948,-163.298,-723.058,-162.601,,-0.11,0.697
1780,13.612,-12.242,-40.378,12.885,-13.598,-39.697,-1067.554,-1083.614,-1031.704,-1066.435,-1081.424,-1035.716,1.119,2.19,-4.012,,0.001119,0.00219,-0.004012,,-8.534,10.411,-8.314,9.459,,-735.506,-133.502,-735.689,-134.167,,-0.183,-0.665,,-8.465,36.713,-8.513,36.54,,-731.413,-126.585,-731.571,-126.061,,-0.158,0.524
1781,-44.029,-48.976,0.647,-45.744,-50.997,-1.096,-1111.583,-1132.59,-1031.057,-1112.179,-1132.421,-1036.812,-0.596,0.169,-5.755,,-0.000596,0.000169,-0.005755,,-8.175,-27.436,-8.374,-28.428,,-743.681,-160.938,-744.063,-162.595,,-0.382,-1.657,,-7.933,-23.999,-7.806,-24.51,,-739.346,-150.584,-739.377,-150.571,,-0.031,0.013
1782,-40.474,-11.71,-36.816,-40.621,-10.934,-30.427,-1152.057,-1144.3,-1067.873,-1152.8,-1143.355,-1067.239,-0.743,0.945,0.634,,-0.000743,0.000945,0.000634,,-9.23,11.253,-8.417,12.077,,-752.911,-149.685,-752.48,-150.518,,0.431,-0.833,,-9.056,-18.847,-9.145,-18.045,,-748.402,-169.431,-748.522,-168.616,,-0.12,0.815
1783,14.773,-10.216,-6.516,14.974,-12.13,-8.697,-1137.284,-1154.516,-1074.389,-1137.826,-1155.485,-1075.936,-0.542,-0.969,-1.547,,-0.000542,-0.000969,-0.001547,,-8.201,10.474,-9.17,10.637,,-761.112,-139.211,-761.65,-139.881,,-0.538,-0.67,,-9.082,36.39,-9.059,36.784,,-757.484,-133.041,-757.581,-131.832,,-0.097,1.209
1784,-44.834,-49.577,-39.296,-46.311,-49.475,-37.792,-1182.118,-1204.093,-1113.685,-1184.137,-1204.96,-1113.728,-2.019,-0.867,-0.043,,-0.002019,-0.000867,-4.3E-05,,-8.817,-27.714,-8.745,-27.683,,-769.929,-166.925,-770.395,-167.564,,-0.466,-0.639,,-8.603,-23.568,-8.508,-25.391,,-766.087,-156.609,-766.089,-157.223,,-0.002,-0.614
1785,-37.596,-9.448,3.32,-35.02,-8.499,4.671,-1219.714,-1213.541,-1110.365,-1219.157,-1213.459,-1109.057,0.557,0.082,1.308,,0.000557,8.2E-05,0.001308,,-7.998,8.774,-7.769,8.755,,-777.927,-158.151,-778.164,-158.809,,-0.237,-0.658,,-8.81,-17.593,-8.765,-16.16,,-774.897,-174.202,-774.854,-173.383,,0.043,0.819
1786,18.126,-3.325,-42.631,18.478,-3.003,-42.197,-1201.588,-1216.866,-1152.996,-1200.679,-1216.462,-1151.254,0.909,0.404,1.742,,0.000909,0.000404,0.001742,,-8.479,16.493,-8.617,16.277,,-786.406,-141.658,-786.781,-142.532,,-0.375,-0.874,,-8.643,37.326,-8.685,37.528,,-783.54,-136.876,-783.539,-135.855,,0.001,1.021
1787,-45.249,-50.49,-11.287,-45.218,-49.418,-13.824,-1246.837,-1267.356,-1164.283,-1245.897,-1265.88,-1165.078,0.94,1.476,-0.795,,0.00094,0.001476,-0.000795,,-9.14,-32.015,-8.811,-31.358,,-795.546,-173.673,-795.592,-173.89,,-0.046,-0.217,,-9.024,-26.398,-8.564,-27.481,,-792.564,-163.274,-792.103,-163.336,,0.461,-0.062
1788,-36.343,-7.757,-30.131,-35.455,-7.108,-26.006,-1283.18,-1275.113,-1194.414,-1281.352,-1272.988,-1191.084,1.828,2.125,3.33,,0.001828,0.002125,0.00333,,-9.447,10.32,-9.252,10.32,,-804.993,-163.353,-804.844,-163.57,,0.149,-0.217,,-8.736,-18.958,-8.906,-18.261,,-801.3,-182.232,-801.009,-181.597,,0.291,0.635
1789,24.611,0.096,-11.119,24.084,-1.065,-15.887,-1258.569,-1275.017,-1205.533,-1257.268,-1274.053,-1206.971,1.301,0.964,-1.438,,0.001301,0.000964,-0.001438,,-8.721,15.751,-8.864,14.651,,-813.714,-147.602,-813.708,-148.919,,0.006,-1.317,,-8.737,40.897,-9.063,41.525,,-810.037,-141.335,-810.072,-140.072,,-0.035,1.263
1790,-47.251,-47.287,-38.881,-49.088,-46.704,-36.686,-1305.82,-1322.304,-1244.414,-1306.356,-1320.757,-1243.657,-0.536,1.547,0.757,,-0.000536,0.001547,0.000757,,-9.141,-29.618,-9.144,-28.776,,-822.855,-177.22,-822.852,-177.695,,0.003,-0.475,,-8.758,-30.931,-8.98,-31.546,,-818.795,-172.266,-819.052,-171.618,,-0.257,0.648
1791,-32.808,-11.229,1.936,-34.716,-11.676,0.052,-1338.628,-1333.533,-1242.478,-1341.072,-1332.433,-1243.605,-2.444,1.1,-1.127,,-0.002444,0.0011,-0.001127,,-8.528,6.602,-8.354,6.599,,-831.383,-170.618,-831.206,-171.096,,0.177,-0.478,,-8.546,-15.212,-8.11,-16.048,,-827.341,-187.478,-827.162,-187.666,,0.179,-0.188
1792,21.622,-1.543,-42.723,20.622,-4.513,-40.386,-1317.006,-1335.076,-1285.201,-1320.45,-1336.946,-1283.991,-3.444,-1.87,1.21,,-0.003444,-0.00187,0.00121,,-8.646,17.391,-9.149,15.586,,-840.029,-153.227,-840.355,-155.51,,-0.326,-2.283,,-9.019,40.664,-9.475,41.666,,-836.36,-146.814,-836.637,-146,,-0.277,0.814
1793,-48.498,-48.413,1.579,-48.599,-46.847,-1.601,-1365.504,-1383.489,-1283.622,-1369.049,-1383.793,-1285.592,-3.545,-0.304,-1.97,,-0.003545,-0.000304,-0.00197,,-8.48,-30.237,-8.428,-28.54,,-848.509,-183.464,-848.783,-184.05,,-0.274,-0.586,,-8.51,-29.7,-8.295,-29.756,,-844.87,-176.514,-844.932,-175.756,,-0.062,0.758
1794,-35.201,-11.482,-35.652,-35.931,-10.391,-33.242,-1400.705,-1394.971,-1319.274,-1404.98,-1394.184,-1318.834,-4.275,0.787,0.44,,-0.004275,0.000787,0.00044,,-8.728,7.164,-8.888,8.191,,-857.237,-176.3,-857.671,-175.859,,-0.434,0.441,,-8.775,-16.236,-9.151,-17.263,,-853.645,-192.75,-854.083,-193.019,,-0.438,-0.269
1795,19.208,-5.239,-10.109,20.969,-7.722,-13.114,-1381.497,-1400.21,-1329.383,-1384.011,-1401.906,-1331.948,-2.514,-1.696,-2.565,,-0.002514,-0.001696,-0.002565,,-8.642,13.416,-8.762,11.104,,-865.879,-162.884,-866.433,-164.755,,-0.554,-1.871,,-8.951,38.732,-8.788,39.929,,-862.596,-154.018,-862.871,-153.09,,-0.275,0.928
1796,-49.801,-46.518,-36.131,-48.435,-43.985,-36.103,-1431.298,-1446.728,-1365.514,-1432.446,-1445.891,-1368.051,-1.148,0.837,-2.537,,-0.001148,0.000837,-0.002537,,-9.559,-24.258,-9.204,-22.639,,-875.438,-187.142,-875.637,-187.394,,-0.199,-0.252,,-9.013,-28.163,-8.425,-28.082,,-871.609,-182.181,-871.296,-181.172,,0.313,1.009
1797,-38.132,-16.52,-2.219,-38.247,-15.354,-2.552,-1469.43,-1463.248,-1367.733,-1470.693,-1461.245,-1370.603,-1.263,2.003,-2.87,,-0.001263,0.002003,-0.00287,,-8.779,4.036,-8.652,5.267,,-884.217,-183.106,-884.289,-182.127,,-0.072,0.979,,-8.21,-16.912,-8.742,-17.28,,-879.819,-199.093,-880.038,-198.452,,-0.219,0.641
1798,17.726,-5.168,-41.639,17.908,-7.919,-41.193,-1451.704,-1468.416,-1409.372,-1452.785,-1469.164,-1411.796,-1.081,-0.748,-2.424,,-0.001081,-0.000748,-0.002424,,-9.104,15.104,-8.74,11.922,,-893.321,-168.002,-893.029,-170.205,,0.292,-2.203,,-8.201,37.941,-8.364,37.678,,-888.02,-161.152,-888.402,-160.774,,-0.382,0.378
1799,-45.424,-43.871,-14.854,-44.596,-42.859,-18.343,-1497.128,-1512.287,-1424.226,-1497.381,-1512.023,-1430.139,-0.253,0.264,-5.913,,-0.000253,0.000264,-0.005913,,-8.856,-23.8,-9.104,-22.184,,-902.177,-191.802,-902.133,-192.389,,0.044,-0.587,,-9.309,-25.066,-9.178,-24.955,,-897.329,-186.218,-897.58,-185.729,,-0.251,0.489
1800,-42.941,-17.452,-31.924,-42.113,-15.461,-27.234,-1540.069,-1529.739,-1456.15,-1539.494,-1527.484,-1457.373,0.575,2.255,-1.223,,0.000575,0.002255,-0.001223,,-8.725,4.206,-8.689,5.71,,-910.902,-187.596,-910.822,-186.679,,0.08,0.917,,-9.499,-20.595,-9.61,-20.39,,-906.828,-206.813,-907.19,-206.119,,-0.362,0.694
1801,21.116,-8.945,-11.203,21.791,-12.089,-12.811,-1518.953,-1538.684,-1467.353,-1517.703,-1539.573,-1470.184,1.25,-0.889,-2.831,,0.00125,-0.000889,-0.002831,,-7.984,12.715,-8.605,9.607,,-918.886,-174.881,-919.427,-177.072,,-0.541,-2.191,,-7.993,44.02,-8.149,43.553,,-914.821,-162.793,-915.339,-162.566,,-0.518,0.227
1802,-55.36,-45.786,-46.126,-53.847,-44.011,-43.231,-1574.313,-1584.47,-1513.479,-1571.55,-1583.584,-1513.415,2.763,0.886,0.064,,0.002763,0.000886,6.4E-05,,-9.395,-23.045,-8.664,-23.08,,-928.281,-197.926,-928.091,-200.152,,0.19,-2.226,,-9.878,-31.064,-9.487,-30.891,,-924.699,-193.857,-924.826,-193.457,,-0.127,0.4
1803,-40.314,-18.569,-2.547,-39.567,-14.68,-2.503,-1614.627,-1603.039,-1516.026,-1611.117,-1598.264,-1515.918,3.51,4.775,0.108,,0.00351,0.004775,0.000108,,-8.752,3.829,-9.057,7.484,,-937.033,-194.097,-937.148,-192.668,,-0.115,1.429,,-8.688,-18.169,-8.846,-17.539,,-933.387,-212.026,-933.672,-210.996,,-0.285,1.03
1804,19.516,-10.943,-49.338,18.641,-13.371,-47.728,-1595.111,-1613.982,-1565.364,-1592.476,-1611.635,-1563.646,2.635,2.347,1.718,,0.002635,0.002347,0.001718,,-9.253,13.355,-9.495,10.759,,-946.286,-180.742,-946.643,-181.909,,-0.357,-1.167,,-8.885,42.852,-9.28,42.233,,-942.272,-169.174,-942.952,-168.763,,-0.68,0.411
1805,-54.932,-50.324,-6.861,-54.045,-51.677,-8.738,-1650.043,-1664.306,-1572.225,-1646.521,-1663.312,-1572.384,3.522,0.994,-0.159,,0.003522,0.000994,-0.000159,,-9.05,-26.087,-8.682,-27.366,,-955.336,-206.829,-955.325,-209.275,,0.011,-2.446,,-9.262,-30.448,-8.481,-30.504,,-951.534,-199.622,-951.433,-199.267,,0.101,0.355
1806,-43.89,-14.99,-35.315,-45.055,-12.325,-33.655,-1693.933,-1679.296,-1607.54,-1691.576,-1675.637,-1606.039,2.357,3.659,1.501,,0.002357,0.003659,0.001501,,-9.296,10.582,-9.311,14.142,,-964.632,-196.247,-964.636,-195.133,,-0.004,1.114,,-9.061,-18.645,-9.333,-18.302,,-960.595,-218.267,-960.766,-217.569,,-0.171,0.698
1807,19.825,-15.229,-20.735,19.478,-16.508,-23.401,-1674.108,-1694.525,-1628.275,-1672.098,-1692.145,-1629.44,2.01,2.38,-1.165,,0.00201,0.00238,-0.001165,,-7.467,8.245,-6.975,6.85,,-972.099,-188.002,-971.611,-188.283,,0.488,-0.281,,-8.796,43.281,-7.952,43.445,,-969.391,-174.986,-968.718,-174.124,,0.673,0.862
1808,-53.058,-48.744,-33.822,-54.76,-51.564,-36.761,-1727.166,-1743.269,-1662.097,-1726.858,-1743.709,-1666.201,0.308,-0.44,-4.104,,0.000308,-0.00044,-0.004104,,-9.313,-24.175,-9.742,-25.924,,-981.412,-212.177,-981.353,-214.207,,0.059,-2.03,,-7.975,-30.01,-9.144,-30.568,,-977.366,-204.996,-977.862,-204.692,,-0.496,0.304
1809,-40.718,-12.273,-8.544,-40.53,-10.759,-6.744,-1767.884,-1755.542,-1670.641,-1767.388,-1754.468,-1672.945,0.496,1.074,-2.304,,0.000496,0.001074,-0.002304,,-8.944,9.951,-9.027,12.804,,-990.356,-202.226,-990.38,-201.403,,-0.024,0.823,,-9.104,-18.084,-8.856,-17.952,,-986.47,-223.08,-986.718,-222.644,,-0.248,0.436
1810,16.903,-11.632,-43.694,17.35,-13.516,-46.401,-1750.981,-1767.174,-1714.335,-1750.038,-1767.984,-1719.346,0.943,-0.81,-5.011,,0.000943,-0.00081,-0.005011,,-8.956,9.908,-8.982,8.848,,-999.312,-192.318,-999.362,-192.555,,-0.05,-0.237,,-8.776,38.615,-8.979,39.326,,-995.246,-184.465,-995.697,-183.318,,-0.451,1.147
1811,-43.511,-46.039,-8.93,-44.431,-47.934,-8.906,-1794.492,-1813.213,-1723.265,-1794.469,-1815.918,-1728.252,0.023,-2.705,-4.987,,2.3E-05,-0.002705,-0.004987,,-8.596,-26.81,-8.529,-28.597,,-1007.908,-219.128,-1007.891,-221.152,,0.017,-2.024,,-8.133,-24.084,-8.235,-24.912,,-1003.379,-208.549,-1003.932,-208.23,,-0.553,0.319
1812,-41.813,-9.02,-37.22,-41.045,-6.674,-33.422,-1836.305,-1822.233,-1760.485,-1835.514,-1822.592,-1761.674,0.791,-0.359,-1.189,,0.000791,-0.000359,-0.001189,,-8.745,11.578,-8.75,13.175,,-1016.653,-207.55,-1016.641,-207.977,,0.012,-0.427,,-8.734,-21.933,-8.715,-22.031,,-1012.113,-230.482,-1012.647,-230.261,,-0.534,0.221
1813,19.503,-10.124,-2.836,20.182,-11.092,-5.629,-1816.802,-1832.357,-1763.321,-1815.332,-1833.684,-1767.303,1.47,-1.327,-3.982,,0.00147,-0.001327,-0.003982,,-7.795,9.353,-8.424,9.619,,-1024.448,-198.197,-1025.065,-198.358,,-0.617,-0.161,,-9.113,39.902,-8.787,40.584,,-1021.226,-190.58,-1021.434,-189.677,,-0.208,0.903
1814,-45.684,-48.757,-48.158,-47.763,-50.226,-43.443,-1862.486,-1881.114,-1811.479,-1863.095,-1883.91,-1810.746,-0.609,-2.796,0.733,,-0.000609,-0.002796,0.000733,,-8.893,-26.357,-8.344,-27.378,,-1033.341,-224.554,-1033.409,-225.736,,-0.068,-1.182,,-8.599,-23.867,-8.971,-24.61,,-1029.825,-214.447,-1030.405,-214.287,,-0.58,0.16
1815,-42.232,-14.404,-2.809,-42.83,-15.708,-1.928,-1904.718,-1895.518,-1814.288,-1905.925,-1899.618,-1812.674,-1.207,-4.1,1.614,,-0.001207,-0.0041,0.001614,,-8.479,7.489,-8.412,7.519,,-1041.82,-217.065,-1041.821,-218.217,,-0.001,-1.152,,-8.61,-20.202,-8.177,-19.93,,-1038.435,-234.649,-1038.582,-234.217,,-0.147,0.432
1816,17.493,-7.448,-39.469,16.344,-7.915,-38.195,-1887.225,-1902.966,-1853.757,-1889.581,-1907.533,-1850.869,-2.356,-4.567,2.888,,-0.002356,-0.004567,0.002888,,-8.594,15.055,-8.364,15.843,,-1050.414,-202.01,-1050.185,-202.374,,0.229,-0.364,,-8.212,38.322,-8.379,38.657,,-1046.647,-196.327,-1046.961,-195.56,,-0.314,0.767
1817,-46.891,-50.426,-11.467,-47.558,-51.885,-11.745,-1934.116,-1953.392,-1865.224,-1937.139,-1959.418,-1862.614,-3.023,-6.026,2.61,,-0.003023,-0.006026,0.00261,,-8.68,-28.25,-8.998,-27.903,,-1059.094,-230.26,-1059.183,-230.277,,-0.089,-0.017,,-8.987,-24.7,-8.643,-24.759,,-1055.634,-221.027,-1055.604,-220.319,,0.03,0.708
1818,-42.145,-15.016,-29.564,-42.37,-16.215,-28.283,-1976.261,-1968.408,-1894.788,-1979.509,-1975.633,-1890.897,-3.248,-7.225,3.891,,-0.003248,-0.007225,0.003891,,-9.368,8.476,-9.144,7.399,,-1068.462,-221.784,-1068.327,-222.878,,0.135,-1.094,,-8.866,-19.581,-8.618,-19.578,,-1064.5,-240.608,-1064.222,-239.897,,0.278,0.711
1819,17.636,-7.675,-16.216,17.673,-6.557,-16.869,-1958.625,-1976.083,-1911.004,-1961.836,-1982.19,-1907.766,-3.211,-6.107,3.238,,-0.003211,-0.006107,0.003238,,-8.407,13.8,-8.528,14.377,,-1076.869,-207.984,-1076.855,-208.501,,0.014,-0.517,,-8.422,39.484,-8.319,39.365,,-1072.922,-201.124,-1072.541,-200.532,,0.381,0.592
1820,-50.943,-49.383,-38.961,-51.995,-47.359,-40.485,-2009.568,-2025.466,-1949.965,-2013.831,-2029.549,-1948.251,-4.263,-4.083,1.714,,-0.004263,-0.004083,0.001714,,-8.898,-26.571,-8.102,-26.239,,-1085.767,-234.555,-1084.957,-234.74,,0.81,-0.185,,-8.346,-28.655,-9.654,-28.765,,-1081.268,-229.779,-1082.195,-229.297,,-0.927,0.482
1821,-40.005,-17.498,5.553,-39.57,-16.992,3.415,-2049.573,-2042.964,-1944.412,-2053.401,-2046.541,-1944.836,-3.828,-3.577,-0.424,,-0.003828,-0.003577,-0.000424,,-8.25,6.609,-8.496,5.946,,-1094.017,-227.946,-1093.453,-228.794,,0.564,-0.848,,-9.122,-14.703,-8.427,-15.037,,-1090.39,-244.482,-1090.622,-244.334,,-0.232,0.148
1822,9.779,-11.138,-51.447,11.082,-11.337,-49.996,-2039.794,-2054.102,-1995.859,-2042.319,-2057.878,-1994.832,-2.525,-3.776,1.027,,-0.002525,-0.003776,0.001027,,-8.276,14.473,-8.802,13.224,,-1102.293,-213.473,-1102.255,-215.57,,0.038,-2.097,,-8.795,36.858,-8.626,37.414,,-1099.185,-207.624,-1099.248,-206.92,,-0.063,0.704
1823,-55.39,-54.811,-5.898,-54.954,-51.862,-9.544,-2095.184,-2108.913,-2001.757,-2097.273,-2109.74,-2004.376,-2.089,-0.827,-2.619,,-0.002089,-0.000827,-0.002619,,-8.481,-28.715,-8.607,-26.645,,-1110.774,-242.188,-1110.862,-242.215,,-0.088,-0.027,,-8.453,-28.645,-8.239,-28.686,,-1107.638,-236.269,-1107.487,-235.606,,0.151,0.663
1824,-40.6,-15.47,-40.681,-40.437,-15.546,-37.702,-2135.784,-2124.383,-2042.438,-2137.71,-2125.286,-2042.078,-1.926,-0.903,0.36,,-0.001926,-0.000903,0.00036,,-8.194,9.666,-8.987,9.615,,-1118.968,-232.522,-1119.849,-232.6,,-0.881,-0.078,,-8.197,-14.443,-8.222,-14.836,,-1115.835,-250.712,-1115.709,-250.442,,0.126,0.27
1825,13.658,-15.063,-12.845,16.162,-15.857,-15.307,-2122.126,-2139.446,-2055.283,-2121.548,-2141.143,-2057.385,0.578,-1.697,-2.102,,0.000578,-0.001697,-0.002102,,-9.219,11.583,-8.468,9.252,,-1128.187,-220.939,-1128.317,-223.348,,-0.13,-2.409,,-8.496,38.726,-7.913,39.227,,-1124.331,-211.986,-1123.622,-211.215,,0.709,0.771
1826,-53.552,-50.753,-42.874,-53.223,-48.235,-41.544,-2175.678,-2190.199,-2098.157,-2174.771,-2189.378,-2098.929,0.907,0.821,-0.772,,0.000907,0.000821,-0.000772,,-8.734,-26.094,-8.579,-23.642,,-1136.921,-247.033,-1136.896,-246.99,,0.025,0.043,,-8.279,-29.133,-9.233,-29.328,,-1132.61,-241.119,-1132.855,-240.543,,-0.245,0.576
1827,-38.872,-15.204,-10.04,-38.049,-14.329,-10.729,-2214.55,-2205.403,-2108.197,-2212.82,-2203.707,-2109.658,1.73,1.696,-1.461,,0.00173,0.001696,-0.001461,,-8.437,7.867,-8.455,9.201,,-1145.358,-239.166,-1145.351,-237.789,,0.007,1.377,,-8.636,-16.184,-8.434,-16.115,,-1141.246,-257.303,-1141.289,-256.658,,-0.043,0.645
1828,18.822,-8.289,-42.085,18.907,-11.569,-42.206,-2195.728,-2213.692,-2150.282,-2193.913,-2215.276,-2151.864,1.815,-1.584,-1.582,,0.001815,-0.001584,-0.001582,,-8.569,12.839,-7.927,8.955,,-1153.927,-226.327,-1153.278,-228.834,,0.649,-2.507,,-8.462,40.168,-8.759,40.178,,-1149.708,-217.135,-1150.048,-216.48,,-0.34,0.655
1829,-49.561,-48.187,-10.696,-48.779,-46.099,-13.173,-2245.289,-2261.879,-2160.978,-2242.692,-2261.375,-2165.037,2.597,0.504,-4.059,,0.002597,0.000504,-0.004059,,-8.712,-26.069,-9.146,-24.099,,-1162.639,-252.396,-1162.424,-252.933,,0.215,-0.537,,-8.613,-28.926,-8.32,-28.998,,-1158.321,-246.061,-1158.368,-245.478,,-0.047,0.583
1830,-42.315,-14.628,-33.712,-41.999,-13.001,-32.347,-2287.604,-2276.507,-2194.69,-2284.691,-2274.376,-2197.384,2.913,2.131,-2.694,,0.002913,0.002131,-0.002694,,-8.232,7.579,-8.468,9.45,,-1170.871,-244.817,-1170.892,-243.483,,-0.021,1.334,,-8.407,-20.283,-8.299,-20.199,,-1166.728,-266.344,-1166.667,-265.677,,0.061,0.667
1831,21.842,-10.559,-11.554,21.784,-14.309,-11.972,-2265.762,-2287.066,-2206.244,-2262.907,-2288.685,-2209.356,2.855,-1.619,-3.112,,0.002855,-0.001619,-0.003112,,-8.811,12.641,-8.622,8.777,,-1179.682,-232.176,-1179.514,-234.706,,0.168,-2.53,,-8.359,44.026,-8.523,43.826,,-1175.087,-222.318,-1175.19,-221.851,,-0.103,0.467
1832,-53.312,-47.142,-40.44,-53.56,-47.376,-40.722,-2319.074,-2334.208,-2246.684,-2316.467,-2336.061,-2250.078,2.607,-1.853,-3.394,,0.002607,-0.001853,-0.003394,,-8.545,-24.697,-8.433,-24.208,,-1188.227,-256.873,-1187.947,-258.914,,0.28,-2.041,,-8.784,-30.327,-8.626,-30.354,,-1183.871,-252.645,-1183.816,-252.205,,0.055,0.44
1833,-40.065,-17.262,2.908,-40.3,-14.819,5.761,-2359.139,-2351.47,-2243.776,-2356.767,-2350.88,-2244.317,2.372,0.59,-0.541,,0.002372,0.00059,-0.000541,,-9.034,5.394,-9.003,8.819,,-1197.261,-251.479,-1196.95,-250.095,,0.311,1.384,,-7.681,-18.759,-7.992,-18.703,,-1191.552,-271.404,-1191.808,-270.908,,-0.256,0.496
1834,17.773,-8.976,-48.873,17.565,-13.228,-50.563,-2341.366,-2360.446,-2292.649,-2339.202,-2364.108,-2294.88,2.164,-3.662,-2.231,,0.002164,-0.003662,-0.002231,,-8.333,15.773,-8.087,12.885,,-1205.594,-235.706,-1205.037,-237.21,,0.557,-1.504,,-8.957,43.431,-8.636,43.36,,-1200.509,-227.973,-1200.444,-227.548,,0.065,0.425
1835,-56.095,-55.669,-13.659,-56.481,-58.439,-11.319,-2397.461,-2416.115,-2306.308,-2395.683,-2422.547,-2306.199,1.778,-6.432,0.109,,0.001778,-0.006432,0.000109,,-7.885,-29.834,-8.437,-30.619,,-1213.479,-265.54,-1213.474,-267.829,,0.005,-2.289,,-9.035,-29.247,-9.091,-29.158,,-1209.544,-257.22,-1209.535,-256.706,,0.009,0.514
1836,-46.674,-17.406,-33.091,-46.319,-14.507,-33.088,-2444.135,-2433.521,-2339.399,-2442.002,-2437.054,-2339.287,2.133,-3.533,0.112,,0.002133,-0.003533,0.000112,,-8.307,9.624,-8.071,13.182,,-1221.786,-255.916,-1221.545,-254.647,,0.241,1.269,,-8.399,-19.797,-8.654,-19.177,,-1217.943,-277.017,-1218.189,-275.883,,-0.246,1.134
1837,17.765,-12.112,-16.203,17.777,-14.453,-16.047,-2426.37,-2445.633,-2355.602,-2424.225,-2451.507,-2355.334,2.145,-5.874,0.268,,0.002145,-0.005874,0.000268,,-7.773,12.227,-7.93,10.715,,-1229.559,-243.689,-1229.475,-243.932,,0.084,-0.243,,-8.567,43.378,-8.06,42.979,,-1226.51,-233.639,-1226.249,-232.904,,0.261,0.735
1838,-54.042,-51.965,-41.156,-55.363,-53.972,-41.972,-2480.412,-2497.598,-2396.758,-2479.588,-2505.479,-2397.306,0.824,-7.881,-0.548,,0.000824,-0.007881,-0.000548,,-8.59,-27.171,-8.347,-29.036,,-1238.149,-270.86,-1237.822,-272.968,,0.327,-2.108,,-8.198,-29.993,-8.695,-30.083,,-1234.708,-263.632,-1234.944,-262.987,,-0.236,0.645
1839,-41.273,-15.486,-9.65,-41.202,-11.21,-9.171,-2521.685,-2513.084,-2406.408,-2520.79,-2516.689,-2406.477,0.895,-3.605,-0.069,,0.000895,-0.003605,-6.9E-05,,-8.863,8.896,-9.028,11.9,,-1247.012,-261.964,-1246.85,-261.068,,0.162,0.896,,-8.066,-18.179,-7.876,-18.273,,-1242.774,-281.811,-1242.82,-281.26,,-0.046,0.551
1840,17.749,-8.682,-40.42,17.332,-8.019,-39.863,-2503.936,-2521.766,-2446.828,-2503.458,-2524.708,-2446.34,0.478,-2.942,0.488,,0.000478,-0.002942,0.000488,,-8.2,13.062,-8.179,11.969,,-1255.212,-248.902,-1255.029,-249.099,,0.183,-0.197,,-8.02,39.522,-8.303,39.513,,-1250.794,-242.289,-1251.123,-241.747,,-0.329,0.542
1841,-46.538,-47.245,-2.216,-46.357,-47.041,-2.902,-2550.474,-2569.011,-2449.044,-2549.815,-2571.749,-2449.242,0.659,-2.738,-0.198,,0.000659,-0.002738,-0.000198,,-8.244,-27.862,-7.741,-29.963,,-1263.456,-276.764,-1262.77,-279.062,,0.686,-2.298,,-8.951,-25.734,-8.419,-25.993,,-1259.745,-268.023,-1259.542,-267.74,,0.203,0.283
1842,-40.128,-10.365,-33.593,-41.093,-8.958,-30.613,-2590.602,-2579.376,-2482.637,-2590.908,-2580.707,-2479.855,-0.306,-1.331,2.782,,-0.000306,-0.001331,0.002782,,-8.236,8.759,-8.802,9.997,,-1271.692,-268.005,-1271.572,-269.065,,0.12,-1.06,,-8.341,-21.005,-8.564,-20.824,,-1268.086,-289.028,-1268.106,-288.564,,-0.02,0.464
1843,21.479,-7.518,-5.656,21.433,-6.946,-6.073,-2569.123,-2586.894,-2488.293,-2569.475,-2587.653,-2485.928,-0.352,-0.759,2.365,,-0.000352,-0.000759,0.002365,,-7.509,11.964,-7.518,12.924,,-1279.201,-256.041,-1279.09,-256.141,,0.111,-0.1,,-8.951,41.807,-8.783,42.281,,-1277.037,-247.221,-1276.889,-246.283,,0.148,0.938
1844,-46.264,-48.775,-39.408,-47.393,-51.44,-38.938,-2615.387,-2635.669,-2527.701,-2616.868,-2639.093,-2524.866,-1.481,-3.424,2.835,,-0.001481,-0.003424,0.002835,,-9.644,-27.156,-9.784,-28.093,,-1288.845,-283.197,-1288.874,-284.234,,-0.029,-1.037,,-8.148,-26.106,-7.992,-27.057,,-1285.185,-273.327,-1284.881,-273.34,,0.304,-0.013
1845,-40.451,-13,4.392,-40.61,-15.621,4.586,-2655.838,-2648.669,-2523.309,-2657.478,-2654.714,-2520.28,-1.64,-6.045,3.029,,-0.00164,-0.006045,0.003029,,-8.589,6.226,-9.005,6.239,,-1297.434,-276.971,-1297.879,-277.995,,-0.445,-1.024,,-8.375,-20.504,-8.463,-19.658,,-1293.56,-293.831,-1293.344,-292.998,,0.216,0.833
1846,21.675,-1.686,-42.673,20.786,-2.781,-42.123,-2634.163,-2650.355,-2565.982,-2636.692,-2657.495,-2562.403,-2.529,-7.14,3.579,,-0.002529,-0.00714,0.003579,,-9.19,17.788,-8.686,18.61,,-1306.624,-259.183,-1306.565,-259.385,,0.059,-0.202,,-8.262,40.491,-8.505,40.93,,-1301.822,-253.34,-1301.849,-252.068,,-0.027,1.272
1847,-45.023,-49.057,-14.884,-47.434,-52.402,-18.018,-2679.186,-2699.412,-2580.866,-2684.126,-2709.897,-2580.421,-4.94,-10.485,0.445,,-0.00494,-0.010485,0.000445,,-7.686,-30.453,-8.665,-30.516,,-1314.31,-289.636,-1315.23,-289.901,,-0.92,-0.265,,-8.58,-25.919,-8.522,-27.037,,-1310.402,-279.259,-1310.371,-279.105,,0.031,0.154
1848,-41.058,-13.79,-27.033,-42.294,-14.597,-25.289,-2720.244,-2713.202,-2607.899,-2726.42,-2724.494,-2605.71,-6.176,-11.292,2.189,,-0.006176,-0.011292,0.002189,,-8.797,7.654,-8.017,7.155,,-1323.107,-281.982,-1323.247,-282.746,,-0.14,-0.764,,-8.538,-20.229,-8.979,-20.069,,-1318.94,-299.488,-1319.35,-299.174,,-0.41,0.314
1849,18.57,-5.04,-17.649,20.041,-5.937,-21.157,-2701.674,-2718.242,-2625.548,-2706.379,-2730.431,-2626.867,-4.705,-12.189,-1.319,,-0.004705,-0.012189,-0.001319,,-8.195,15.567,-8.225,15.311,,-1331.302,-266.415,-1331.472,-267.435,,-0.17,-1.02,,-9.71,41.197,-9.028,41.626,,-1328.65,-258.291,-1328.378,-257.548,,0.272,0.743
1850,-48.697,-47.045,-38.999,-47.075,-45.992,-40.324,-2750.371,-2765.287,-2664.547,-2753.454,-2776.423,-2667.191,-3.083,-11.136,-2.644,,-0.003083,-0.011136,-0.002644,,-8.755,-26.966,-8.811,-26.076,,-1340.057,-293.381,-1340.283,-293.511,,-0.226,-0.13,,-8.401,-28.311,-8.432,-28.46,,-1337.051,-286.602,-1336.81,-286.008,,0.241,0.594
1851,-36.91,-15.79,-2.626,-35.919,-15.535,-1.504,-2787.281,-2781.077,-2667.173,-2789.373,-2791.958,-2668.695,-2.092,-10.881,-1.522,,-0.002092,-0.010881,-0.001522,,-8.673,4.288,-8.91,4.085,,-1348.73,-289.093,-1349.193,-289.426,,-0.463,-0.333,,-8.194,-17.652,-8.109,-18.223,,-1345.245,-304.254,-1344.919,-304.231,,0.326,0.023
1852,19.207,-6.582,-48.924,21.225,-6.9,-49.716,-2768.074,-2787.659,-2716.097,-2768.148,-2798.858,-2718.411,-0.074,-11.199,-2.314,,-7.4E-05,-0.011199,-0.002314,,-9.275,15.784,-8.846,13.473,,-1358.005,-273.309,-1358.039,-275.953,,-0.034,-2.644,,-7.972,39.377,-7.972,40.183,,-1353.217,-264.877,-1352.891,-264.048,,0.326,0.829
1853,-49.472,-47.724,-2.209,-49.279,-43.632,-2.491,-2817.546,-2835.383,-2718.306,-2817.427,-2842.49,-2720.902,0.119,-7.107,-2.596,,0.000119,-0.007107,-0.002596,,-8.838,-25.409,-8.899,-22.825,,-1366.843,-298.718,-1366.938,-298.778,,-0.095,-0.06,,-8.627,-27.751,-9.116,-27.644,,-1361.844,-292.628,-1362.007,-291.692,,-0.163,0.936
1854,-39.991,-17.373,-42.051,-40.823,-16.136,-38.464,-2857.537,-2852.756,-2760.357,-2858.25,-2858.626,-2759.366,-0.713,-5.87,0.991,,-0.000713,-0.00587,0.000991,,-8.18,4.134,-8.058,4.504,,-1375.023,-294.584,-1374.996,-294.274,,0.027,0.31,,-8.643,-17.758,-8.986,-18.919,,-1370.487,-310.386,-1370.993,-310.611,,-0.506,-0.225
1855,17.285,-9.748,-11.716,19.269,-11.341,-14.438,-2840.252,-2862.504,-2772.073,-2838.981,-2869.967,-2773.804,1.271,-7.463,-1.731,,0.001271,-0.007463,-0.001731,,-7.335,11.708,-7.588,9.387,,-1382.358,-282.876,-1382.584,-284.887,,-0.226,-2.011,,-8.759,39.874,-8.395,40.824,,-1379.246,-270.512,-1379.388,-269.787,,-0.142,0.725
1856,-52.182,-45.54,-36.897,-51.669,-42.526,-33.02,-2892.434,-2908.044,-2808.97,-2890.65,-2912.493,-2806.824,1.784,-4.449,2.146,,0.001784,-0.004449,0.002146,,-8.507,-20.64,-8.405,-19.025,,-1390.865,-303.516,-1390.989,-303.912,,-0.124,-0.396,,-8.158,-28.091,-7.99,-28.12,,-1387.404,-298.603,-1387.378,-297.907,,0.026,0.696
1857,-41.919,-21.454,-3.825,-42.603,-19.02,-4.055,-2934.353,-2929.498,-2812.795,-2933.253,-2931.513,-2810.879,1.1,-2.015,1.916,,0.0011,-0.002015,0.001916,,-8.342,3.732,-8.462,4.827,,-1399.207,-299.784,-1399.451,-299.085,,-0.244,0.699,,-8.894,-16.778,-8.612,-16.992,,-1396.298,-315.381,-1395.99,-314.899,,0.308,0.482
1858,12.734,-15.925,-40.36,12.195,-16.942,-37.224,-2921.619,-2945.423,-2853.155,-2921.058,-2948.455,-2848.103,0.561,-3.032,5.052,,0.000561,-0.003032,0.005052,,-9.368,10.653,-8.769,7.888,,-1408.575,-289.131,-1408.22,-291.197,,0.355,-2.066,,-7.82,38.37,-8.187,38.521,,-1404.118,-277.011,-1404.177,-276.378,,-0.059,0.633
1859,-50.84,-47.691,-16.223,-51.151,-45.672,-17.466,-2972.459,-2993.114,-2869.378,-2972.209,-2994.127,-2865.569,0.25,-1.013,3.809,,0.00025,-0.001013,0.003809,,-9.042,-21.505,-9.089,-20.454,,-1417.617,-310.636,-1417.309,-311.651,,0.308,-1.015,,-8.475,-25.559,-8.402,-25.459,,-1412.593,-302.57,-1412.579,-301.837,,0.014,0.733
1860,-46.664,-19.305,-36.8,-46.73,-16.784,-34.486,-3019.123,-3012.419,-2906.178,-3018.939,-3010.911,-2900.055,0.184,1.508,6.123,,0.000184,0.001508,0.006123,,-8.642,7.031,-8.769,9.077,,-1426.259,-303.605,-1426.078,-302.574,,0.181,1.031,,-8.348,-21.005,-8.393,-20.687,,-1420.941,-323.575,-1420.972,-322.524,,-0.031,1.051
1861,17.947,-15.845,-12.472,17.733,-17.068,-11.523,-3001.176,-3028.264,-2918.65,-3001.206,-3027.979,-2911.578,-0.03,0.285,7.072,,-3E-05,0.000285,0.007072,,-7.428,8.228,-8.015,5.794,,-1433.687,-295.377,-1434.093,-296.78,,-0.406,-1.403,,-8.536,43.037,-8.6,42.077,,-1429.477,-280.538,-1429.572,-280.447,,-0.095,0.091
1862,-54.747,-47.493,-51.516,-53.698,-46.492,-49.489,-3055.923,-3075.757,-2970.166,-3054.904,-3074.471,-2961.067,1.019,1.286,9.099,,0.001019,0.001286,0.009099,,-9.06,-22.105,-8.567,-22.844,,-1442.747,-317.482,-1442.66,-319.624,,0.087,-2.142,,-9.009,-29.138,-9.127,-28.883,,-1438.486,-309.676,-1438.699,-309.33,,-0.213,0.346
1863,-43.192,-14.89,-2.545,-39.834,-9.114,-1.179,-3099.115,-3090.647,-2972.711,-3094.738,-3083.585,-2962.246,4.377,7.062,10.465,,0.004377,0.007062,0.010465,,-8.114,7.507,-8.234,11.023,,-1450.861,-309.975,-1450.894,-308.601,,-0.033,1.374,,-9.074,-18.995,-8.633,-18.198,,-1447.56,-328.671,-1447.332,-327.528,,0.228,1.143
1864,19.541,-14.756,-50.657,21.517,-13.442,-46.947,-3079.574,-3105.403,-3023.368,-3073.221,-3097.027,-3009.193,6.353,8.376,14.175,,0.006353,0.008376,0.014175,,-8.797,9.78,-8.433,7.622,,-1459.658,-300.195,-1459.327,-300.979,,0.331,-0.784,,-8.239,42.633,-8.121,41.702,,-1455.799,-286.038,-1455.453,-285.826,,0.346,0.212
1865,-51.862,-50.774,-7.042,-49.92,-50.232,-8.777,-3131.436,-3156.177,-3030.41,-3123.141,-3147.259,-3017.97,8.295,8.918,12.44,,0.008295,0.008918,0.01244,,-8.733,-27.498,-8.543,-28.405,,-1468.391,-327.693,-1467.87,-329.384,,0.521,-1.691,,-8.207,-29.141,-8.052,-28.825,,-1464.006,-315.179,-1463.505,-314.651,,0.501,0.528
1866,-42.256,-11.268,-34.372,-39.144,-6.402,-29.967,-3173.692,-3167.445,-3064.782,-3162.285,-3153.661,-3047.937,11.407,13.784,16.845,,0.011407,0.013784,0.016845,,-8.927,12.976,-9.199,15.983,,-1477.318,-314.717,-1477.069,-313.401,,0.249,1.316,,-7.551,-19.138,-7.875,-18.17,,-1471.557,-334.317,-1471.38,-332.821,,0.177,1.496
1867,21.487,-11.7,-21.185,23.589,-11.95,-18.988,-3152.205,-3179.145,-3085.967,-3138.696,-3165.611,-3066.925,13.509,13.534,19.042,,0.013509,0.013534,0.019042,,-8.555,9.024,-8.145,7.219,,-1485.873,-305.693,-1485.214,-306.182,,0.659,-0.489,,-8.243,42.678,-7.978,42.357,,-1479.8,-291.639,-1479.358,-290.464,,0.442,1.175
1868,-49.739,-47.123,-33.824,-48.641,-48.239,-31.814,-3201.944,-3226.268,-3119.791,-3187.337,-3213.85,-3098.739,14.607,12.418,21.052,,0.014607,0.012418,0.021052,,-8.077,-27.58,-8.327,-28.571,,-1493.95,-333.273,-1493.541,-334.753,,0.409,-1.48,,-8.557,-29.821,-8.624,-30.751,,-1488.357,-321.46,-1487.982,-321.215,,0.375,0.245
1869,-37.676,-6.592,-3.99,-35.011,-3.867,-1.968,-3239.62,-3232.86,-3123.781,-3222.348,-3217.717,-3100.707,17.272,15.143,23.074,,0.017272,0.015143,0.023074,,-7.654,12.746,-7.894,15.529,,-1501.604,-320.527,-1501.435,-319.224,,0.169,1.303,,-8.908,-16.611,-8.969,-15.919,,-1497.265,-338.071,-1496.951,-337.134,,0.314,0.937
1870,14.961,-12.42,-40.048,17.672,-12.326,-37.507,-3224.659,-3245.28,-3163.829,-3204.676,-3230.043,-3138.214,19.983,15.237,25.615,,0.019983,0.015237,0.025615,,-8.837,10.173,-8.419,8.789,,-1510.441,-310.354,-1509.854,-310.435,,0.587,-0.081,,-8.479,37.313,-8.565,38.267,,-1505.744,-300.758,-1505.516,-298.867,,0.228,1.891
1871,-45.81,-50.314,-4.691,-44.913,-48.181,-1.134,-3270.469,-3295.594,-3168.52,-3249.589,-3278.224,-3139.348,20.88,17.37,29.172,,0.02088,0.01737,0.029172,,-8.765,-29.811,-8.136,-30.489,,-1519.206,-340.165,-1517.99,-340.924,,1.216,-0.759,,-8.275,-25.227,-8.314,-26.122,,-1514.019,-325.985,-1513.83,-324.989,,0.189,0.996
1872,-37.933,-7.279,-33.689,-35.71,-4.282,-25.157,-3308.402,-3302.873,-3202.209,-3285.299,-3282.506,-3164.505,23.103,20.367,37.704,,0.023103,0.020367,0.037704,,-8.905,13.015,-9.04,13.398,,-1528.111,-327.15,-1527.03,-327.526,,1.081,-0.376,,-8.536,-18.924,-8.335,-18.778,,-1522.555,-344.909,-1522.165,-343.767,,0.39,1.142
1873,22.612,-7.895,-3.433,25.754,-3.11,1.865,-3285.79,-3310.768,-3205.642,-3259.545,-3285.616,-3162.64,26.245,25.152,43.002,,0.026245,0.025152,0.043002,,-8.274,9.847,-8.302,10.426,,-1536.385,-317.303,-1535.332,-317.1,,1.053,0.203,,-8.021,40.075,-8.251,40.603,,-1530.576,-304.834,-1530.416,-303.164,,0.16,1.67
1874,-44.154,-46.639,-44.726,-41.572,-40.553,-35.901,-3329.944,-3357.407,-3250.368,-3301.117,-3326.169,-3198.541,28.827,31.238,51.827,,0.028827,0.031238,0.051827,,-8.562,-28.131,-8.203,-28.193,,-1544.947,-345.434,-1543.535,-345.293,,1.412,0.141,,-8.278,-26.276,-8.83,-27.185,,-1538.854,-331.11,-1539.246,-330.349,,-0.392,0.761
1875,-37.873,-8.66,-1.606,-31.247,-2.269,4.464,-3367.817,-3366.067,-3251.974,-3332.364,-3328.438,-3194.077,35.453,37.629,57.897,,0.035453,0.037629,0.057897,,-8.146,8.546,-8.128,9.071,,-1553.093,-336.888,-1551.663,-336.222,,1.43,0.666,,-8.811,-20.323,-8.13,-19.013,,-1547.665,-351.433,-1547.376,-349.362,,0.289,2.071
1876,26.322,0.302,-37.582,30.406,4.582,-27.163,-3341.495,-3365.765,-3289.556,-3301.958,-3323.856,-3221.24,39.537,41.909,68.316,,0.039537,0.041909,0.068316,,-8.694,16.43,-8.608,15.359,,-1561.787,-320.458,-1560.271,-320.863,,1.516,-0.405,,-8.192,41.415,-8.292,41.189,,-1555.857,-310.018,-1555.668,-308.173,,0.189,1.845
1877,-42.712,-47.225,-6.465,-37.047,-40.313,1.747,-3384.207,-3412.99,-3296.021,-3339.005,-3364.169,-3219.493,45.202,48.821,76.528,,0.045202,0.048821,0.076528,,-8.219,-31.053,-7.864,-29.725,,-1570.006,-351.511,-1568.135,-350.588,,1.871,0.923,,-8.873,-26.803,-8.303,-26.808,,-1564.73,-336.821,-1563.971,-334.981,,0.759,1.84
1878,-38.168,-10.554,-25.817,-33.355,-3.898,-16.036,-3422.375,-3423.544,-3321.838,-3372.36,-3368.067,-3235.529,50.015,55.477,86.309,,0.050015,0.055477,0.086309,,-8.781,8.617,-8.65,9.356,,-1578.787,-342.894,-1576.785,-341.232,,2.002,1.662,,-8.296,-20.614,-8.695,-20.354,,-1573.026,-357.435,-1572.666,-355.335,,0.36,2.1
1879,21.503,-6.195,-14.863,27.057,-0.637,-7.107,-3400.872,-3429.739,-3336.701,-3345.303,-3368.704,-3242.636,55.569,61.035,94.065,,0.055569,0.061035,0.094065,,-8.402,15.436,-8.16,14.168,,-1587.189,-327.458,-1584.945,-327.064,,2.244,0.394,,-8.664,42.038,-8.576,42.084,,-1581.69,-315.397,-1581.242,-313.251,,0.448,2.146
1880,-51.731,-51.305,-35.602,-45.366,-45.671,-25.797,-3452.603,-3481.044,-3372.303,-3390.669,-3414.375,-3268.433,61.934,66.669,103.87,,0.061934,0.066669,0.10387,,-9.037,-29.112,-9.107,-29.453,,-1596.226,-356.57,-1594.052,-356.517,,2.174,0.053,,-8.511,-29.531,-8.728,-28.625,,-1590.201,-344.928,-1589.97,-341.876,,0.231,3.052
1881,-37.727,-13.075,3.41,-32.277,-3.941,13.528,-3490.33,-3494.119,-3368.893,-3422.946,-3418.316,-3254.905,67.384,75.803,113.988,,0.067384,0.075803,0.113988,,-8.686,7.78,-8.387,9.473,,-1604.912,-348.79,-1602.439,-347.044,,2.473,1.746,,-8.313,-16.91,-8.325,-17.9,,-1598.514,-361.838,-1598.295,-359.776,,0.219,2.062
1882,17.209,-7.215,-45.907,24.536,-1.831,-35.504,-3473.121,-3501.334,-3414.8,-3398.41,-3420.147,-3290.409,74.711,81.187,124.391,,0.074711,0.081187,0.124391,,-8.392,14.55,-8.291,12.489,,-1613.304,-334.24,-1610.73,-334.555,,2.574,-0.315,,-8.71,39.997,-8.401,40.568,,-1607.224,-321.841,-1606.696,-319.208,,0.528,2.633
1883,-51.325,-51.114,-1.863,-43.523,-42.484,3.301,-3524.446,-3552.448,-3416.663,-3441.933,-3462.631,-3287.108,82.513,89.817,129.555,,0.082513,0.089817,0.129555,,-8.788,-28.183,-8.088,-26.931,,-1622.092,-362.423,-1618.818,-361.486,,3.274,0.937,,-8.776,-27.774,-8.266,-27.212,,-1616,-349.615,-1614.962,-346.42,,1.038,3.195
1884,-41.268,-13.06,-37.464,-35.043,-6.873,-25.076,-3565.714,-3565.508,-3454.127,-3476.976,-3469.504,-3312.184,88.738,96.004,141.943,,0.088738,0.096004,0.141943,,-8.49,8.464,-8.193,9.18,,-1630.582,-353.959,-1627.011,-352.306,,3.571,1.653,,-8.46,-17.663,-8.149,-18.548,,-1624.46,-367.278,-1623.111,-364.968,,1.349,2.31
1885,18.802,-8.826,-9.184,27.626,-2.873,-0.797,-3546.912,-3574.334,-3463.311,-3449.35,-3472.377,-3312.981,97.562,101.957,150.33,,0.097562,0.101957,0.15033,,-8.291,11.024,-8.447,10.44,,-1638.873,-342.935,-1635.458,-341.866,,3.415,1.069,,-8.586,40.353,-8.637,41.005,,-1633.046,-326.925,-1631.748,-323.963,,1.298,2.962
1886,-50.551,-45.925,-40.241,-42.261,-36.984,-28.662,-3597.463,-3620.259,-3503.552,-3491.611,-3509.361,-3341.643,105.852,110.898,161.909,,0.105852,0.110898,0.161909,,-8.803,-23.869,-8.156,-23.49,,-1647.676,-366.804,-1643.614,-365.356,,4.062,1.448,,-8.261,-29.696,-8.651,-29.432,,-1641.307,-356.621,-1640.399,-353.395,,0.908,3.226
1887,-37.236,-16.847,-7.861,-26.839,-6.77,0.909,-3634.699,-3637.106,-3511.413,-3518.45,-3516.131,-3340.734,116.249,120.975,170.679,,0.116249,0.120975,0.170679,,-8.985,5.852,-8.649,6.551,,-1656.661,-360.952,-1652.263,-358.805,,4.398,2.147,,-8.608,-16.266,-8.169,-15.321,,-1649.915,-372.887,-1648.568,-368.716,,1.347,4.171
1888,19.302,-8.679,-38.741,26.447,-0.534,-23.559,-3615.397,-3645.785,-3550.154,-3492.003,-3516.665,-3364.293,123.394,129.12,185.861,,0.123394,0.12912,0.185861,,-8.918,13.302,-8.6,12.175,,-1665.579,-347.65,-1660.863,-346.63,,4.716,1.02,,-8.329,39.804,-8.563,38.865,,-1658.244,-333.083,-1657.131,-329.851,,1.113,3.232
1889,-46.813,-42.96,-13.624,-38.511,-34.427,-2.962,-3662.21,-3688.745,-3563.778,-3530.514,-3551.092,-3367.255,131.696,137.653,196.523,,0.131696,0.137653,0.196523,,-8.33,-24.738,-8.854,-23.927,,-1673.909,-372.388,-1669.717,-370.557,,4.192,1.831,,-8.896,-27.091,-8.461,-27.609,,-1667.14,-360.174,-1665.592,-357.46,,1.548,2.714
1890,-40.023,-12.555,-30.317,-30.853,-2.864,-15.259,-3702.233,-3701.3,-3594.095,-3561.367,-3553.956,-3382.514,140.866,147.344,211.581,,0.140866,0.147344,0.211581,,-9.022,7.607,-8.491,8.042,,-1682.931,-364.781,-1678.208,-362.515,,4.723,2.266,,-8.31,-21.147,-8.331,-20.453,,-1675.45,-381.321,-1673.923,-377.913,,1.527,3.408
1891,24.338,-8.998,-9.601,33.463,-0.437,-2.155,-3677.895,-3710.298,-3603.696,-3527.904,-3554.393,-3384.669,149.991,155.905,219.027,,0.149991,0.155905,0.219027,,-8.31,10.751,-8.013,10.176,,-1691.241,-354.03,-1686.221,-352.339,,5.02,1.691,,-8.081,43.95,-8.016,43.721,,-1683.531,-337.371,-1681.939,-334.192,,1.592,3.179
1892,-49.147,-44.673,-40.607,-40.989,-38.146,-31.654,-3727.042,-3754.971,-3644.303,-3568.893,-3592.539,-3416.323,158.149,162.432,227.98,,0.158149,0.162432,0.22798,,-8.326,-24.574,-8.144,-25.485,,-1699.567,-378.604,-1694.365,-377.824,,5.202,0.78,,-8.582,-29.142,-8.676,-28.937,,-1692.113,-366.513,-1690.615,-363.129,,1.498,3.384
1893,-40.471,-11.354,5.376,-32.879,-1.963,11.654,-3767.513,-3766.325,-3638.927,-3601.772,-3594.502,-3404.669,165.741,171.823,234.258,,0.165741,0.171823,0.234258,,-8.079,6.571,-7.967,9.018,,-1707.646,-372.033,-1702.332,-368.806,,5.314,3.227,,-8.608,-21.288,-8.412,-21.074,,-1700.721,-387.801,-1699.027,-384.203,,1.694,3.598
1894,27.357,-3.549,-52.648,33.959,0.859,-42.222,-3740.156,-3769.874,-3691.575,-3567.813,-3593.643,-3446.891,172.343,176.231,244.684,,0.172343,0.176231,0.244684,,-8.231,12.987,-8.316,11.108,,-1715.877,-359.046,-1710.648,-357.698,,5.229,1.348,,-8.383,44.562,-8.58,45.206,,-1709.104,-343.239,-1707.607,-338.997,,1.497,4.242
1895,-45.582,-44.31,-8.121,-39.146,-37.1,-4.463,-3785.738,-3814.184,-3699.696,-3606.959,-3630.743,-3451.354,178.779,183.441,248.342,,0.178779,0.183441,0.248342,,-8.374,-28.073,-8.472,-26.7,,-1724.251,-387.119,-1719.12,-384.398,,5.131,2.721,,-8.724,-28.907,-8.187,-28.363,,-1717.828,-372.146,-1715.794,-367.36,,2.034,4.786
1896,-39.939,-9.313,-30.22,-36.751,-1.328,-15.663,-3825.677,-3823.497,-3729.916,-3643.71,-3632.071,-3467.017,181.967,191.426,262.899,,0.181967,0.191426,0.262899,,-8.902,10.707,-8.554,11.692,,-1733.153,-376.412,-1727.674,-372.706,,5.479,3.706,,-8.365,-21.446,-8.696,-22.68,,-1726.193,-393.592,-1724.49,-390.04,,1.703,3.552
1897,22.369,-10.488,-10.997,26.76,-6.625,-5.571,-3803.308,-3833.985,-3740.913,-3616.95,-3638.696,-3472.588,186.358,195.289,268.325,,0.186358,0.195289,0.268325,,-8.124,11.499,-8.65,9.118,,-1741.277,-364.913,-1736.324,-363.588,,4.953,1.325,,-8.658,44.143,-8.635,44.177,,-1734.851,-349.449,-1733.125,-345.863,,1.726,3.586
1898,-51.975,-51.128,-37.825,-44.176,-40.55,-22.302,-3855.283,-3885.113,-3778.738,-3661.126,-3679.246,-3494.89,194.157,205.867,283.848,,0.194157,0.205867,0.283848,,-8.573,-27.246,-8.664,-25.267,,-1749.85,-392.159,-1744.988,-388.855,,4.862,3.304,,-8.374,-28.492,-8.671,-27.49,,-1743.225,-377.941,-1741.796,-373.353,,1.429,4.588
1899,-42.564,-13.76,-10.425,-32.619,-2.63,2.218,-3897.847,-3898.873,-3789.163,-3693.745,-3681.876,-3492.672,204.102,216.997,296.491,,0.204102,0.216997,0.296491,,-8.162,10.341,-8.434,10.453,,-1758.012,-381.818,-1753.422,-378.402,,4.59,3.416,,-8.328,-19.52,-8.48,-19.647,,-1751.553,-397.461,-1750.276,-393,,1.277,4.461
1900,14.628,-11.778,-41.652,26.22,-2.079,-25.22,-3883.219,-3910.651,-3830.815,-3667.525,-3683.955,-3517.892,215.694,226.696,312.923,,0.215694,0.226696,0.312923,,-8.476,12.255,-8.589,10.084,,-1766.488,-369.563,-1762.011,-368.318,,4.477,1.245,,-8.136,37.594,-8.497,36.978,,-1759.689,-359.867,-1758.773,-356.022,,0.916,3.845
1901,-44.069,-50.357,-6.957,-29.755,-36.435,8.623,-3927.288,-3961.008,-3837.772,-3697.28,-3720.39,-3509.269,230.008,240.618,328.503,,0.230008,0.240618,0.328503,,-8.641,-28.62,-8.378,-26.707,,-1775.129,-398.183,-1770.389,-395.025,,4.74,3.158,,-8.318,-22.669,-8.194,-21.839,,-1768.007,-382.536,-1766.967,-377.861,,1.04,4.675
1902,-41.973,-9.576,-39.882,-27.606,4.447,-20.797,-3969.261,-3970.584,-3877.654,-3724.886,-3715.943,-3530.066,244.375,254.641,347.588,,0.244375,0.254641,0.347588,,-8.682,10.287,-8.395,11.072,,-1783.811,-387.896,-1778.784,-383.953,,5.027,3.943,,-8.964,-21.179,-8.618,-20.005,,-1776.971,-403.715,-1775.585,-397.866,,1.386,5.849
1903,20.754,-7.158,-8.293,32.875,7.021,5.22,-3948.507,-3977.742,-3885.947,-3692.011,-3708.922,-3524.846,256.496,268.82,361.101,,0.256496,0.26882,0.361101,,-8.522,11.585,-8.452,10.768,,-1792.333,-376.311,-1787.236,-373.185,,5.097,3.126,,-8.702,38.609,-8.303,37.074,,-1785.673,-365.106,-1783.888,-360.792,,1.785,4.314
1904,-41.876,-43.895,-42.639,-27.061,-30.094,-22.362,-3990.383,-4021.637,-3928.586,-3719.072,-3739.016,-3547.208,271.311,282.621,381.378,,0.271311,0.282621,0.381378,,-8.522,-26.419,-8.389,-27.089,,-1800.855,-402.73,-1795.625,-400.274,,5.23,2.456,,-8.335,-24.771,-8.696,-23.28,,-1794.008,-389.877,-1792.584,-384.072,,1.424,5.805
1905,-33.951,-9.172,4.373,-22.056,5.667,16.16,-4024.334,-4030.809,-3924.213,-3741.128,-3733.349,-3531.048,283.206,297.46,393.165,,0.283206,0.29746,0.393165,,-8.752,6.468,-8.579,9.028,,-1809.607,-396.262,-1804.204,-391.246,,5.403,5.016,,-8.293,-18.987,-8.532,-19.007,,-1802.301,-408.864,-1801.116,-403.079,,1.185,5.785
1906,22.02,0.177,-36.287,33.173,10.436,-19.938,-4002.314,-4030.632,-3960.5,-3707.955,-3722.913,-3550.986,294.359,307.719,409.514,,0.294359,0.307719,0.409514,,-8.213,15.813,-8.402,15.16,,-1817.82,-380.449,-1812.606,-376.086,,5.214,4.363,,-8.621,38.37,-8.752,37.21,,-1810.922,-370.494,-1809.868,-365.869,,1.054,4.625
1907,-42.273,-45.554,-5.886,-29.432,-34.74,5.256,-4044.587,-4076.186,-3966.386,-3737.387,-3757.653,-3545.73,307.2,318.533,420.656,,0.3072,0.318533,0.420656,,-8.946,-29.519,-8.471,-29.847,,-1826.766,-409.968,-1821.077,-405.933,,5.689,4.035,,-8.536,-26.823,-8.386,-25.254,,-1819.458,-397.317,-1818.254,-391.123,,1.204,6.194
1908,-34.422,-8.037,-21.618,-25.057,1.736,-7.441,-4079.009,-4084.223,-3988.004,-3762.444,-3755.917,-3553.171,316.565,328.306,434.833,,0.316565,0.328306,0.434833,,-8.561,8.192,-8.813,8.936,,-1835.327,-401.776,-1829.89,-396.997,,5.437,4.779,,-8.282,-18.443,-8.648,-18.437,,-1827.74,-415.76,-1826.902,-409.56,,0.838,6.2
1909,22.312,-0.821,-9.348,32.824,7.479,4.62,-4056.697,-4085.044,-3997.352,-3729.62,-3748.438,-3548.551,327.077,336.606,448.801,,0.327077,0.336606,0.448801,,-8.484,16.486,-8.704,15.336,,-1843.811,-385.29,-1838.594,-381.661,,5.217,3.629,,-8.501,40.547,-8.206,40.378,,-1836.241,-375.213,-1835.108,-369.182,,1.133,6.031
1910,-52.556,-50.22,-36.791,-41.179,-38.722,-20.057,-4109.253,-4135.264,-4034.143,-3770.799,-3787.16,-3568.608,338.454,348.104,465.535,,0.338454,0.348104,0.465535,,-8.286,-29.463,-8.403,-28.903,,-1852.097,-414.753,-1846.997,-410.564,,5.1,4.189,,-8.678,-30.304,-9.006,-29.834,,-1844.919,-405.517,-1844.114,-399.016,,0.805,6.501
1911,-38.817,-15.986,0.497,-26.293,-3.662,11.699,-4148.07,-4151.25,-4033.646,-3797.092,-3790.822,-3556.909,350.978,360.428,476.737,,0.350978,0.360428,0.476737,,-8.843,7.12,-8.472,6.443,,-1860.94,-407.633,-1855.469,-404.121,,5.471,3.512,,-8.223,-15.309,-8.421,-15.403,,-1853.142,-420.826,-1852.535,-414.419,,0.607,6.407
1912,14.989,-8.405,-41.964,29.473,7.109,-20.545,-4133.081,-4159.655,-4075.61,-3767.619,-3783.713,-3577.454,365.462,375.942,498.156,,0.365462,0.375942,0.498156,,-8.745,15.565,-8.238,16.009,,-1869.685,-392.068,-1863.707,-388.112,,5.978,3.956,,-9.045,38.902,-8.788,38.681,,-1862.187,-381.924,-1861.323,-375.738,,0.864,6.186
1913,-50.245,-48.658,-1.478,-35.11,-34.366,11.361,-4183.326,-4208.313,-4077.088,-3802.729,-3818.079,-3566.093,380.597,390.234,510.995,,0.380597,0.390234,0.510995,,-8.629,-27.59,-8.631,-26.377,,-1878.314,-419.658,-1872.338,-414.489,,5.976,5.169,,-8.718,-28.5,-8.65,-27.297,,-1870.905,-410.424,-1869.973,-403.035,,0.932,7.389
1914,-38.135,-15.445,-36.806,-27.936,-3.961,-14.17,-4221.461,-4223.758,-4113.894,-3830.665,-3822.04,-3580.263,390.796,401.718,533.631,,0.390796,0.401718,0.533631,,-9.028,5.628,-8.786,5.399,,-1887.342,-414.03,-1881.124,-409.09,,6.218,4.94,,-8.408,-17.816,-8.841,-18.767,,-1879.313,-428.24,-1878.814,-421.802,,0.499,6.438
1915,22.998,-5.254,-8.838,32.905,3.362,8.909,-4198.463,-4229.012,-4122.732,-3797.76,-3818.678,-3571.354,400.703,410.334,551.378,,0.400703,0.410334,0.551378,,-8.624,12.39,-8.884,11.811,,-1895.966,-401.64,-1890.008,-397.279,,5.958,4.361,,-8.816,40.707,-8.603,40.401,,-1888.129,-387.533,-1887.417,-381.401,,0.712,6.132
1916,-41.505,-35.795,-33.306,-31.731,-25.678,-17.52,-4239.968,-4264.807,-4156.038,-3829.491,-3844.356,-3588.874,410.477,420.451,567.164,,0.410477,0.420451,0.567164,,-8.361,-20.86,-8.843,-20.035,,-1904.327,-422.5,-1898.851,-417.314,,5.476,5.186,,-8.527,-28.429,-8.927,-26.788,,-1896.656,-415.962,-1896.344,-408.189,,0.312,7.773
1917,-29.34,-10.361,-0.3,-22.41,0.054,17.558,-4269.308,-4275.168,-4156.338,-3851.901,-3844.302,-3571.316,417.407,430.866,585.022,,0.417407,0.430866,0.585022,,-8.581,2.367,-8.792,3.762,,-1912.908,-420.133,-1907.643,-413.552,,5.265,6.581,,-8.775,-18.038,-8.623,-18.991,,-1905.431,-434,-1904.967,-427.18,,0.464,6.82
1918,28.361,0.005,-34.29,35.03,4.371,-16.584,-4240.947,-4275.163,-4190.628,-3816.871,-3839.931,-3587.9,424.076,435.232,602.728,,0.424076,0.435232,0.602728,,-8.72,13.37,-8.577,9.689,,-1921.628,-406.763,-1916.22,-403.863,,5.408,2.9,,-8.613,40.103,-8.631,39.607,,-1914.044,-393.897,-1913.598,-387.573,,0.446,6.324
1919,-41.1,-35.403,-7.255,-31.802,-25.82,2.153,-4282.047,-4310.566,-4197.883,-3848.673,-3865.751,-3585.747,433.374,444.815,612.136,,0.433374,0.444815,0.612136,,-8.799,-21.838,-8.499,-19.58,,-1930.427,-428.601,-1924.719,-423.443,,5.708,5.158,,-8.855,-27.748,-8.775,-26.553,,-1922.899,-421.645,-1922.373,-414.126,,0.526,7.519
1920,-34.072,-9.643,-25.781,-23.339,1.387,-6.232,-4316.119,-4320.209,-4223.664,-3872.012,-3864.364,-3591.979,444.107,455.845,631.685,,0.444107,0.455845,0.631685,,-8.854,4.816,-8.345,6.631,,-1939.281,-423.785,-1933.064,-416.812,,6.217,6.973,,-8.871,-20.197,-8.815,-19.386,,-1931.77,-441.842,-1931.188,-433.512,,0.582,8.33
1921,28.248,-5.295,-1.423,37.665,2.277,9.461,-4287.871,-4325.504,-4225.087,-3834.347,-3862.087,-3582.518,453.524,463.417,642.569,,0.453524,0.463417,0.642569,,-8.587,9.509,-8.816,6.174,,-1947.868,-414.276,-1941.88,-410.638,,5.988,3.638,,-8.637,42.772,-8.799,40.619,,-1940.407,-399.07,-1939.987,-392.893,,0.42,6.177
1922,-47.061,-38.686,-40.469,-30.373,-23.751,-19.527,-4334.932,-4364.19,-4265.556,-3864.72,-3885.838,-3602.045,470.212,478.352,663.511,,0.470212,0.478352,0.663511,,-8.874,-20.81,-8.841,-20.768,,-1956.742,-435.086,-1950.721,-431.406,,6.021,3.68,,-8.635,-28.948,-8.942,-27.058,,-1949.042,-428.018,-1948.929,-419.951,,0.113,8.067
1923,-39.523,-12.949,3.305,-22.087,8.793,16.739,-4374.455,-4377.139,-4262.251,-3886.807,-3877.045,-3585.306,487.648,500.094,676.945,,0.487648,0.500094,0.676945,,-8.995,6.422,-9.071,10.899,,-1965.737,-428.664,-1959.792,-420.507,,5.945,8.157,,-8.778,-19.476,-8.868,-19.357,,-1957.82,-447.494,-1957.797,-439.308,,0.023,8.186
1924,22.911,-9.231,-42.39,36.669,4.725,-20.181,-4351.544,-4386.37,-4304.641,-3850.138,-3872.32,-3605.487,501.406,514.05,699.154,,0.501406,0.51405,0.699154,,-8.645,9.295,-8.975,6.936,,-1974.382,-419.369,-1968.767,-413.571,,5.615,5.798,,-8.31,42.616,-8.832,39.907,,-1966.13,-404.878,-1966.629,-399.401,,-0.499,5.477
1925,-47.677,-43.45,-3.825,-27.695,-27.911,14.606,-4399.221,-4429.82,-4308.466,-3877.833,-3900.231,-3590.881,521.388,529.589,717.585,,0.521388,0.529589,0.717585,,-7.822,-25.234,-8.694,-27.88,,-1982.204,-444.603,-1977.461,-441.451,,4.743,3.152,,-8.945,-28.252,-8.798,-26.229,,-1975.075,-433.13,-1975.427,-425.63,,-0.352,7.5
1926,-39.52,-6.582,-33.39,-24.367,14.881,-4.746,-4438.741,-4436.402,-4341.856,-3902.2,-3885.35,-3595.627,536.541,551.052,746.229,,0.536541,0.551052,0.746229,,-9.179,12.958,-8.56,17.15,,-1991.383,-431.645,-1986.021,-424.301,,5.362,7.344,,-8.974,-20.211,-9.116,-20.339,,-1984.049,-453.341,-1984.543,-445.969,,-0.494,7.372
1927,24.589,-12.651,-11.576,36.688,3.913,8.8,-4414.152,-4449.053,-4353.432,-3865.512,-3881.437,-3586.827,548.64,567.616,766.605,,0.54864,0.567616,0.766605,,-9.267,6.356,-8.786,6.818,,-2000.65,-425.289,-1994.807,-417.483,,5.843,7.806,,-9.148,43.412,-8.137,41.331,,-1993.197,-409.929,-1992.68,-404.638,,0.517,5.291
1928,-47.345,-44.329,-30.776,-33.69,-33.746,-6.989,-4461.497,-4493.382,-4384.208,-3899.202,-3915.183,-3593.816,562.295,578.199,790.392,,0.562295,0.578199,0.790392,,-8.777,-26.667,-8.626,-29.516,,-2009.427,-451.956,-2003.433,-446.999,,5.994,4.957,,-8.67,-29.227,-9.316,-27.792,,-2001.867,-439.156,-2001.996,-432.43,,-0.129,6.726
1929,-34.194,-1.809,-0.449,-20.996,10.358,16.048,-4495.691,-4495.191,-4384.657,-3920.198,-3904.825,-3577.768,575.493,590.366,806.889,,0.575493,0.590366,0.806889,,-8.55,14.193,-8.82,14.085,,-2017.977,-437.763,-2012.253,-432.914,,5.724,4.849,,-8.713,-18.65,-8.745,-18.123,,-2010.58,-457.806,-2010.741,-450.553,,-0.161,7.253
1930,23.075,-6.448,-37.272,35.673,9.288,-15.061,-4472.616,-4501.639,-4421.929,-3884.525,-3895.537,-3592.829,588.091,606.102,829.1,,0.588091,0.606102,0.8291,,-8.513,9.506,-8.681,12.73,,-2026.49,-428.257,-2020.934,-420.184,,5.556,8.073,,-8.441,38.442,-8.596,39.112,,-2019.021,-419.364,-2019.337,-411.441,,-0.316,7.923
1931,-38.828,-46.34,-3.264,-27.622,-35.104,10.87,-4511.444,-4547.979,-4425.193,-3912.147,-3930.641,-3581.959,599.297,617.338,843.234,,0.599297,0.617338,0.843234,,-8.945,-30.305,-8.864,-32.249,,-2035.435,-458.562,-2029.798,-452.433,,5.637,6.129,,-8.602,-23.939,-8.47,-25.703,,-2027.623,-443.303,-2027.807,-437.144,,-0.184,6.159
1932,-35.432,-1.348,-31.159,-20.705,10.528,-6.16,-4546.876,-4549.327,-4456.352,-3932.852,-3920.113,-3588.119,614.024,629.214,868.233,,0.614024,0.629214,0.868233,,-8.736,14.352,-8.706,12.034,,-2044.171,-444.21,-2038.504,-440.399,,5.667,3.811,,-8.697,-20.265,-9.152,-18.78,,-2036.32,-463.568,-2036.959,-455.924,,-0.639,7.644
1933,23.503,-3.503,3.162,39.659,13.393,13.894,-4523.373,-4552.83,-4453.19,-3893.193,-3906.72,-3574.225,630.18,646.11,878.965,,0.63018,0.64611,0.878965,,-8.667,11.235,-8.905,14.76,,-2052.838,-432.975,-2047.409,-425.639,,5.429,7.336,,-8.999,38.472,-9.213,40.102,,-2045.319,-425.096,-2046.172,-415.822,,-0.853,9.274
1934,-40.069,-46.784,-41.833,-26.484,-28.904,-18.559,-4563.442,-4599.614,-4495.023,-3919.677,-3935.624,-3592.784,643.765,663.99,902.239,,0.643765,0.66399,0.902239,,-8.801,-30.608,-8.668,-28.45,,-2061.639,-463.583,-2056.077,-454.089,,5.562,9.494,,-8.691,-24.543,-8.987,-26.608,,-2054.01,-449.639,-2055.159,-442.43,,-1.149,7.209
1935,-36.224,-7.653,1.519,-19.924,3.074,18.824,-4599.666,-4607.267,-4493.504,-3939.601,-3932.55,-3573.96,660.065,674.717,919.544,,0.660065,0.674717,0.919544,,-8.784,9.134,-8.845,4.799,,-2070.423,-454.449,-2064.922,-449.29,,5.501,5.159,,-9.243,-19.594,-8.732,-19.527,,-2063.253,-469.233,-2063.891,-461.957,,-0.638,7.276
1936,21.71,1.117,-33.663,37.183,14.603,-14.917,-4577.956,-4606.15,-4527.167,-3902.418,-3917.947,-3588.877,675.538,688.203,938.29,,0.675538,0.688203,0.93829,,-8.593,18.529,-8.463,18.116,,-2079.016,-435.92,-2073.385,-431.174,,5.631,4.746,,-8.707,38.758,-8.893,39.679,,-2071.96,-430.475,-2072.784,-422.278,,-0.824,8.197
1937,-42.479,-49.608,-5.018,-28.563,-33.279,8.861,-4620.435,-4655.758,-4532.185,-3930.981,-3951.226,-3580.016,689.454,704.532,952.169,,0.689454,0.704532,0.952169,,-8.776,-33.066,-8.592,-27.988,,-2087.792,-468.986,-2081.977,-459.162,,5.815,9.824,,-8.673,-25.245,-8.603,-25.24,,-2080.633,-455.72,-2081.387,-447.518,,-0.754,8.202
1938,-36.83,-9.885,-26.374,-25.528,-0.394,-1.703,-4657.265,-4665.643,-4558.559,-3956.509,-3951.62,-3581.719,700.756,714.023,976.84,,0.700756,0.714023,0.97684,,-8.659,7.701,-8.714,5.812,,-2096.451,-461.285,-2090.691,-453.35,,5.76,7.935,,-8.585,-19.801,-8.276,-21.515,,-2089.218,-475.521,-2089.663,-469.033,,-0.445,6.488
1939,22.794,0.38,-15.273,34.424,6.441,0.74,-4634.471,-4665.263,-4573.832,-3922.085,-3945.179,-3580.979,712.386,720.084,992.853,,0.712386,0.720084,0.992853,,-8.796,18.933,-8.922,12.83,,-2105.247,-442.352,-2099.613,-440.52,,5.634,1.832,,-8.747,41.298,-9.2,40.4,,-2097.965,-434.223,-2098.863,-428.633,,-0.898,5.59
1940,-48.66,-49.623,-36.348,-33.075,-28.194,-8.657,-4683.131,-4714.886,-4610.18,-3955.16,-3973.373,-3589.636,727.971,741.513,1020.544,,0.727971,0.741513,1.020544,,-8.893,-30.293,-8.764,-21.564,,-2114.14,-472.645,-2108.377,-462.084,,5.763,10.561,,-8.32,-29.947,-9.228,-25.212,,-2106.285,-464.17,-2108.091,-453.845,,-1.806,10.325
1941,-34.614,-12.481,0.62,-29.234,-3.437,17.539,-4717.745,-4727.367,-4609.56,-3984.394,-3976.81,-3572.097,733.351,750.557,1037.463,,0.733351,0.750557,1.037463,,-8.919,4.474,-8.614,1.866,,-2123.059,-468.171,-2116.991,-460.218,,6.068,7.953,,-9.417,-16.471,-8.884,-21.263,,-2115.702,-480.641,-2116.975,-475.108,,-1.273,5.533
1942,24.833,5.2,-44.762,33,8.63,-17.705,-4692.912,-4722.167,-4654.322,-3951.394,-3968.18,-3589.802,741.518,753.987,1064.52,,0.741518,0.753987,1.06452,,-8.517,19.309,-8.764,12.63,,-2131.576,-448.862,-2125.755,-447.588,,5.821,1.274,,-8.803,40.022,-8.692,38.476,,-2124.505,-440.619,-2125.667,-436.632,,-1.162,3.987
1943,-41.737,-43.353,-3.085,-27.301,-25.206,12.067,-4734.649,-4765.52,-4657.407,-3978.695,-3993.386,-3577.735,755.954,772.134,1079.672,,0.755954,0.772134,1.079672,,-8.717,-29.343,-9.157,-20.7,,-2140.293,-478.205,-2134.912,-468.288,,5.381,9.917,,-8.883,-28.111,-9.116,-22.799,,-2133.388,-468.73,-2134.783,-459.431,,-1.395,9.299
1944,-31.619,-7.951,-32.03,-26.013,0.12,-7.258,-4766.268,-4773.471,-4689.437,-4004.708,-3993.266,-3584.993,761.56,780.205,1104.444,,0.76156,0.780205,1.104444,,-8.939,6.154,-8.904,6.007,,-2149.232,-472.051,-2143.816,-462.281,,5.416,9.77,,-8.474,-18.004,-9.121,-19.935,,-2141.862,-486.734,-2143.904,-479.366,,-2.042,7.368
1945,24.889,-0.792,-3.12,31.97,2.534,7.503,-4741.379,-4774.263,-4692.557,-3972.738,-3990.732,-3577.49,768.641,783.531,1115.067,,0.768641,0.783531,1.115067,,-8.786,13.881,-8.695,6.649,,-2158.018,-458.17,-2152.511,-455.632,,5.507,2.538,,-8.722,39.479,-8.666,35.882,,-2150.584,-447.255,-2152.57,-443.484,,-1.986,3.771
1946,-42.545,-38.294,-32.551,-25.095,-20.99,-8.594,-4783.924,-4812.557,-4725.108,-3997.833,-4011.722,-3586.084,786.091,800.835,1139.024,,0.786091,0.800835,1.139024,,-8.892,-22.743,-8.388,-18.842,,-2166.91,-480.913,-2160.899,-474.474,,6.011,6.439,,-8.543,-27.088,-9.06,-22.541,,-2159.127,-474.343,-2161.63,-466.025,,-2.503,8.318
1947,-34.892,-15.326,-3.363,-17.209,6.165,8.077,-4818.816,-4827.883,-4728.471,-4015.042,-4005.557,-3578.007,803.774,822.326,1150.464,,0.803774,0.822326,1.150464,,-8.715,2.064,-8.92,7.22,,-2175.625,-478.849,-2169.819,-467.254,,5.806,11.595,,-9.038,-18.251,-8.554,-17.313,,-2168.165,-492.594,-2170.184,-483.338,,-2.019,9.256
1948,21.415,-5.286,-34.904,34.428,7.789,-10.131,-4797.401,-4833.169,-4763.375,-3980.614,-3997.768,-3588.138,816.787,835.401,1175.237,,0.816787,0.835401,1.175237,,-8.869,14.567,-8.886,8.332,,-2184.494,-464.282,-2178.705,-458.922,,5.789,5.36,,-8.7,38.698,-9.278,35.415,,-2176.865,-453.896,-2179.462,-447.923,,-2.597,5.973
1949,-43.38,-42.93,-5.153,-24.014,-23.627,5.089,-4840.781,-4876.099,-4768.528,-4004.628,-4021.395,-3583.049,836.153,854.704,1185.479,,0.836153,0.854704,1.185479,,-8.688,-22.963,-8.703,-25.212,,-2193.182,-487.245,-2187.408,-484.134,,5.774,3.111,,-9.128,-25.306,-9.082,-24.602,,-2185.993,-479.202,-2188.544,-472.525,,-2.551,6.677
1950,-38.877,-13.995,-33.845,-13.703,15,-3.077,-4879.658,-4890.094,-4802.373,-4018.331,-4006.395,-3586.126,861.327,883.699,1216.247,,0.861327,0.883699,1.216247,,-8.782,5.075,-9.016,13.217,,-2201.964,-482.17,-2196.424,-470.917,,5.54,11.253,,-8.632,-20.65,-8.885,-15.959,,-2194.625,-499.852,-2197.429,-488.484,,-2.804,11.368
1951,24.885,-6.614,-4.599,41.541,9.163,8.352,-4854.773,-4896.708,-4806.972,-3976.79,-3997.232,-3577.774,877.983,899.476,1229.198,,0.877983,0.899476,1.229198,,-8.701,10.873,-8.806,6.267,,-2210.665,-471.297,-2205.23,-464.65,,5.435,6.647,,-8.971,41.673,-9.059,36.839,,-2203.596,-458.179,-2206.488,-451.645,,-2.892,6.534
1952,-46.669,-40.4,-38.496,-22.248,-21.037,-8.484,-4901.442,-4937.108,-4845.468,-3999.038,-4018.269,-3586.258,902.404,918.839,1259.21,,0.902404,0.918839,1.25921,,-8.659,-22.908,-9.061,-25.324,,-2219.324,-494.205,-2214.291,-489.974,,5.033,4.231,,-9.209,-28.123,-8.794,-27.355,,-2212.805,-486.302,-2215.282,-479,,-2.477,7.302
1953,-35.54,-8.84,9.531,-11.162,17.402,27.081,-4936.982,-4945.948,-4835.937,-4010.2,-4000.867,-3559.177,926.782,945.081,1276.76,,0.926782,0.945081,1.27676,,-8.918,7.037,-8.964,11.54,,-2228.242,-487.168,-2223.255,-478.434,,4.987,8.734,,-8.818,-18.302,-8.921,-15.946,,-2221.623,-504.604,-2224.203,-494.946,,-2.58,9.658
1954,25.874,-2.89,-40.55,43.277,17.517,-8.892,-4911.108,-4948.838,-4876.487,-3966.923,-3983.35,-3568.069,944.185,965.488,1308.418,,0.944185,0.965488,1.308418,,-8.856,11.081,-8.632,11.425,,-2237.098,-476.087,-2231.887,-467.009,,5.211,9.078,,-8.643,40.663,-8.764,39.657,,-2230.266,-463.941,-2232.967,-455.289,,-2.701,8.652
1955,-39.462,-37.439,-0.427,-24.16,-24.308,16.867,-4950.57,-4986.277,-4876.914,-3991.083,-4007.658,-3551.202,959.487,978.619,1325.712,,0.959487,0.978619,1.325712,,-8.86,-26.641,-8.519,-30.491,,-2245.958,-502.728,-2240.406,-497.5,,5.552,5.228,,-8.853,-27.395,-8.627,-28.474,,-2239.119,-491.336,-2241.594,-483.763,,-2.475,7.573
1956,-30.143,0.768,-22.151,-14.574,17.838,6.048,-4980.713,-4985.509,-4899.065,-4005.657,-3989.82,-3545.154,975.056,995.689,1353.911,,0.975056,0.995689,1.353911,,-8.735,10.635,-8.743,12.96,,-2254.693,-492.093,-2249.149,-484.54,,5.544,7.553,,-8.383,-20.295,-8.811,-18.357,,-2247.502,-511.631,-2250.405,-502.12,,-2.903,9.511
1957,33.312,1.78,-2.262,44.968,14.509,10.961,-4947.401,-4983.729,-4901.327,-3960.689,-3975.311,-3534.193,986.712,1008.418,1367.134,,0.986712,1.008418,1.367134,,-8.798,9.858,-8.736,12.329,,-2263.491,-482.235,-2257.885,-472.211,,5.606,10.024,,-9.004,42.78,-8.937,42.267,,-2256.506,-468.851,-2259.342,-459.853,,-2.836,8.998
1958,-38.245,-34.304,-28.524,-27.059,-28.24,-5.779,-4985.646,-5018.033,-4929.851,-3987.748,-4003.551,-3539.972,997.898,1014.482,1389.879,,0.997898,1.014482,1.389879,,-9.034,-25.094,-8.65,-27.64,,-2272.525,-507.329,-2266.535,-499.851,,5.99,7.478,,-8.707,-28.563,-9.02,-27.745,,-2265.213,-497.414,-2268.362,-487.598,,-3.149,9.816
1959,-30.019,-0.998,1.973,-18.438,4.749,14.091,-5015.665,-5019.031,-4927.878,-4006.186,-3998.802,-3525.881,1009.479,1020.229,1401.997,,1.009479,1.020229,1.401997,,-8.871,8.42,-8.821,6.717,,-2281.396,-498.909,-2275.356,-493.134,,6.04,5.775,,-9.176,-19.471,-8.86,-18.876,,-2274.389,-516.885,-2277.222,-506.474,,-2.833,10.411
1960,27.971,1.117,-29.436,42.053,16.949,-6.623,-4987.694,-5017.914,-4957.314,-3964.133,-3981.853,-3532.504,1023.561,1036.061,1424.81,,1.023561,1.036061,1.42481,,-9.003,13.4,-8.719,16.511,,-2290.399,-485.509,-2284.075,-476.623,,6.324,8.886,,-8.566,39.462,-9.025,40.12,,-2282.955,-477.423,-2286.247,-466.354,,-3.292,11.069
1961,-38.137,-42.23,2.129,-26.247,-27.684,12.537,-5025.831,-5060.144,-4955.185,-3990.38,-4009.537,-3519.967,1035.451,1050.607,1435.218,,1.035451,1.050607,1.435218,,-8.912,-27.982,-9.049,-27.821,,-2299.311,-513.491,-2293.124,-504.444,,6.187,9.047,,-8.991,-24.013,-8.78,-25.449,,-2291.946,-501.436,-2295.027,-491.803,,-3.081,9.633
1962,-37.023,-9.484,-29.374,-21.819,4.933,-6.321,-5062.854,-5069.628,-4984.559,-4012.199,-4004.604,-3526.288,1050.655,1065.024,1458.271,,1.050655,1.065024,1.458271,,-8.83,8.653,-8.753,6.288,,-2308.141,-504.838,-2301.877,-498.156,,6.264,6.682,,-8.665,-21.013,-8.925,-20.082,,-2300.611,-522.449,-2303.952,-511.885,,-3.341,10.564
1963,20.792,-7.864,-0.003,37.533,9.873,7.671,-5042.062,-5077.492,-4984.562,-3974.666,-3994.731,-3518.617,1067.396,1082.761,1465.945,,1.067396,1.082761,1.465945,,-8.619,12.543,-8.363,11.868,,-2316.76,-492.295,-2310.24,-486.288,,6.52,6.007,,-8.716,38.677,-8.669,38.554,,-2309.327,-483.772,-2312.621,-473.331,,-3.294,10.441
1964,-41.647,-46.583,-34.01,-25.569,-24.357,-12.65,-5083.709,-5124.075,-5018.572,-4000.235,-4019.088,-3531.267,1083.474,1104.987,1487.305,,1.083474,1.104987,1.487305,,-8.441,-26.335,-9.027,-20.358,,-2325.201,-518.63,-2319.267,-506.646,,5.934,11.984,,-8.378,-23.428,-8.998,-23.442,,-2317.705,-507.2,-2321.619,-496.773,,-3.914,10.427
1965,-40.002,-14.709,9.119,-18.915,2.152,24.06,-5123.711,-5138.784,-5009.453,-4019.15,-4016.936,-3507.207,1104.561,1121.848,1502.246,,1.104561,1.121848,1.502246,,-8.896,5.929,-8.667,2.675,,-2334.097,-512.701,-2327.934,-503.971,,6.163,8.73,,-8.945,-19.513,-8.269,-19.748,,-2326.65,-526.713,-2329.888,-516.521,,-3.238,10.192
1966,15.579,-5.534,-35.41,39.262,17.934,-2.528,-5108.132,-5144.318,-5044.863,-3979.888,-3999.002,-3509.735,1128.244,1145.316,1535.128,,1.128244,1.145316,1.535128,,-8.988,15.526,-8.598,12.433,,-2343.085,-497.175,-2336.532,-491.538,,6.553,5.637,,-8.844,36.485,-9.341,36.333,,-2335.494,-490.228,-2339.229,-480.188,,-3.735,10.04
1967,-42.36,-46.556,-6.888,-20.092,-17.951,17.71,-5150.492,-5190.874,-5051.751,-3999.98,-4016.953,-3492.025,1150.512,1173.921,1559.726,,1.150512,1.173921,1.559726,,-8.753,-27.735,-8.818,-21.683,,-2351.838,-524.91,-2345.35,-513.221,,6.488,11.689,,-9.177,-23.576,-8.982,-22.155,,-2344.671,-513.804,-2348.211,-502.343,,-3.54,11.461
1968,-34.767,-8.335,-18.345,-16.728,10.856,5.922,-5185.259,-5199.209,-5070.096,-4016.708,-4006.097,-3486.103,1168.551,1193.112,1583.993,,1.168551,1.193112,1.583993,,-8.775,7.744,-8.717,6.733,,-2360.613,-517.166,-2354.067,-506.488,,6.546,10.678,,-8.822,-18.773,-9.257,-18.909,,-2353.493,-532.577,-2357.468,-521.252,,-3.975,11.325
1969,24.683,-0.441,-8.86,45.687,15.897,16.884,-5160.576,-5199.65,-5078.956,-3971.021,-3990.2,-3469.219,1189.555,1209.45,1609.737,,1.189555,1.20945,1.609737,,-8.889,13.569,-8.707,7.338,,-2369.502,-503.597,-2362.774,-499.15,,6.728,4.447,,-9.145,39.112,-8.395,36.96,,-2362.638,-493.465,-2365.863,-484.292,,-3.225,9.173
1970,-44.403,-40.152,-32.268,-17.093,-10.304,-0.095,-5204.979,-5239.802,-5111.224,-3988.114,-4000.504,-3469.314,1216.865,1239.298,1641.91,,1.216865,1.239298,1.64191,,-8.789,-26.15,-8.87,-19.691,,-2378.291,-529.747,-2371.644,-518.841,,6.647,10.906,,-8.706,-29.333,-9.512,-24.156,,-2371.344,-522.798,-2375.375,-508.448,,-4.031,14.35
1971,-27.424,-5.254,0.812,-12.085,15.503,19.064,-5232.403,-5245.056,-5110.412,-4000.199,-3985.001,-3450.25,1232.204,1260.055,1660.162,,1.232204,1.260055,1.660162,,-8.78,6.438,-8.146,8.763,,-2387.071,-523.309,-2379.79,-510.078,,7.281,13.231,,-8.689,-14.306,-8.176,-17.949,,-2380.033,-537.104,-2383.551,-526.397,,-3.518,10.707
1972,26.072,5.335,-40.649,41.361,12.074,-6.968,-5206.331,-5239.721,-5151.061,-3958.838,-3972.927,-3457.218,1247.493,1266.794,1693.843,,1.247493,1.266794,1.693843,,-8.54,15.09,-8.939,6.363,,-2395.611,-508.219,-2388.729,-503.715,,6.882,4.504,,-8.469,37.798,-9.02,36.464,,-2388.502,-499.306,-2392.571,-489.933,,-4.069,9.373
1973,-37.871,-38.757,0.526,-13.919,-12.51,24.647,-5244.202,-5278.478,-5150.535,-3972.757,-3985.437,-3432.571,1271.445,1293.041,1717.964,,1.271445,1.293041,1.717964,,-9.107,-29.119,-8.421,-23.071,,-2404.718,-537.338,-2397.15,-526.786,,7.568,10.552,,-8.688,-28.242,-8.258,-24.404,,-2397.19,-527.548,-2400.829,-514.337,,-3.639,13.211
1974,-28.399,-1.342,-35.474,-12.896,18.516,-1.376,-5272.601,-5279.82,-5186.009,-3985.653,-3966.921,-3433.947,1286.948,1312.899,1752.062,,1.286948,1.312899,1.752062,,-8.656,9.228,-9.151,13.664,,-2413.374,-528.11,-2406.301,-513.122,,7.073,14.988,,-8.603,-17.439,-9.243,-17.483,,-2405.793,-544.987,-2410.072,-531.82,,-4.279,13.167
1975,29.244,-0.307,-8.508,40.954,8.557,11.122,-5243.357,-5280.127,-5194.517,-3944.699,-3958.364,-3422.825,1298.658,1321.763,1771.692,,1.298658,1.321763,1.771692,,-8.975,12.08,-8.293,4.113,,-2422.349,-516.03,-2414.594,-509.009,,7.755,7.021,,-8.931,40.77,-8.836,38.172,,-2414.724,-504.217,-2418.908,-493.648,,-4.184,10.569
1976,-39.704,-38.857,-27.792,-22.437,-20.823,0.948,-5283.061,-5318.984,-5222.309,-3967.136,-3979.187,-3421.877,1315.925,1339.797,1800.432,,1.315925,1.339797,1.800432,,-8.905,-25.938,-9.078,-24.082,,-2431.254,-541.968,-2423.672,-533.091,,7.582,8.877,,-8.79,-28.209,-8.411,-25.539,,-2423.514,-532.426,-2427.319,-519.187,,-3.805,13.239
1977,-28.048,-4.507,2.463,-10.585,20.086,27.308,-5311.109,-5323.491,-5219.846,-3977.721,-3959.101,-3394.569,1333.388,1364.39,1825.277,,1.333388,1.36439,1.825277,,-8.923,6.757,-8.294,12.026,,-2440.177,-535.211,-2431.966,-521.065,,8.211,14.146,,-9.217,-17.782,-9.354,-17.83,,-2432.731,-550.208,-2436.673,-537.017,,-3.942,13.191
1978,26.396,2.351,-31.797,47.835,21.045,3.901,-5284.713,-5321.14,-5251.643,-3929.886,-3938.056,-3390.668,1354.827,1383.084,1860.975,,1.354827,1.383084,1.860975,,-8.43,15.207,-8.686,10.977,,-2448.607,-520.004,-2440.652,-510.088,,7.955,9.916,,-8.663,38.572,-9.467,38.215,,-2441.394,-511.636,-2446.14,-498.802,,-4.746,12.834
1979,-38.049,-41.085,-4.567,-14.21,-16.441,20.129,-5322.762,-5362.225,-5256.21,-3944.096,-3954.497,-3370.539,1378.666,1407.728,1885.671,,1.378666,1.407728,1.885671,,-8.603,-27.308,-8.608,-27.756,,-2457.21,-547.312,-2449.26,-537.844,,7.95,9.468,,-8.6,-25.596,-8.622,-24.541,,-2449.994,-537.232,-2454.762,-523.343,,-4.768,13.889
1980,-33.647,-6.023,-25.751,-8.383,24.058,14.729,-5356.409,-5368.248,-5281.961,-3952.479,-3930.439,-3355.81,1403.93,1437.809,1926.151,,1.40393,1.437809,1.926151,,-8.653,7.107,-8.503,12.176,,-2465.863,-540.205,-2457.763,-525.668,,8.1,14.537,,-8.513,-20.732,-8.415,-19.84,,-2458.507,-557.964,-2463.177,-543.183,,-4.67,14.781
1981,31.415,4.475,3.354,47.278,17.461,18.561,-5324.994,-5363.773,-5278.607,-3905.201,-3912.978,-3337.249,1419.793,1450.795,1941.358,,1.419793,1.450795,1.941358,,-8.984,14.22,-8.533,8.476,,-2474.847,-525.985,-2466.296,-517.192,,8.551,8.793,,-8.922,42.223,-8.293,38.54,,-2467.429,-515.741,-2471.47,-504.643,,-4.041,11.098
1982,-38.113,-35.369,-36.631,-18.463,-18.458,-2.025,-5363.107,-5399.142,-5315.238,-3923.664,-3931.436,-3339.274,1439.443,1467.706,1975.964,,1.439443,1.467706,1.975964,,-9.021,-25.62,-8.863,-23.781,,-2483.868,-551.605,-2475.159,-540.973,,8.709,10.632,,-8.696,-28.074,-8.966,-23.368,,-2476.125,-543.815,-2480.436,-528.011,,-4.311,15.804
1983,-30.337,-6.928,7.729,-11.941,15.78,25.009,-5393.444,-5406.07,-5307.509,-3935.605,-3915.656,-3314.265,1457.839,1490.414,1993.244,,1.457839,1.490414,1.993244,,-9.098,3.557,-8.43,7.274,,-2492.966,-548.048,-2483.589,-533.699,,9.377,14.349,,-9.072,-19.015,-8.944,-20.484,,-2485.197,-562.83,-2489.38,-548.495,,-4.183,14.335
1984,28.646,3.414,-39.722,43.751,16.263,2.451,-5364.798,-5402.656,-5347.231,-3891.854,-3899.393,-3311.814,1472.944,1503.263,2035.417,,1.472944,1.503263,2.035417,,-8.732,14.761,-8.796,10.753,,-2501.698,-533.287,-2492.385,-522.946,,9.313,10.341,,-8.837,40.296,-9.099,38.32,,-2494.034,-522.534,-2498.479,-510.175,,-4.445,12.359
1985,-37.094,-35.306,3.197,-20.2,-17.494,16.225,-5401.892,-5437.962,-5344.034,-3912.054,-3916.887,-3295.589,1489.838,1521.075,2048.445,,1.489838,1.521075,2.048445,,-8.553,-25.482,-7.93,-21.2,,-2510.251,-558.769,-2500.315,-544.146,,9.936,14.623,,-9.081,-25.683,-9.106,-22.847,,-2503.115,-548.217,-2507.585,-533.022,,-4.47,15.195
1986,-30.539,-1.802,-25.503,-18.515,9.459,10.538,-5432.431,-5439.764,-5369.537,-3930.569,-3907.428,-3285.051,1501.862,1532.336,2084.486,,1.501862,1.532336,2.084486,,-8.768,7.722,-8.879,7.145,,-2519.019,-551.047,-2509.194,-537.001,,9.825,14.046,,-8.654,-20.609,-8.933,-20.186,,-2511.769,-568.826,-2516.518,-553.208,,-4.749,15.618
1987,31.237,-0.324,-4.45,45.486,15.27,15.131,-5401.194,-5440.088,-5373.987,-3885.083,-3892.158,-3269.92,1516.111,1547.93,2104.067,,1.516111,1.54793,2.104067,,-8.641,10.03,-8.485,7.452,,-2527.66,-541.017,-2517.679,-529.549,,9.981,11.468,,-8.862,41.506,-8.773,37.356,,-2520.631,-527.32,-2525.291,-515.852,,-4.66,11.468
1988,-39.443,-33.562,-22.946,-9.146,-4.699,11.719,-5440.637,-5473.65,-5396.933,-3894.229,-3896.857,-3258.201,1546.408,1576.793,2138.732,,1.546408,1.576793,2.138732,,-8.733,-21.7,-8.596,-18.98,,-2536.393,-562.717,-2526.275,-548.529,,10.118,14.188,,-8.808,-28.014,-8.52,-22.924,,-2529.439,-555.334,-2533.811,-538.776,,-4.372,16.558
1989,-31.244,-7.213,9.027,-7.113,17.753,27.356,-5471.881,-5480.863,-5387.906,-3901.342,-3879.104,-3230.845,1570.539,1601.759,2157.061,,1.570539,1.601759,2.157061,,-9.316,6.61,-8.726,6.59,,-2545.709,-556.107,-2535.001,-541.939,,10.708,14.168,,-9.196,-18.461,-8.222,-18.882,,-2538.635,-573.795,-2542.033,-557.658,,-3.398,16.137
1990,23.941,-4.972,-32.861,43.521,13.318,-11.41,-5447.94,-5485.835,-5420.767,-3857.821,-3865.786,-3242.255,1590.119,1620.049,2178.512,,1.590119,1.620049,2.178512,,-8.811,9.905,-8.645,5.203,,-2554.52,-546.202,-2543.646,-536.736,,10.874,9.466,,-8.661,38.091,-9.114,35.757,,-2547.296,-535.704,-2551.147,-521.901,,-3.851,13.803
1991,-39.361,-40.446,6.536,-12.929,-9.281,13.814,-5487.301,-5526.281,-5414.231,-3870.75,-3875.067,-3228.441,1616.551,1651.214,2185.79,,1.616551,1.651214,2.18579,,-8.957,-23.968,-8.511,-17.318,,-2563.477,-570.17,-2552.157,-554.054,,11.32,16.116,,-9.045,-24.139,-9.137,-21.515,,-2556.341,-559.843,-2560.284,-543.416,,-3.943,16.427
1992,-36.763,-9.424,-26.271,-12.804,13.056,-4.58,-5524.064,-5535.705,-5440.502,-3883.554,-3862.011,-3233.021,1640.51,1673.694,2207.481,,1.64051,1.673694,2.207481,,-8.871,8.663,-8.86,8.159,,-2572.348,-561.507,-2561.017,-545.895,,11.331,15.612,,-8.534,-20.016,-9.261,-19.027,,-2564.875,-579.859,-2569.545,-562.443,,-4.67,17.416
1993,22.582,-7.507,0.331,39.003,7.733,1.019,-5501.482,-5543.212,-5440.171,-3844.551,-3854.278,-3232.002,1656.931,1688.934,2208.169,,1.656931,1.688934,2.208169,,-8.953,9.986,-8.333,3.218,,-2581.301,-551.521,-2569.35,-542.677,,11.951,8.844,,-9.094,39.744,-9.061,34.763,,-2573.969,-540.115,-2578.606,-527.68,,-4.637,12.435
1994,-42.67,-40.684,-36.298,-13.193,-6.77,-2.372,-5544.152,-5583.896,-5476.469,-3857.744,-3861.048,-3234.374,1686.408,1722.848,2242.095,,1.686408,1.722848,2.242095,,-8.793,-24.872,-8.235,-15.743,,-2590.094,-576.393,-2577.585,-558.42,,12.509,17.973,,-8.755,-25.955,-8.802,-21.002,,-2582.724,-566.07,-2587.408,-548.682,,-4.684,17.388
1995,-33.07,-5.937,2.524,-5.635,22.659,23.863,-5577.222,-5589.833,-5473.945,-3863.379,-3838.389,-3210.511,1713.843,1751.444,2263.434,,1.713843,1.751444,2.263434,,-8.805,7.76,-8.682,9.055,,-2598.899,-568.633,-2586.267,-549.365,,12.632,19.268,,-8.863,-18.936,-8.376,-18.75,,-2591.587,-585.006,-2595.784,-567.432,,-4.197,17.574
1996,23.745,-0.256,-33.594,47.044,13.182,2.523,-5553.477,-5590.089,-5507.539,-3816.335,-3825.207,-3207.988,1737.142,1764.882,2299.551,,1.737142,1.764882,2.299551,,-8.67,13.827,-8.666,0.226,,-2607.569,-554.806,-2594.933,-549.139,,12.636,5.667,,-8.793,38.731,-9.161,34.999,,-2600.38,-546.275,-2604.945,-532.433,,-4.565,13.842
1997,-39.625,-42.821,-4.643,-12.629,-5.942,17.057,-5593.102,-5632.91,-5512.182,-3828.964,-3831.149,-3190.931,1764.138,1801.761,2321.251,,1.764138,1.801761,2.321251,,-9.494,-28.455,-8.269,-17.405,,-2617.063,-583.261,-2603.202,-566.544,,13.861,16.717,,-8.985,-24.818,-8.461,-22.497,,-2609.365,-571.093,-2613.406,-554.93,,-4.041,16.163
1998,-35.503,-4.75,-24.75,-2.039,31.636,16.381,-5628.605,-5637.66,-5536.932,-3831.003,-3799.513,-3174.55,1797.602,1838.147,2362.382,,1.797602,1.838147,2.362382,,-8.923,8.98,-8.728,13.877,,-2625.986,-574.281,-2611.93,-552.667,,14.056,21.614,,-8.726,-20.633,-9.233,-17.163,,-2618.091,-591.726,-2622.639,-572.093,,-4.548,19.633
1999,28.046,2.338,-15.604,48.293,16.343,18.206,-5600.559,-5635.322,-5552.536,-3782.71,-3783.17,-3156.344,1817.849,1852.152,2396.192,,1.817849,1.852152,2.396192,,-9.101,13.484,-8.76,0.756,,-2635.087,-560.797,-2620.69,-551.911,,14.397,8.886,,-9.405,41.021,-8.815,34.62,,-2627.496,-550.705,-2631.454,-537.473,,-3.958,13.232
2000,-41.13,-39.977,-31.019,-8.386,-5.229,13.138,-5641.689,-5675.299,-5583.555,-3791.096,-3788.399,-3143.206,1850.593,1886.9,2440.349,,1.850593,1.8869,2.440349,,-9.128,-27.248,-8.346,-20.36,,-2644.215,-588.045,-2629.036,-572.271,,15.179,15.774,,-8.847,-28.59,-8.888,-22.868,,-2636.343,-579.295,-2640.342,-560.341,,-3.999,18.954
2001,-27.581,-2.613,4.614,-5.028,24.138,20.352,-5669.27,-5677.912,-5578.941,-3796.124,-3764.261,-3122.854,1873.146,1913.651,2456.087,,1.873146,1.913651,2.456087,,-8.894,8.112,-8.707,13.824,,-2653.109,-579.933,-2637.743,-558.447,,15.366,21.486,,-9.063,-16.953,-9.059,-16.361,,-2645.406,-596.248,-2649.401,-576.702,,-3.995,19.546
2002,27.52,1.558,-36.451,43.36,13.031,0.126,-5641.75,-5676.354,-5615.392,-3752.764,-3751.23,-3122.728,1888.986,1925.124,2492.664,,1.888986,1.925124,2.492664,,-8.688,13.767,-8.346,2.37,,-2661.797,-566.166,-2646.089,-556.077,,15.708,10.089,,-8.625,38.695,-9.209,33.9,,-2654.031,-557.553,-2658.61,-542.802,,-4.579,14.751
2003,-36.691,-39.567,3.345,-9.588,-8.449,22.077,-5678.441,-5715.921,-5612.047,-3762.352,-3759.679,-3100.651,1916.089,1956.242,2511.396,,1.916089,1.956242,2.511396,,-8.984,-28.518,-8.553,-19.437,,-2670.781,-594.684,-2654.642,-575.514,,16.139,19.17,,-8.879,-26.34,-8.003,-21.369,,-2662.91,-583.893,-2666.613,-564.171,,-3.703,19.722
2004,-28.783,-1.514,-25.18,-14.126,12.422,9.095,-5707.224,-5717.435,-5637.227,-3776.478,-3747.257,-3091.556,1930.746,1970.178,2545.671,,1.930746,1.970178,2.545671,,-8.188,9.6,-8.845,7.378,,-2678.969,-585.084,-2663.487,-568.136,,15.482,16.948,,-9.104,-17.971,-8.976,-18.845,,-2672.014,-601.864,-2675.589,-583.016,,-3.575,18.848
2005,24.991,-4.152,3.115,42.003,13.564,17.928,-5682.233,-5721.587,-5634.112,-3734.475,-3733.693,-3073.628,1947.758,1987.894,2560.484,,1.947758,1.987894,2.560484,,-9.645,10.45,-8.349,6.96,,-2688.614,-574.634,-2671.836,-561.176,,16.778,13.458,,-9.243,38.373,-8.793,34.924,,-2681.257,-563.491,-2684.382,-548.092,,-3.125,15.399
2006,-40.821,-39.208,-29.199,-17.659,-9.689,4.344,-5723.054,-5760.795,-5663.311,-3752.134,-3743.382,-3069.284,1970.92,2017.413,2594.027,,1.97092,2.017413,2.594027,,-8.811,-23.749,-8.327,-15.745,,-2697.425,-598.383,-2680.163,-576.921,,17.262,21.462,,-8.481,-26.068,-9.492,-21.616,,-2689.738,-589.559,-2693.874,-569.708,,-4.136,19.851
2007,-31.661,-6.63,4.751,-14.558,10.598,21.364,-5754.715,-5767.425,-5658.56,-3766.692,-3732.784,-3047.92,1988.023,2034.641,2610.64,,1.988023,2.034641,2.61064,,-8.593,6.508,-8.98,5.866,,-2706.018,-591.875,-2689.143,-571.055,,16.875,20.82,,-8.922,-17.824,-8.88,-17.35,,-2698.66,-607.383,-2702.754,-587.058,,-4.094,20.325
2008,25.727,0.175,-28.609,32.82,1.334,0.546,-5728.988,-5767.25,-5687.169,-3733.872,-3731.45,-3047.374,1995.116,2035.8,2639.795,,1.995116,2.0358,2.639795,,-8.577,12.385,-8.758,-0.975,,-2714.595,-579.49,-2697.901,-572.03,,16.694,7.46,,-8.37,38.107,-8.362,32.849,,-2707.03,-569.276,-2711.116,-554.209,,-4.086,15.067
2009,-37.048,-35.627,0.244,-20.382,-3.904,10.442,-5766.036,-5802.877,-5686.925,-3754.254,-3735.354,-3036.932,2011.782,2067.523,2649.993,,2.011782,2.067523,2.649993,,-8.905,-23.772,-8.389,-7.529,,-2723.5,-603.262,-2706.29,-579.559,,17.21,23.703,,-8.661,-24.768,-9.484,-21.581,,-2715.691,-594.044,-2720.6,-575.79,,-4.909,18.254
2010,-34.846,-6.59,-27.966,-8.799,12.829,11.64,-5800.882,-5809.467,-5714.891,-3763.053,-3722.525,-3025.292,2037.829,2086.942,2689.599,,2.037829,2.086942,2.689599,,-8.988,5.822,-8.444,5.863,,-2732.488,-597.44,-2714.734,-573.696,,17.754,23.744,,-8.647,-21.16,-9.509,-15.407,,-2724.338,-615.204,-2730.109,-591.197,,-5.771,24.007
2011,28.601,2.364,-2.296,38.907,-0.76,10.476,-5772.281,-5807.103,-5717.187,-3724.146,-3723.285,-3014.816,2048.135,2083.818,2702.371,,2.048135,2.083818,2.702371,,-8.855,12.436,-8.942,-7.4,,-2741.343,-585.004,-2723.676,-581.096,,17.667,3.908,,-9.241,40.914,-8.785,32.067,,-2733.579,-574.29,-2738.894,-559.13,,-5.315,15.16