year,forest,NCE_2011,NCE_CONST,NCE_2011_cum,NCE_CONST_cum,crops,NCE_2011,NCE_CONST,NCE_2011_cum,NCE_CONST_cum,pasture,NCE_2011,NCE_CONST,NCE_2011_cum,NCE_CONST_cum
1701,,-87.716,14.582,-87.716,14.582,,-2.03,-1.91,-2.03,-1.91,,-0.572,0.162,-0.572,0.162
1702,,25.92,13.698,-61.796,28.28,,-3.384,-3.25,-5.414,-5.16,,-1.881,-0.575,-2.453,-0.413
1703,,-3.702,13.287,-65.498,41.567,,-4.078,-3.999,-9.492,-9.159,,0.615,-0.937,-1.838,-1.35
1704,,-82.776,13.226,-148.274,54.793,,-4.462,-4.227,-13.954,-13.386,,1.573,-1.175,-0.265,-2.525
1705,,96.077,13.883,-52.197,68.676,,-5.034,-4.887,-18.988,-18.273,,-0.661,-1.23,-0.926,-3.755
1706,,1.552,14.274,-50.645,82.95,,-5.452,-5.2,-24.44,-23.473,,-5.074,-1.327,-6,-5.082
1707,,-74.838,14.516,-125.483,97.466,,-5.432,-5.313,-29.872,-28.786,,-5.91,-1.373,-11.91,-6.455
1708,,55.662,14.201,-69.821,111.667,,-5.698,-5.619,-35.57,-34.405,,-5.538,-1.444,-17.448,-7.899
1709,,184.581,13.899,114.76,125.566,,-6.072,-5.858,-41.642,-40.263,,-1.706,-1.637,-19.154,-9.536
1710,,4.008,13.952,118.768,139.518,,-6.675,-6.485,-48.317,-46.748,,-4.205,-1.691,-23.359,-11.227
1711,,-266.257,13.832,-147.489,153.35,,-7.01,-6.676,-55.327,-53.424,,-8.62,-1.907,-31.979,-13.134
1712,,96.864,14.073,-50.625,167.423,,-6.542,-6.483,-61.869,-59.907,,-3.88,-1.974,-35.859,-15.108
1713,,-436.992,14.166,-487.617,181.589,,-7.347,-6.93,-69.216,-66.837,,-7.4,-2.096,-43.259,-17.204
1714,,100.103,14.095,-387.514,195.684,,-7.001,-6.919,-76.217,-73.756,,-2.307,-2.087,-45.566,-19.291
1715,,180.774,14.187,-206.74,209.871,,-7.041,-6.898,-83.258,-80.654,,-0.182,-2.068,-45.748,-21.359
1716,,135.243,14.695,-71.497,224.566,,-6.833,-6.826,-90.091,-87.48,,-2.387,-2.063,-48.135,-23.422
1717,,9.87,14.577,-61.627,239.143,,-7.11,-6.948,-97.201,-94.428,,-3.51,-2.087,-51.645,-25.509
1718,,39.604,14.937,-22.023,254.08,,-7.567,-7.465,-104.768,-101.893,,-4.035,-2.036,-55.68,-27.545
1719,,178.716,14.951,156.693,269.031,,-6.951,-7.135,-111.719,-109.028,,-0.938,-2.051,-56.618,-29.596
1720,,71.44,15.149,228.133,284.18,,-7.717,-7.648,-119.436,-116.676,,-4.768,-2.16,-61.386,-31.756
1721,,58.663,15.266,286.796,299.446,,-7.923,-7.996,-127.359,-124.672,,-3.751,-2.26,-65.137,-34.016
1722,,35.276,15.173,322.072,314.619,,-8.257,-7.996,-135.616,-132.668,,-2.772,-2.209,-67.909,-36.225
1723,,14.22,14.79,336.292,329.409,,-8.436,-8.058,-144.052,-140.726,,-4.273,-2.03,-72.182,-38.255
1724,,-67.646,14.373,268.646,343.782,,-8.099,-7.919,-152.151,-148.645,,-0.962,-2.322,-73.144,-40.577
1725,,135.576,14.32,404.222,358.102,,-8.251,-8.166,-160.402,-156.811,,3.454,-2.323,-69.69,-42.9
1726,,-129.111,14.228,275.111,372.33,,-8.15,-8.002,-168.552,-164.813,,-8.217,-2.387,-77.907,-45.287
1727,,-380.598,15.086,-105.487,387.416,,-8.502,-8.373,-177.054,-173.186,,-5.329,-2.223,-83.236,-47.51
1728,,219.982,14.917,114.495,402.333,,-8.049,-8.512,-185.103,-181.698,,-3.567,-2.322,-86.803,-49.832
1729,,42.483,14.892,156.978,417.225,,-8.431,-8.386,-193.534,-190.084,,-0.251,-2.228,-87.054,-52.06
1730,,39.116,15.345,196.094,432.57,,-8.96,-8.809,-202.494,-198.893,,3.505,-2.5,-83.549,-54.56
1731,,73.106,15.156,269.2,447.726,,-8.852,-8.905,-211.346,-207.798,,4.464,-2.34,-79.085,-56.9
1732,,141.58,14.829,410.78,462.555,,-8.963,-9.12,-220.309,-216.918,,-5.803,-2.46,-84.888,-59.36
1733,,7.137,14.288,417.917,476.843,,-9.517,-9.283,-229.826,-226.201,,0.53,-2.643,-84.358,-62.003
1734,,300.098,14.334,718.015,491.177,,-8.915,-9.175,-238.741,-235.376,,-0.062,-2.548,-84.42,-64.551
1735,,228.226,14.562,946.241,505.739,,-9.01,-9.192,-247.751,-244.568,,-2.369,-2.851,-86.789,-67.402
1736,,13.371,14.578,959.612,520.317,,-9.579,-9.309,-257.33,-253.877,,1.664,-2.812,-85.125,-70.214
1737,,25.035,14.678,984.647,534.995,,-9.28,-9.142,-266.61,-263.019,,-5.121,-2.625,-90.246,-72.839
1738,,49.292,14.771,1033.939,549.766,,-9.469,-9.529,-276.079,-272.548,,-4.647,-2.658,-94.893,-75.497
1739,,-50.467,14.978,983.472,564.744,,-9.534,-9.478,-285.613,-282.026,,-6.371,-2.729,-101.264,-78.226
1740,,94.652,14.346,1078.124,579.09,,-10.042,-10.062,-295.655,-292.088,,-6.02,-2.443,-107.284,-80.669
1741,,-28.66,13.401,1049.464,592.491,,-9.838,-10.251,-305.493,-302.339,,-2.716,-2.696,-110,-83.365
1742,,100.829,12.851,1150.293,605.342,,-10.471,-10.53,-315.964,-312.869,,-2.008,-2.41,-112.008,-85.775
1743,,-384.356,12.648,765.937,617.99,,-10.493,-10.195,-326.457,-323.064,,-15.055,-2.371,-127.063,-88.146
1744,,3.37,12.641,769.307,630.631,,-9.86,-10.609,-336.317,-333.673,,-12.646,-2.183,-139.709,-90.329
1745,,-16.235,12.596,753.072,643.227,,-10.749,-10.58,-347.066,-344.253,,-4.551,-2.248,-144.26,-92.577
1746,,115.849,13.062,868.921,656.289,,-11.058,-10.825,-358.124,-355.078,,0.149,-2.217,-144.111,-94.794
1747,,-111.869,13.969,757.052,670.258,,-10.959,-10.819,-369.083,-365.897,,-7.696,-1.844,-151.807,-96.638
1748,,68.22,13.864,825.272,684.122,,-11.019,-11.062,-380.102,-376.959,,-9.082,-2.15,-160.889,-98.788
1749,,119.123,13.602,944.395,697.724,,-10.923,-10.852,-391.025,-387.811,,-0.82,-2.172,-161.709,-100.96
1750,,21.861,13.695,966.256,711.419,,-11.954,-11.94,-402.979,-399.751,,-8.117,-3.275,-169.826,-104.235
1751,,77.104,13.5,1043.36,724.919,,-12.623,-12.175,-415.602,-411.926,,3.061,-4.521,-166.765,-108.756
1752,,14.324,14.149,1057.684,739.068,,-12.321,-12.412,-427.923,-424.338,,0.936,-4.554,-165.829,-113.31
1753,,7.011,14.362,1064.695,753.43,,-11.997,-11.977,-439.92,-436.315,,-13.554,-4.738,-179.383,-118.048
1754,,228.534,15.724,1293.229,769.154,,-13.181,-12.888,-453.101,-449.203,,-2.171,-5.294,-181.554,-123.342
1755,,178.579,16.348,1471.808,785.502,,-12.427,-12.572,-465.528,-461.775,,-3.011,-5.007,-184.565,-128.349
1756,,231.564,16.095,1703.372,801.597,,-12.009,-12.416,-477.537,-474.191,,-3.469,-5.334,-188.034,-133.683
1757,,-11.45,15.975,1691.922,817.572,,-12.403,-12.579,-489.94,-486.77,,-10.861,-5.692,-198.895,-139.375
1758,,24.6,16.026,1716.522,833.598,,-12.838,-12.83,-502.778,-499.6,,-10.743,-5.193,-209.638,-144.568
1759,,195.057,15.999,1911.579,849.597,,-12.873,-12.897,-515.651,-512.497,,1.089,-5.154,-208.549,-149.722
1760,,-203.106,16,1708.473,865.597,,-15.097,-14.862,-530.748,-527.359,,-9.115,-3.854,-217.664,-153.576
1761,,25.954,15.85,1734.427,881.447,,-13.914,-14.214,-544.662,-541.573,,-4.42,-3.661,-222.084,-157.237
1762,,-23.348,16.005,1711.079,897.452,,-14.929,-14.741,-559.591,-556.314,,-2.188,-3.524,-224.272,-160.761
1763,,-19.546,15.837,1691.533,913.289,,-14.883,-15.152,-574.474,-571.466,,-6.878,-3.427,-231.15,-164.188
1764,,-11.549,15.49,1679.984,928.779,,-14.783,-15,-589.257,-586.466,,-7.455,-2.885,-238.605,-167.073
1765,,29.753,15.138,1709.737,943.917,,-15.807,-15.339,-605.064,-601.805,,-2.012,-2.89,-240.617,-169.963
1766,,-135.594,14.697,1574.143,958.614,,-15.633,-15.272,-620.697,-617.077,,-2.059,-2.907,-242.676,-172.87
1767,,103.526,13.62,1677.669,972.234,,-15.715,-15.792,-636.412,-632.869,,-0.78,-2.726,-243.456,-175.596
1768,,-372.57,12.789,1305.099,985.023,,-16.484,-15.617,-652.896,-648.486,,-7.303,-2.785,-250.759,-178.381
1769,,171.802,12.747,1476.901,997.77,,-15.199,-15.859,-668.095,-664.345,,-7.292,-2.668,-258.051,-181.049
1770,,-87.629,13.15,1389.272,1010.92,,-17.588,-17.668,-685.683,-682.013,,-4.901,-2.887,-262.952,-183.936
1771,,115.047,12.776,1504.319,1023.696,,-18.162,-18.072,-703.845,-700.085,,-0.283,-3.264,-263.235,-187.2
1772,,53.396,12.399,1557.715,1036.095,,-17.913,-18.025,-721.758,-718.11,,-13.135,-3.063,-276.37,-190.263
1773,,173.913,12.724,1731.628,1048.819,,-18.233,-18.196,-739.991,-736.306,,-2.058,-3.419,-278.428,-193.682
1774,,202.62,13.113,1934.248,1061.932,,-18.106,-18.66,-758.097,-754.966,,4.499,-3.232,-273.929,-196.914
1775,,-31.694,13.539,1902.554,1075.471,,-18.846,-18.761,-776.943,-773.727,,-6.903,-3.316,-280.832,-200.23
1776,,134.031,13.357,2036.585,1088.828,,-18.843,-19.01,-795.786,-792.737,,2.897,-3.174,-277.935,-203.404
1777,,-328.274,12.922,1708.311,1101.75,,-19.467,-19.223,-815.253,-811.96,,-14.363,-3.614,-292.298,-207.018
1778,,80.794,12.941,1789.105,1114.691,,-19.271,-19.418,-834.524,-831.378,,6.754,-3.366,-285.544,-210.384
1779,,74.93,13.446,1864.035,1128.137,,-19.649,-19.294,-854.173,-850.672,,-4.749,-3.124,-290.293,-213.508
1780,,6.045,14.318,1870.08,1142.455,,-22.869,-23.022,-877.042,-873.694,,-2.983,-3.473,-293.276,-216.981
1781,,26.902,14.428,1896.982,1156.883,,-22.071,-22.548,-899.113,-896.242,,-19.839,-3.506,-313.115,-220.487
1782,,82.986,14.428,1979.968,1171.311,,-23.234,-22.976,-922.347,-919.218,,-3.019,-3.706,-316.134,-224.193
1783,,41.153,14.576,2021.121,1185.887,,-23.541,-23.675,-945.888,-942.893,,-4.175,-3.885,-320.309,-228.078
1784,,-41.963,14.673,1979.158,1200.56,,-24.971,-24.008,-970.859,-966.901,,-1.53,-3.439,-321.839,-231.517
1785,,130.429,13.985,2109.587,1214.545,,-23.95,-24.454,-994.809,-991.355,,1.822,-3.73,-320.017,-235.247
1786,,38.122,13.261,2147.709,1227.806,,-23.848,-24.066,-1018.657,-1015.421,,-4.647,-3.446,-324.664,-238.693
1787,,-184.269,13.74,1963.44,1241.546,,-24.312,-24.333,-1042.969,-1039.754,,-10.158,-3.528,-334.822,-242.221
1788,,27.593,14.483,1991.033,1256.029,,-25.337,-25.248,-1068.306,-1065.002,,-7.748,-3.486,-342.57,-245.707
1789,,50.532,14.634,2041.565,1270.663,,-25.968,-25.318,-1094.274,-1090.32,,-0.06,-3.433,-342.63,-249.14
1790,,48.151,14.546,2089.716,1285.209,,-43.536,-43.229,-1137.81,-1133.549,,4.375,-5.485,-338.255,-254.625
1791,,180.766,15.153,2270.482,1300.362,,-44.042,-44.764,-1181.852,-1178.313,,20.771,-6.252,-317.484,-260.877
1792,,174.096,15.866,2444.578,1316.228,,-46.1,-46.831,-1227.952,-1225.144,,-3.742,-5.836,-321.226,-266.713
1793,,-118.539,16.015,2326.039,1332.243,,-47.766,-48.733,-1275.718,-1273.877,,-20.929,-6.421,-342.155,-273.134
1794,,48.739,15.341,2374.778,1347.584,,-49.054,-49.331,-1324.772,-1323.208,,-9.164,-6.336,-351.319,-279.47
1795,,23.852,14.661,2398.63,1362.245,,-51.245,-51.37,-1376.017,-1374.578,,-5.611,-6.392,-356.93,-285.862
1796,,134.041,14.371,2532.671,1376.616,,-51.364,-52.852,-1427.381,-1427.43,,6.137,-6.161,-350.793,-292.023
1797,,-34.622,13.926,2498.049,1390.542,,-53.114,-54.889,-1480.495,-1482.319,,10.229,-6.491,-340.564,-298.514
1798,,-4.553,13.808,2493.496,1404.35,,-55.653,-54.968,-1536.148,-1537.287,,-11.893,-6.329,-352.457,-304.843
1799,,136.978,14.456,2630.474,1418.806,,-55.562,-55.863,-1591.71,-1593.15,,-21.935,-6.825,-374.392,-311.668
1800,,-47.057,14.377,2583.417,1433.183,,-66.888,-67.131,-1658.598,-1660.281,,-33.748,-7.597,-408.14,-319.265
1801,,61.547,13.777,2644.964,1446.96,,-70.146,-69.703,-1728.744,-1729.984,,-11.446,-8.392,-419.586,-327.657
1802,,85.145,14.253,2730.109,1461.213,,-68.145,-70.598,-1796.889,-1800.582,,-10.326,-8.649,-429.912,-336.306
1803,,-59.2,14.882,2670.909,1476.095,,-71.86,-71.706,-1868.749,-1872.288,,-5.939,-8.546,-435.851,-344.852
1804,,149.951,15.196,2820.86,1491.291,,-68.467,-72.639,-1937.216,-1944.927,,-0.608,-8.324,-436.459,-353.176
1805,,-173.135,15.575,2647.725,1506.866,,-73.362,-73.438,-2010.578,-2018.365,,-2.525,-8.579,-438.984,-361.755
1806,,176.331,15.43,2824.056,1522.296,,-71.454,-73.638,-2082.032,-2092.003,,2.277,-8.603,-436.707,-370.358
1807,,-31.067,14.655,2792.989,1536.951,,-75.052,-75.463,-2157.084,-2167.466,,-26.194,-8.492,-462.901,-378.85
1808,,107.796,14.107,2900.785,1551.058,,-75.589,-77.077,-2232.673,-2244.543,,-22.109,-8.941,-485.01,-387.791
1809,,95.713,13.669,2996.498,1564.727,,-72.887,-75.282,-2305.56,-2319.825,,-4.589,-8.582,-489.599,-396.373
1810,,-70.938,13.51,2925.56,1578.237,,-89.598,-92.942,-2395.158,-2412.767,,-8.652,-11.163,-498.251,-407.536
1811,,-81.49,13.538,2844.07,1591.775,,-96.585,-95.669,-2491.743,-2508.436,,-29.031,-11.723,-527.282,-419.259
1812,,-91.089,13.731,2752.981,1605.506,,-93.659,-95.822,-2585.402,-2604.258,,-23.545,-11.974,-550.827,-431.233
1813,,-50.269,13.422,2702.712,1618.928,,-97.506,-98.352,-2682.908,-2702.61,,-13.977,-12.35,-564.804,-443.583
1814,,90.642,14.193,2793.354,1633.121,,-96.276,-99.169,-2779.184,-2801.779,,4.583,-11.921,-560.221,-455.504
1815,,-153.659,14.514,2639.695,1647.635,,-100.467,-101.013,-2879.651,-2902.792,,-28.811,-12.297,-589.032,-467.801
1816,,158.79,14.453,2798.485,1662.088,,-94.121,-100.823,-2973.772,-3003.615,,7.292,-12.585,-581.74,-480.386
1817,,84.818,14.151,2883.303,1676.239,,-99.405,-103.607,-3073.177,-3107.222,,-12.931,-12.483,-594.671,-492.869
1818,,55.684,13.715,2938.987,1689.954,,-100.735,-103.6,-3173.912,-3210.822,,-17.804,-12.643,-612.475,-505.512
1819,,65.391,13.421,3004.378,1703.375,,-103.032,-104.706,-3276.944,-3315.528,,-17.27,-12.29,-629.745,-517.802
1820,,-102.85,12.96,2901.528,1716.335,,-131.993,-132.356,-3408.937,-3447.884,,-13.383,-16.567,-643.128,-534.369
1821,,-77.205,12.309,2824.323,1728.644,,-135.152,-135.311,-3544.089,-3583.195,,-28.268,-17.204,-671.396,-551.573
1822,,112.503,12.143,2936.826,1740.787,,-131.875,-137.361,-3675.964,-3720.556,,-12.541,-17.047,-683.937,-568.62
1823,,-1.669,12.942,2935.157,1753.729,,-141.031,-141.113,-3816.995,-3861.669,,-6.865,-17.496,-690.802,-586.116
1824,,-11.426,13.289,2923.731,1767.018,,-140.932,-143.374,-3957.927,-4005.043,,3.717,-17.617,-687.085,-603.733
1825,,-97.063,13.294,2826.668,1780.312,,-147.79,-147.262,-4105.717,-4152.305,,-33.465,-17.929,-720.55,-621.662
1826,,-226.177,13.226,2600.491,1793.538,,-149.675,-147.044,-4255.392,-4299.349,,-23.469,-17.774,-744.019,-639.436
1827,,72.226,12.508,2672.717,1806.046,,-148.844,-148.913,-4404.236,-4448.262,,4.792,-17.96,-739.227,-657.396
1828,,-43.71,11.641,2629.007,1817.687,,-152.549,-149.638,-4556.785,-4597.9,,-17.36,-17.934,-756.587,-675.33
1829,,183.977,11.968,2812.984,1829.655,,-150.436,-152.551,-4707.221,-4750.451,,-18.645,-18.284,-775.232,-693.614
1830,,69.376,12.544,2882.36,1842.199,,-190.326,-191.691,-4897.547,-4942.142,,-30.939,-25.97,-806.171,-719.584
1831,,-8.067,13.297,2874.293,1855.496,,-198.858,-193.848,-5096.405,-5135.99,,-26.833,-27.015,-833.004,-746.599
1832,,100.566,14.231,2974.859,1869.727,,-197.107,-198.668,-5293.512,-5334.658,,-42.686,-27.758,-875.69,-774.357
1833,,149.857,14.533,3124.716,1884.26,,-194.012,-200.157,-5487.524,-5534.815,,-34.697,-27.372,-910.387,-801.729
1834,,61.285,14.649,3186.001,1898.909,,-199.228,-203.229,-5686.752,-5738.044,,-20.766,-27.288,-931.153,-829.017
1835,,-43.321,14.829,3142.68,1913.738,,-206.583,-206.31,-5893.335,-5944.354,,-10.825,-28.546,-941.978,-857.563
1836,,78.547,15.001,3221.227,1928.739,,-200.628,-209.698,-6093.963,-6154.052,,-24.011,-28.549,-965.989,-886.112
1837,,116.193,14.818,3337.42,1943.557,,-212.352,-210.528,-6306.315,-6364.58,,-38.619,-29.424,-1004.608,-915.536
1838,,-27.088,14.386,3310.332,1957.943,,-215.437,-215.726,-6521.752,-6580.306,,-38.6,-29.529,-1043.208,-945.065
1839,,71.251,13.976,3381.583,1971.919,,-215.161,-217.369,-6736.913,-6797.675,,-22.463,-29.289,-1065.671,-974.354
1840,,-165.077,13.345,3216.506,1985.264,,-253.742,-250.215,-6990.655,-7047.89,,-69.336,-41.807,-1135.007,-1016.161
1841,,-189.739,13.06,3026.767,1998.324,,-261.073,-253.334,-7251.728,-7301.224,,-78.342,-44.249,-1213.349,-1060.41
1842,,87.839,12.237,3114.606,2010.561,,-257.198,-257.746,-7508.926,-7558.97,,-6.208,-44.894,-1219.557,-1105.304
1843,,27.13,11.575,3141.736,2022.136,,-270.911,-264.042,-7779.837,-7823.012,,-32.569,-46.898,-1252.126,-1152.202
1844,,157.335,11.426,3299.071,2033.562,,-260.526,-267.355,-8040.363,-8090.367,,-64.737,-46.111,-1316.863,-1198.313
1845,,-183.201,11.293,3115.87,2044.855,,-276.822,-268.382,-8317.185,-8358.749,,-78.946,-46.701,-1395.809,-1245.014
1846,,18.436,10.885,3134.306,2055.74,,-265.027,-272.261,-8582.212,-8631.01,,-20.62,-47.089,-1416.429,-1292.103
1847,,140.678,10.452,3274.984,2066.192,,-275.59,-276.623,-8857.802,-8907.633,,-55.869,-46.376,-1472.298,-1338.479
1848,,96.566,10.339,3371.55,2076.531,,-280.453,-278.987,-9138.255,-9186.62,,-27.205,-47.897,-1499.503,-1386.376
1849,,3.487,10.333,3375.037,2086.864,,-292.133,-283.643,-9430.388,-9470.263,,-28.837,-48.347,-1528.34,-1434.723
1850,,-315.993,10.626,3059.044,2097.49,,-334.189,-333.056,-9764.577,-9803.319,,-128.381,-55.477,-1656.721,-1490.2
1851,,-193.804,11.131,2865.24,2108.621,,-339.939,-334.865,-10104.516,-10138.184,,-109.169,-56.091,-1765.89,-1546.291
1852,,-12.925,11.631,2852.315,2120.252,,-325.56,-340.602,-10430.076,-10478.786,,-54.182,-56.575,-1820.072,-1602.866
1853,,158.997,11.834,3011.312,2132.086,,-312.24,-341.435,-10742.316,-10820.221,,-19.894,-58.806,-1839.966,-1661.672
1854,,-400.761,12.245,2610.551,2144.331,,-352.309,-348.343,-11094.625,-11168.564,,-112.991,-58.259,-1952.957,-1719.931
1855,,79.906,11.883,2690.457,2156.214,,-313.849,-352.946,-11408.474,-11521.51,,-59.563,-58.93,-2012.52,-1778.861
1856,,-77.95,9.334,2612.507,2165.548,,-312.879,-352.716,-11721.353,-11874.226,,-111.547,-59.701,-2124.067,-1838.562
1857,,-16.97,10.365,2595.537,2175.913,,-323.981,-356.779,-12045.334,-12231.005,,-76.11,-59.124,-2200.177,-1897.686
1858,,-6.42,9.059,2589.117,2184.972,,-348.308,-367.458,-12393.642,-12598.463,,12.488,-58.246,-2187.689,-1955.932
1859,,-79.346,8.764,2509.771,2193.736,,-349.921,-362.771,-12743.563,-12961.234,,-71.786,-58.575,-2259.475,-2014.507
1860,,-65.095,8.283,2444.676,2202.019,,-243.608,-253.646,-12987.171,-13214.88,,-79.817,-15.114,-2339.292,-2029.621
1861,,-207.036,7.48,2237.64,2209.499,,-252.612,-241.082,-13239.783,-13455.962,,-63.713,-10.503,-2403.005,-2040.124
1862,,-274.117,7.422,1963.523,2216.921,,-229.884,-233.887,-13469.667,-13689.849,,-65.748,-7.688,-2468.753,-2047.812
1863,,-81.948,6.856,1881.575,2223.777,,-210.574,-224.314,-13680.241,-13914.163,,-50.18,-5.239,-2518.933,-2053.051
1864,,1.152,6.297,1882.727,2230.074,,-172.01,-221.378,-13852.251,-14135.541,,16.335,-3.27,-2502.598,-2056.321
1865,,-72.583,5.597,1810.144,2235.671,,-173.422,-212.875,-14025.673,-14348.416,,20.265,-1.287,-2482.333,-2057.608
1866,,-20.448,4.607,1789.696,2240.278,,-195.342,-207.169,-14221.015,-14555.585,,2.099,0.501,-2480.234,-2057.107
1867,,-183.26,4.072,1606.436,2244.35,,-175.747,-199.808,-14396.762,-14755.393,,-31.946,2.223,-2512.18,-2054.884
1868,,43.808,3.932,1650.244,2248.282,,-166.261,-193.688,-14563.023,-14949.081,,29.573,3.66,-2482.607,-2051.224
1869,,-357.92,3.776,1292.324,2252.058,,-181.081,-191.189,-14744.104,-15140.27,,-16.285,5.285,-2498.892,-2045.939
1870,,11.752,3.383,1304.076,2255.441,,-333.779,-377.017,-15077.883,-15517.287,,-140.015,-123.558,-2638.907,-2169.497
1871,,-68.653,2.763,1235.423,2258.204,,-357.943,-386.233,-15435.826,-15903.52,,-145.299,-138.139,-2784.206,-2307.636
1872,,-282.735,1.92,952.688,2260.124,,-393.878,-403.927,-15829.704,-16307.447,,-194.256,-143.268,-2978.462,-2450.904
1873,,-73.677,1.294,879.011,2261.418,,-373.744,-422.57,-16203.448,-16730.017,,-149.453,-150.281,-3127.915,-2601.185
1874,,23.011,0.133,902.022,2261.551,,-395.121,-439.834,-16598.569,-17169.851,,-142.792,-156.15,-3270.707,-2757.335
1875,,-84.88,-1.253,817.142,2260.298,,-399.948,-451.155,-16998.517,-17621.006,,-151.627,-161.38,-3422.334,-2918.715
1876,,37.74,-2.517,854.882,2257.781,,-399.371,-471.839,-17397.888,-18092.845,,-154.767,-164.487,-3577.101,-3083.202
1877,,82.59,-3.14,937.472,2254.641,,-397.188,-475.951,-17795.076,-18568.796,,-107.39,-168.79,-3684.491,-3251.992
1878,,-75.087,-3.961,862.385,2250.68,,-448.749,-483.601,-18243.825,-19052.397,,-220.157,-174.108,-3904.648,-3426.1
1879,,-39.065,-5.046,823.32,2245.634,,-454.92,-495.14,-18698.745,-19547.537,,-208.374,-178.286,-4113.022,-3604.386
1880,,130.828,-6.134,954.148,2239.5,,-326.294,-380.993,-19025.039,-19928.53,,-3.51,-80.209,-4116.532,-3684.595
1881,,-2.64,-7.835,951.508,2231.665,,-319.279,-371.781,-19344.318,-20300.311,,-125.971,-69.8,-4242.503,-3754.395
1882,,-25.314,-9.916,926.194,2221.749,,-301.178,-365.45,-19645.496,-20665.761,,-67.14,-63.438,-4309.643,-3817.833
1883,,82.212,-12.271,1008.406,2209.478,,-314.16,-355.32,-19959.656,-21021.081,,-34.819,-58.439,-4344.462,-3876.272
1884,,162.7,-14.198,1171.106,2195.28,,-286.003,-356.658,-20245.659,-21377.739,,-11.405,-53.243,-4355.867,-3929.515
1885,,58.808,-15.276,1229.914,2180.004,,-289.394,-340.993,-20535.053,-21718.732,,-30.452,-48.719,-4386.319,-3978.234
1886,,-78.59,-16.089,1151.324,2163.915,,-260.859,-338.114,-20795.912,-22056.846,,-40.678,-44.855,-4426.997,-4023.089
1887,,-110.643,-17.365,1040.681,2146.55,,-281.819,-329.019,-21077.731,-22385.865,,-48.163,-40.841,-4475.16,-4063.93
1888,,-172.654,-18.714,868.027,2127.836,,-300.795,-321.704,-21378.526,-22707.569,,-118.767,-37.194,-4593.927,-4101.124
1889,,-41.798,-20.151,826.229,2107.685,,-259.449,-316.918,-21637.975,-23024.487,,-31.944,-33.289,-4625.871,-4134.413
1890,,-144.364,-21.857,681.865,2085.828,,-290.854,-313.756,-21928.829,-23338.243,,-274.173,-232.61,-4900.044,-4367.023
1891,,-133.466,-23.85,548.399,2061.978,,-321.247,-309.865,-22250.076,-23648.108,,-331.656,-244.271,-5231.7,-4611.294
1892,,104.859,-25.398,653.258,2036.58,,-240.764,-311.363,-22490.84,-23959.471,,-169.118,-260.994,-5400.818,-4872.288
1893,,83.985,-27.265,737.243,2009.315,,-232.186,-306.851,-22723.026,-24266.322,,-213.356,-270.067,-5614.174,-5142.355
1894,,-85.096,-29.031,652.147,1980.284,,-248.74,-303.285,-22971.766,-24569.607,,-362.783,-276.66,-5976.957,-5419.015
1895,,-42.061,-30.734,610.086,1949.55,,-291.401,-302.573,-23263.167,-24872.18,,-367.447,-285.472,-6344.404,-5704.487
1896,,49.453,-33.114,659.539,1916.436,,-265.196,-300.988,-23528.363,-25173.168,,-254.438,-288.188,-6598.842,-5992.675
1897,,-122.096,-35.328,537.443,1881.108,,-285.843,-299.928,-23814.206,-25473.096,,-414.919,-298.054,-7013.761,-6290.729
1898,,66.386,-38.008,603.829,1843.1,,-218.715,-300.828,-24032.921,-25773.924,,-169.209,-303.465,-7182.97,-6594.194
1899,,-2.982,-40.894,600.847,1802.206,,-223.095,-301.226,-24256.016,-26075.15,,-230.543,-303.432,-7413.513,-6897.626
1900,,97.045,-49.265,697.892,1752.941,,-216.971,-263.112,-24472.987,-26338.262,,-70.53,-108.967,-7484.043,-7006.593
1901,,-109.067,-52.084,588.825,1700.857,,-320.805,-260.021,-24793.792,-26598.283,,-234.601,-86.853,-7718.644,-7093.446
1902,,-56.703,-55.133,532.122,1645.724,,-223.983,-252.935,-25017.775,-26851.218,,-70.18,-73.201,-7788.824,-7166.647
1903,,47.392,-58.088,579.514,1587.636,,-252.302,-250.848,-25270.077,-27102.066,,3.366,-61.909,-7785.458,-7228.556
1904,,-54.397,-59.324,525.117,1528.312,,-247.793,-246.808,-25517.87,-27348.874,,-86.322,-51.954,-7871.78,-7280.51
1905,,43.015,-62.327,568.132,1465.985,,-235.288,-243.301,-25753.158,-27592.175,,91.02,-41.661,-7780.76,-7322.171
1906,,-17.359,-64.122,550.773,1401.863,,-241.957,-235.615,-25995.115,-27827.79,,2.54,-35.297,-7778.22,-7357.468
1907,,-33.621,-66.632,517.152,1335.231,,-256.91,-237.238,-26252.025,-28065.028,,-10.101,-26.907,-7788.321,-7384.375
1908,,57.318,-68.724,574.47,1266.507,,-233.325,-234.145,-26485.35,-28299.173,,-23.244,-20.384,-7811.565,-7404.759
1909,,-24.648,-70.84,549.822,1195.667,,-240.448,-230.037,-26725.798,-28529.21,,-88.236,-14.073,-7899.801,-7418.832
1910,,49.807,-75.024,599.629,1120.643,,-178.573,-176.278,-26904.371,-28705.488,,-143.434,-11.316,-8043.235,-7430.148
1911,,-159.713,-76.413,439.916,1044.23,,-202.9,-173.274,-27107.271,-28878.762,,-207.986,-9.972,-8251.221,-7440.12
1912,,54.718,-78.086,494.634,966.144,,-128.933,-167.882,-27236.204,-29046.644,,110.735,-10.737,-8140.486,-7450.857
1913,,-117.521,-79.252,377.113,886.892,,-215.518,-163.68,-27451.722,-29210.324,,-130.702,-10.476,-8271.188,-7461.333
1914,,-138.059,-80.411,239.054,806.481,,-135.436,-158.308,-27587.158,-29368.632,,-61.519,-10.291,-8332.707,-7471.624
1915,,11.497,-82.936,250.551,723.545,,-108.805,-153.183,-27695.963,-29521.815,,308.061,-9.1,-8024.646,-7480.724
1916,,-61.737,-84.309,188.814,639.236,,-196.219,-149.96,-27892.182,-29671.775,,-118.187,-9.254,-8142.833,-7489.978
1917,,-90.862,-86.569,97.952,552.667,,-145.16,-144.901,-28037.342,-29816.676,,-102.36,-7.958,-8245.193,-7497.936
1918,,-122.477,-87.669,-24.525,464.998,,-125.27,-141.137,-28162.612,-29957.813,,-163.569,-6.579,-8408.762,-7504.515
1919,,-29.288,-89.184,-53.813,375.814,,-125.446,-137.978,-28288.058,-30095.791,,74.006,-5.558,-8334.756,-7510.073
1920,,1.505,-90.999,-52.308,284.815,,-128.236,-150.68,-28416.294,-30246.471,,48.81,-28.673,-8285.946,-7538.746
1921,,-102.296,-90.339,-154.604,194.476,,-183.913,-150.05,-28600.207,-30396.521,,-169.093,-32.639,-8455.039,-7571.385
1922,,-63.208,-88.986,-217.812,105.49,,-148.146,-152.61,-28748.353,-30549.131,,-98.383,-33.217,-8553.422,-7604.602
1923,,0.341,-86.441,-217.471,19.049,,-152.185,-150.813,-28900.538,-30699.944,,54.407,-33.694,-8499.015,-7638.296
1924,,-99.766,-85.482,-317.237,-66.433,,-133.827,-149.2,-29034.365,-30849.144,,-14.934,-34.031,-8513.949,-7672.327
1925,,-301.571,-82.34,-618.808,-148.773,,-176.937,-150.793,-29211.302,-30999.937,,-260.536,-32.673,-8774.485,-7705
1926,,-48.936,-80.045,-667.744,-228.818,,-95.688,-152.138,-29306.99,-31152.075,,-18.031,-31.475,-8792.516,-7736.475
1927,,-2.947,-76.328,-670.691,-305.146,,-150.362,-153.011,-29457.352,-31305.086,,151.501,-32.021,-8641.015,-7768.496
1928,,-22.084,-72.414,-692.775,-377.56,,-145.739,-152.023,-29603.091,-31457.109,,25.365,-31.678,-8615.65,-7800.174
1929,,0.264,-68.683,-692.511,-446.243,,-175.727,-151.496,-29778.818,-31608.605,,-63.3,-31.21,-8678.95,-7831.384
1930,,-240.093,-64.261,-932.604,-510.504,,-130.679,-103.893,-29909.497,-31712.498,,-306.633,-65.08,-8985.583,-7896.464
1931,,-139.259,-58.422,-1071.863,-568.926,,-95.065,-99.559,-30004.562,-31812.057,,-251.649,-72.424,-9237.232,-7968.888
1932,,-48.862,-54.097,-1120.725,-623.023,,-78.662,-93.458,-30083.224,-31905.515,,-51.797,-70.462,-9289.029,-8039.35
1933,,-55.368,-49.671,-1176.093,-672.694,,-127.706,-88.776,-30210.93,-31994.291,,-258.527,-73.126,-9547.556,-8112.476
1934,,-42.495,-46.248,-1218.588,-718.942,,-103.635,-83.247,-30314.565,-32077.538,,-308.512,-74.133,-9856.068,-8186.609
1935,,-10.679,-43.55,-1229.267,-762.492,,-58.018,-79.198,-30372.583,-32156.736,,49.408,-70.206,-9806.66,-8256.815
1936,,-125.356,-40.084,-1354.623,-802.576,,-117.184,-74.71,-30489.767,-32231.446,,-311.615,-72.883,-10118.275,-8329.698
1937,,-23.878,-35.859,-1378.501,-838.435,,-58.804,-70.195,-30548.571,-32301.641,,-106.702,-71.196,-10224.977,-8400.894
1938,,44.658,-31.999,-1333.843,-870.434,,-45.245,-65.724,-30593.816,-32367.365,,15.568,-72.296,-10209.409,-8473.19
1939,,-4.033,-28.299,-1337.876,-898.733,,-80.673,-61.162,-30674.489,-32428.527,,-227.473,-71.123,-10436.882,-8544.313
1940,,74.33,-25.383,-1263.546,-924.116,,-76.542,-88.753,-30751.031,-32517.28,,-86.326,-49.839,-10523.208,-8594.152
1941,,36.272,-21.644,-1227.274,-945.76,,-33.792,-89.858,-30784.823,-32607.138,,225.48,-44.963,-10297.728,-8639.115
1942,,116.04,-19.927,-1111.234,-965.687,,-75.906,-90.611,-30860.729,-32697.749,,241.138,-42.762,-10056.59,-8681.877
1943,,-113.771,-17.39,-1225.005,-983.077,,-124.861,-90.859,-30985.59,-32788.608,,-236.264,-41.95,-10292.854,-8723.827
1944,,-45.696,-15.224,-1270.701,-998.301,,-63.808,-92.15,-31049.398,-32880.758,,-92.132,-41.385,-10384.986,-8765.212
1945,,140.51,-13.378,-1130.191,-1011.679,,-93.126,-92.28,-31142.524,-32973.038,,167.565,-40.723,-10217.421,-8805.935
1946,,153.532,-11.232,-976.659,-1022.911,,-88.572,-93.679,-31231.096,-33066.717,,-97.441,-40.767,-10314.862,-8846.702
1947,,-57.217,-8.434,-1033.876,-1031.345,,-106.679,-93.304,-31337.775,-33160.021,,-57.335,-39.592,-10372.197,-8886.294
1948,,-2.345,-6.204,-1036.221,-1037.549,,-81.603,-93.732,-31419.378,-33253.753,,-146.842,-39.611,-10519.039,-8925.905
1949,,39.11,-12.889,-997.111,-1050.438,,-65.603,-94.502,-31484.981,-33348.255,,12.227,-40.506,-10506.812,-8966.411
1950,,81.779,-6.517,-915.332,-1056.955,,-65.908,-68.82,-31550.889,-33417.075,,189.295,11.52,-10317.517,-8954.891
1951,,-99.899,9.821,-1015.231,-1047.134,,-66.88,-65.848,-31617.769,-33482.923,,19.99,17.287,-10297.527,-8937.604
1952,,-146.17,21.561,-1161.401,-1025.573,,-95.995,-62.906,-31713.764,-33545.829,,-272.191,20.343,-10569.718,-8917.261
1953,,-20.467,27.757,-1181.868,-997.816,,-60.606,-59.324,-31774.37,-33605.153,,-168.742,23.264,-10738.46,-8893.997
1954,,-192.673,24.038,-1374.541,-973.778,,-72.793,-56.612,-31847.163,-33661.765,,-187.649,25.243,-10926.109,-8868.754
1955,,97.833,21.56,-1276.708,-952.218,,-6.014,-54.216,-31853.177,-33715.981,,-66.769,27.264,-10992.878,-8841.49
1956,,-21.09,20.575,-1297.798,-931.643,,-67.08,-50.653,-31920.257,-33766.634,,-121.198,28.39,-11114.076,-8813.1
1957,,49.975,22.399,-1247.823,-909.244,,-11.7,-48.32,-31931.957,-33814.954,,246.73,29.55,-10867.346,-8783.55
1958,,140.722,24.014,-1107.101,-885.23,,24.892,-35.331,-31907.065,-33850.285,,296.881,30.094,-10570.465,-8753.456
1959,,49.247,27.767,-1057.854,-857.463,,-74.974,-27.632,-31982.039,-33877.917,,-73.636,30.806,-10644.101,-8722.65
1960,,131.293,32.223,-926.561,-825.24,,-27.328,-45.537,-32009.367,-33923.454,,48.001,32.512,-10596.1,-8690.138
1961,,128.27,36.04,-798.291,-789.2,,-16.085,-43.24,-32025.452,-33966.694,,79.019,31.49,-10517.081,-8658.648
1962,,10.033,36.434,-788.258,-752.766,,17.596,-40.579,-32007.856,-34007.273,,64.304,30.579,-10452.777,-8628.069
1963,,81.956,36.38,-706.302,-716.386,,-56.722,-38.221,-32064.578,-34045.494,,-221.617,29.208,-10674.394,-8598.861
1964,,78.764,34.192,-627.538,-682.194,,10.133,-37.05,-32054.445,-34082.544,,-83.045,27.944,-10757.439,-8570.917
1965,,59.75,32.853,-567.788,-649.341,,22.994,-4.241,-32031.451,-34086.785,,254.498,26.831,-10502.941,-8544.086
1966,,51.977,31.065,-515.811,-618.276,,-54.585,-6.72,-32086.036,-34093.505,,-104.665,25.927,-10607.606,-8518.159
1967,,130.219,31.702,-385.592,-586.574,,13.043,-17.174,-32072.993,-34110.679,,149.81,24.857,-10457.796,-8493.302
1968,,50.52,28.909,-335.072,-557.665,,-3.061,-17.213,-32076.054,-34127.892,,136.333,24.333,-10321.463,-8468.969
1969,,23.12,28.497,-311.952,-529.168,,24.087,-14.821,-32051.967,-34142.713,,94.315,23.532,-10227.148,-8445.437
1970,,13.999,26.261,-297.953,-502.907,,-47.4,-1.64,-32099.367,-34144.353,,12.264,23.276,-10214.884,-8422.161
1971,,63.793,25.67,-234.16,-477.237,,3.057,-4.57,-32096.31,-34148.923,,-24.184,22.641,-10239.068,-8399.52
1972,,-5.481,25.317,-239.641,-451.92,,98.186,-18.835,-31998.124,-34167.758,,106.222,22.125,-10132.846,-8377.395
1973,,76.245,24.21,-163.396,-427.71,,-112.737,15.283,-32110.861,-34152.475,,218.254,21.624,-9914.592,-8355.771
1974,,148.394,23.135,-15.002,-404.575,,-13.613,-21.681,-32124.474,-34174.156,,30.876,20.817,-9883.716,-8334.954
1975,,69.071,26.304,54.069,-378.271,,11.627,-20.538,-32112.847,-34194.694,,91.405,20.21,-9792.311,-8314.744
1976,,100.871,22.553,154.94,-355.718,,-110.431,-4.47,-32223.278,-34199.164,,-138.942,19.164,-9931.253,-8295.58
1977,,-94.753,20.373,60.187,-335.345,,31.738,44.335,-32191.54,-34154.829,,-171.098,18.248,-10102.351,-8277.332
1978,,-14.996,14.045,45.191,-321.3,,157.698,-22.381,-32033.842,-34177.21,,89.426,17.77,-10012.925,-8259.562
1979,,92.259,10.493,137.45,-310.807,,-13.964,16.878,-32047.806,-34160.332,,161.944,16.93,-9850.981,-8242.632
1980,,-174.279,8.95,-36.829,-301.857,,-196.788,2.679,-32244.594,-34157.653,,-260.972,14.339,-10111.953,-8228.293
1981,,55.455,8.18,18.626,-293.677,,187.649,12.475,-32056.945,-34145.178,,126.875,13.451,-9985.078,-8214.842
1982,,60.969,6.694,79.595,-286.983,,68.52,6.258,-31988.425,-34138.92,,220.063,12.749,-9765.015,-8202.093
1983,,-85.043,2.14,-5.448,-284.843,,-216.174,9.704,-32204.599,-34129.216,,-48.584,12.002,-9813.599,-8190.091
1984,,42.181,-3.69,36.733,-288.533,,69.239,0.541,-32135.36,-34128.675,,-39.672,11.311,-9853.271,-8178.78
1985,,86.398,-4.163,123.131,-292.696,,54.687,14.507,-32080.673,-34114.168,,6.273,10.65,-9846.998,-8168.13
1986,,-57.952,-10.527,65.179,-303.223,,21.625,-2.363,-32059.048,-34116.531,,113.978,10.533,-9733.02,-8157.597
1987,,-71.433,-12.645,-6.254,-315.868,,-54.24,-0.569,-32113.288,-34117.1,,-51.831,10.052,-9784.851,-8147.545
1988,,-48.332,-12.162,-54.586,-328.03,,-127.726,-9.005,-32241.014,-34126.105,,-411.585,9.654,-10196.436,-8137.891
1989,,187.781,-13.146,133.195,-341.176,,167.981,14.72,-32073.033,-34111.385,,131.883,9.286,-10064.553,-8128.605
1990,,-104.848,-15.269,28.347,-356.445,,-62.874,-61.591,-32135.907,-34172.976,,27.365,9.753,-10037.188,-8118.852
1991,,88.616,-14.336,116.963,-370.781,,-161.225,-32.16,-32297.132,-34205.136,,-53.587,9.721,-10090.775,-8109.131
1992,,130.487,-13.913,247.45,-384.694,,211.817,-70.282,-32085.315,-34275.418,,333.189,10.41,-9757.586,-8098.721
1993,,-86.433,-12.226,161.017,-396.92,,-129.532,-45.112,-32214.847,-34320.53,,254.828,11.3,-9502.758,-8087.421
1994,,133.527,-13.334,294.544,-410.254,,-124.259,-79.676,-32339.106,-34400.206,,-96.378,11.669,-9599.136,-8075.752
1995,,30.145,-11.78,324.689,-422.034,,-73.271,-42.299,-32412.377,-34442.505,,167.363,12.652,-9431.773,-8063.1
1996,,56.85,-10.221,381.539,-432.255,,-39.073,-77.492,-32451.45,-34519.997,,50.365,13.529,-9381.408,-8049.571
1997,,73.986,-10.407,455.525,-442.662,,-49.205,-48.299,-32500.655,-34568.296,,199.262,14.416,-9182.146,-8035.155
1998,,-113.692,-10.171,341.833,-452.833,,-119.723,-87.758,-32620.378,-34656.054,,-40.148,15.235,-9222.294,-8019.92
1999,,5.694,-8.447,347.527,-461.28,,-56.91,-53.998,-32677.288,-34710.052,,42.452,16.03,-9179.842,-8003.89
2000,,6.87,-9.133,354.397,-470.413,,-46.162,-51.453,-32723.45,-34761.505,,-128.559,5.877,-9308.401,-7998.013
2001,,76.576,-5.821,430.973,-476.234,,-31.203,-10.026,-32754.653,-34771.531,,35.029,15.509,-9273.372,-7982.504
2002,,-54.755,-4.402,376.218,-480.636,,-165.303,-48.912,-32919.956,-34820.443,,-167.445,-6.092,-9440.817,-7988.596
2003,,91.149,-3.588,467.367,-484.224,,121.714,7.416,-32798.242,-34813.027,,20.714,5.304,-9420.103,-7983.292
2004,,106.055,-2.916,573.422,-487.14,,-6.182,-39.649,-32804.424,-34852.676,,192.974,-2.354,-9227.129,-7985.646
2005,,-31.934,-2.814,541.488,-489.954,,-114.317,2.806,-32918.741,-34849.87,,-129.544,5.713,-9356.673,-7979.933
2006,,-20.689,-2.041,520.799,-491.995,,-101.295,-90.796,-33020.036,-34940.666,,-319.783,-40.603,-9676.456,-8020.536
2007,,21.478,6.528,542.277,-485.467,,34.809,-73.802,-32985.227,-35014.468,,-8.066,-1.996,-9684.522,-8022.532
2008,,127.973,15.002,670.25,-470.465,,-67.531,-35.435,-33052.758,-35049.903,,13.202,12.294,-9671.32,-8010.238
2009,,100.952,17.435,771.202,-453.03,,39.592,-3.131,-33013.166,-35053.034,,238.159,16.323,-9433.161,-7993.915
2010,,-53.457,16.061,717.745,-436.969,,-107.942,-33.042,-33121.108,-35086.076,,73.836,15.196,-9359.325,-7978.719
2011,,-22.497,17.751,695.248,-419.218,,-161.593,-128.663,-33282.701,-35214.739,,-72.19,1.238,-9431.515,-7977.481