year,ref_kn1003,ref_kn2004,ref_kn2005,ndep_kn2003,ndep_kn2004,ndep_kn2005,ref_kn2003_cum,ref_kn2004_cum,ref_kn2005_cum,ndep_kn2003_cum,ndep_kn2004,ndep_kn2005_cum,kn2003_effect,kn2004_effect,kn2005_effect,kn2003_effect,kn2004_effect,kn2005_effect
1701,-19.055,-20.187,-20.259,-19.539,-18.239,-20.518,-19.055,-20.187,-20.259,-19.539,-18.239,-20.518,-0.484,1.948,-0.259,-0.000484,0.001948,-0.000259
1702,21.404,19.389,17.83,15.253,19.898,16.442,2.349,-0.798,-2.429,-4.286,1.659,-4.076,-6.635,2.457,-1.647,-0.006635,0.002457,-0.001647
1703,-29.878,-31.793,-35.343,-38.506,-31.327,-35.859,-27.529,-32.591,-37.772,-42.792,-29.668,-39.935,-15.263,2.923,-2.163,-0.015263,0.002923,-0.002163
1704,-21.848,-22.461,-29.618,-32.646,-22.801,-29.201,-49.377,-55.052,-67.39,-75.438,-52.469,-69.136,-26.061,2.583,-1.746,-0.026061,0.002583,-0.001746
1705,31.481,32.15,22.138,19.761,31.07,22.664,-17.896,-22.902,-45.252,-55.677,-21.399,-46.472,-37.781,1.503,-1.22,-0.037781,0.001503,-0.00122
1706,-34.067,-32.544,-43.53,-46.134,-34.534,-43.086,-51.963,-55.446,-88.782,-101.811,-55.933,-89.558,-49.848,-0.487,-0.776,-0.049848,-0.000487,-0.000776
1707,-19.091,-17.799,-26.916,-27.6,-17.141,-24.628,-71.054,-73.245,-115.698,-129.411,-73.074,-114.186,-58.357,0.171,1.512,-0.058357,0.000171,0.001512
1708,35.697,36.773,28.821,24.327,34.038,27.103,-35.357,-36.472,-86.877,-105.084,-39.036,-87.083,-69.727,-2.564,-0.206,-0.069727,-0.002564,-0.000206
1709,-28.67,-27.563,-34.372,-37.713,-27.179,-33.517,-64.027,-64.035,-121.249,-142.797,-66.215,-120.6,-78.77,-2.18,0.649,-0.07877,-0.00218,0.000649
1710,-16.748,-16.285,-21.009,-25.955,-14.317,-19.432,-80.775,-80.32,-142.258,-168.752,-80.532,-140.032,-87.977,-0.212,2.226,-0.087977,-0.000212,0.002226
1711,44.835,44.625,41.878,30.328,42.499,39.37,-35.94,-35.695,-100.38,-138.424,-38.033,-100.662,-102.484,-2.338,-0.282,-0.102484,-0.002338,-0.000282
1712,-28.531,-29.156,-30.662,-38.971,-27.281,-29.577,-64.471,-64.851,-131.042,-177.395,-65.314,-130.239,-112.924,-0.463,0.803,-0.112924,-0.000463,0.000803
1713,-15.707,-16.659,-18.174,-25.524,-15.228,-17.003,-80.178,-81.51,-149.216,-202.919,-80.542,-147.242,-122.741,0.968,1.974,-0.122741,0.000968,0.001974
1714,44.405,43.276,40.65,33.039,42.076,39.6,-35.773,-38.234,-108.566,-169.88,-38.466,-107.642,-134.107,-0.232,0.924,-0.134107,-0.000232,0.000924
1715,-33.927,-34.709,-38.304,-42.934,-34.007,-36.987,-69.7,-72.943,-146.87,-212.814,-72.473,-144.629,-143.114,0.47,2.241,-0.143114,0.00047,0.002241
1716,-24.707,-25.42,-29.636,-32.564,-23.794,-27.222,-94.407,-98.363,-176.506,-245.378,-96.267,-171.851,-150.971,2.096,4.655,-0.150971,0.002096,0.004655
1717,43.101,42.778,38.233,32.792,41.811,37.762,-51.306,-55.585,-138.273,-212.586,-54.456,-134.089,-161.28,1.129,4.184,-0.16128,0.001129,0.004184
1718,-36.576,-36.064,-41.768,-48.605,-38.665,-43.646,-87.882,-91.649,-180.041,-261.191,-93.121,-177.735,-173.309,-1.472,2.306,-0.173309,-0.001472,0.002306
1719,-29.799,-29.502,-34.295,-39.642,-28.362,-32.883,-117.681,-121.151,-214.336,-300.833,-121.483,-210.618,-183.152,-0.332,3.718,-0.183152,-0.000332,0.003718
1720,31.52,32.508,26.423,20.22,30.62,25.431,-86.161,-88.643,-187.913,-280.613,-90.863,-185.187,-194.452,-2.22,2.726,-0.194452,-0.00222,0.002726
1721,-36.247,-34.431,-41.72,-47.013,-37.448,-43.888,-122.408,-123.074,-229.633,-327.626,-128.311,-229.075,-205.218,-5.237,0.558,-0.205218,-0.005237,0.000558
1722,-34.777,-33.348,-40.144,-40.46,-30.961,-37.729,-157.185,-156.422,-269.777,-368.086,-159.272,-266.804,-210.901,-2.85,2.973,-0.210901,-0.00285,0.002973
1723,28.606,29.762,23.879,18.598,28.764,22.533,-128.579,-126.66,-245.898,-349.488,-130.508,-244.271,-220.909,-3.848,1.627,-0.220909,-0.003848,0.001627
1724,-35.047,-34.361,-39.297,-45.739,-34.749,-40.354,-163.626,-161.021,-285.195,-395.227,-165.257,-284.625,-231.601,-4.236,0.57,-0.231601,-0.004236,0.00057
1725,-32.826,-32.451,-37.054,-42.77,-31.025,-36.23,-196.452,-193.472,-322.249,-437.997,-196.282,-320.855,-241.545,-2.81,1.394,-0.241545,-0.00281,0.001394
1726,30.707,29.947,26.354,19.016,30.56,26.135,-165.745,-163.525,-295.895,-418.981,-165.722,-294.72,-253.236,-2.197,1.175,-0.253236,-0.002197,0.001175
1727,-33.775,-35.724,-37.48,-44.576,-34.634,-36.89,-199.52,-199.249,-333.375,-463.557,-200.356,-331.61,-264.037,-1.107,1.765,-0.264037,-0.001107,0.001765
1728,-33.032,-35.118,-35.355,-44.006,-35.489,-36.195,-232.552,-234.367,-368.73,-507.563,-235.845,-367.805,-275.011,-1.478,0.925,-0.275011,-0.001478,0.000925
1729,31.474,29.89,29.884,22.291,29.966,29.559,-201.078,-204.477,-338.846,-485.272,-205.879,-338.246,-284.194,-1.402,0.6,-0.284194,-0.001402,0.0006
1730,-36.925,-38.443,-38.615,-45.044,-37.568,-38.628,-238.003,-242.92,-377.461,-530.316,-243.447,-376.874,-292.313,-0.527,0.587,-0.292313,-0.000527,0.000587
1731,-28.407,-29.238,-30.68,-38.448,-29.651,-32.278,-266.41,-272.158,-408.141,-568.764,-273.098,-409.152,-302.354,-0.94,-1.011,-0.302354,-0.00094,-0.001011
1732,26.843,26.336,23.111,16.685,26.576,22.249,-239.567,-245.822,-385.03,-552.079,-246.522,-386.903,-312.512,-0.7,-1.873,-0.312512,-0.0007,-0.001873
1733,-35.672,-35.357,-40.333,-45.513,-34.998,-40.136,-275.239,-281.179,-425.363,-597.592,-281.52,-427.039,-322.353,-0.341,-1.676,-0.322353,-0.000341,-0.001676
1734,-26.5,-24.992,-31.351,-37.208,-25.089,-31.022,-301.739,-306.171,-456.714,-634.8,-306.609,-458.061,-333.061,-0.438,-1.347,-0.333061,-0.000438,-0.001347
1735,27.157,28.081,20.75,13.837,26.94,20.572,-274.582,-278.09,-435.964,-620.963,-279.669,-437.489,-346.381,-1.579,-1.525,-0.346381,-0.001579,-0.001525
1736,-38.085,-38.028,-45.762,-49.792,-36.938,-43.563,-312.667,-316.118,-481.726,-670.755,-316.607,-481.052,-358.088,-0.489,0.674,-0.358088,-0.000489,0.000674
1737,-26.834,-27.569,-33.709,-38.916,-25.803,-31.292,-339.501,-343.687,-515.435,-709.671,-342.41,-512.344,-370.17,1.277,3.091,-0.37017,0.001277,0.003091
1738,25.791,25.295,19.925,10.798,23.781,19.537,-313.71,-318.392,-495.51,-698.873,-318.629,-492.807,-385.163,-0.237,2.703,-0.385163,-0.000237,0.002703
1739,-37.697,-38.024,-42.827,-51.023,-37.424,-41.614,-351.407,-356.416,-538.337,-749.896,-356.053,-534.421,-398.489,0.363,3.916,-0.398489,0.000363,0.003916
1740,-29.977,-29.978,-34.585,-41.415,-27.715,-32.562,-381.384,-386.394,-572.922,-791.311,-383.768,-566.983,-409.927,2.626,5.939,-0.409927,0.002626,0.005939
1741,30.763,30.202,25.273,13.503,26.14,21.107,-350.621,-356.192,-547.649,-777.808,-357.628,-545.876,-427.187,-1.436,1.773,-0.427187,-0.001436,0.001773
1742,-42.651,-42.043,-45.919,-52.828,-41.819,-46.051,-393.272,-398.235,-593.568,-830.636,-399.447,-591.927,-437.364,-1.212,1.641,-0.437364,-0.001212,0.001641
1743,-30.753,-30.669,-33.376,-38.968,-29.727,-32.443,-424.025,-428.904,-626.944,-869.604,-429.174,-624.37,-445.579,-0.27,2.574,-0.445579,-0.00027,0.002574
1744,29.495,30.196,27.987,18.307,27.493,25.869,-394.53,-398.708,-598.957,-851.297,-401.681,-598.501,-456.767,-2.973,0.456,-0.456767,-0.002973,0.000456
1745,-45.525,-44.409,-46.999,-54.887,-45.339,-46.57,-440.055,-443.117,-645.956,-906.184,-447.02,-645.071,-466.129,-3.903,0.885,-0.466129,-0.003903,0.000885
1746,-35.858,-35.317,-39.036,-43.884,-33.928,-36.351,-475.913,-478.434,-684.992,-950.068,-480.948,-681.422,-474.155,-2.514,3.57,-0.474155,-0.002514,0.00357
1747,29.201,29.4,24.693,16.969,28.591,25.202,-446.712,-449.034,-660.299,-933.099,-452.357,-656.22,-486.387,-3.323,4.079,-0.486387,-0.003323,0.004079
1748,-44.714,-45.177,-49.222,-58.854,-46.715,-50.219,-491.426,-494.211,-709.521,-991.953,-499.072,-706.439,-500.527,-4.861,3.082,-0.500527,-0.004861,0.003082
1749,-36.891,-37.579,-40.941,-48.683,-36.004,-40.255,-528.317,-531.79,-750.462,-1040.636,-535.076,-746.694,-512.319,-3.286,3.768,-0.512319,-0.003286,0.003768
1750,21.728,21.031,17.911,8.983,22.593,17.611,-506.589,-510.759,-732.551,-1031.653,-512.483,-729.083,-525.064,-1.724,3.468,-0.525064,-0.001724,0.003468
1751,-41.102,-40.988,-44.428,-57.178,-42.458,-48.188,-547.691,-551.747,-776.979,-1088.831,-554.941,-777.271,-541.14,-3.194,-0.292,-0.54114,-0.003194,-0.000292
1752,-38.082,-38.581,-41.044,-48.615,-35.357,-39.683,-585.773,-590.328,-818.023,-1137.446,-590.298,-816.954,-551.673,0.03,1.069,-0.551673,3E-05,0.001069
1753,20.36,19.728,18.031,8.086,20.378,16.84,-565.413,-570.6,-799.992,-1129.36,-569.92,-800.114,-563.947,0.68,-0.122,-0.563947,0.00068,-0.000122
1754,-40.177,-40.956,-43.904,-52.638,-40.645,-44.143,-605.59,-611.556,-843.896,-1181.998,-610.565,-844.257,-576.408,0.991,-0.361,-0.576408,0.000991,-0.000361
1755,-32.526,-33.14,-37.475,-44.794,-32.761,-36.399,-638.116,-644.696,-881.371,-1226.792,-643.326,-880.656,-588.676,1.37,0.715,-0.588676,0.00137,0.000715
1756,26.351,25.864,20.774,14.013,25.6,22.053,-611.765,-618.832,-860.597,-1212.779,-617.726,-858.603,-601.014,1.106,1.994,-0.601014,0.001106,0.001994
1757,-38.525,-39.569,-44.39,-49.815,-38.357,-42.355,-650.29,-658.401,-904.987,-1262.594,-656.083,-900.958,-612.304,2.318,4.029,-0.612304,0.002318,0.004029
1758,-34.292,-34.878,-38.886,-47.722,-35.777,-39.569,-684.582,-693.279,-943.873,-1310.316,-691.86,-940.527,-625.734,1.419,3.346,-0.625734,0.001419,0.003346
1759,29.797,29.836,26.606,16.849,29.385,25.839,-654.785,-663.443,-917.267,-1293.467,-662.475,-914.688,-638.682,0.968,2.579,-0.638682,0.000968,0.002579
1760,-43.22,-44.009,-45.637,-53.819,-42.319,-44.359,-698.005,-707.452,-962.904,-1347.286,-704.794,-959.047,-649.281,2.658,3.857,-0.649281,0.002658,0.003857
1761,-30.029,-30.981,-32.238,-43.502,-32.383,-34.452,-728.034,-738.433,-995.142,-1390.788,-737.177,-993.499,-662.754,1.256,1.643,-0.662754,0.001256,0.001643
1762,26.69,26.394,24.186,13.043,25.745,22.752,-701.344,-712.039,-970.956,-1377.745,-711.432,-970.747,-676.401,0.607,0.209,-0.676401,0.000607,0.000209
1763,-42.183,-42.355,-45.126,-56.228,-42.056,-45.288,-743.527,-754.394,-1016.082,-1433.973,-753.488,-1016.035,-690.446,0.906,0.047,-0.690446,0.000906,4.7E-05
1764,-29.39,-28.809,-32.275,-43.665,-28.525,-32.262,-772.917,-783.203,-1048.357,-1477.638,-782.013,-1048.297,-704.721,1.19,0.06,-0.704721,0.00119,6E-05
1765,24.098,24.369,21.738,7.614,21.441,18.996,-748.819,-758.834,-1026.619,-1470.024,-760.572,-1029.301,-721.205,-1.738,-2.682,-0.721205,-0.001738,-0.002682
1766,-42.087,-40.739,-43.804,-53.139,-40.413,-42.524,-790.906,-799.573,-1070.423,-1523.163,-800.985,-1071.825,-732.257,-1.412,-1.402,-0.732257,-0.001412,-0.001402
1767,-34.741,-33.73,-37.83,-44.472,-32.323,-34.943,-825.647,-833.303,-1108.253,-1567.635,-833.308,-1106.768,-741.988,-0.005,1.485,-0.741988,-5E-06,0.001485
1768,25.166,25.717,21.57,10.928,21.987,19.631,-800.481,-807.586,-1086.683,-1556.707,-811.321,-1087.137,-756.226,-3.735,-0.454,-0.756226,-0.003735,-0.000454
1769,-42.505,-41.794,-45.079,-53.163,-42.672,-44.081,-842.986,-849.38,-1131.762,-1609.87,-853.993,-1131.218,-766.884,-4.613,0.544,-0.766884,-0.004613,0.000544
1770,-38.071,-37.008,-39.879,-44.919,-34.395,-36.275,-881.057,-886.388,-1171.641,-1654.789,-888.388,-1167.493,-773.732,-2,4.148,-0.773732,-0.002,0.004148
1771,25.614,26.394,23.963,13.105,23.358,20.493,-855.443,-859.994,-1147.678,-1641.684,-865.03,-1147,-786.241,-5.036,0.678,-0.786241,-0.005036,0.000678
1772,-45.687,-46.013,-47.584,-54.33,-45.539,-48.476,-901.13,-906.007,-1195.262,-1696.014,-910.569,-1195.476,-794.884,-4.562,-0.214,-0.794884,-0.004562,-0.000214
1773,-38.289,-38.425,-41.457,-45.827,-35.583,-39.579,-939.419,-944.432,-1236.719,-1741.841,-946.152,-1235.055,-802.422,-1.72,1.664,-0.802422,-0.00172,0.001664
1774,23.252,23.045,18.521,9.292,21.392,16.416,-916.167,-921.387,-1218.198,-1732.549,-924.76,-1218.639,-816.382,-3.373,-0.441,-0.816382,-0.003373,-0.000441
1775,-47.236,-48.142,-52.989,-63.81,-48.728,-54.831,-963.403,-969.529,-1271.187,-1796.359,-973.488,-1273.47,-832.956,-3.959,-2.283,-0.832956,-0.003959,-0.002283
1776,-41.33,-41.335,-47.318,-55.635,-37.899,-44.762,-1004.733,-1010.864,-1318.505,-1851.994,-1011.387,-1318.232,-847.261,-0.523,0.273,-0.847261,-0.000523,0.000273
1777,20.697,20.933,15.302,4.55,21.613,15.693,-984.036,-989.931,-1303.203,-1847.444,-989.774,-1302.539,-863.408,0.157,0.664,-0.863408,0.000157,0.000664
1778,-47.547,-48.665,-53.033,-65.794,-49.688,-54.138,-1031.583,-1038.596,-1356.236,-1913.238,-1039.462,-1356.677,-881.655,-0.866,-0.441,-0.881655,-0.000866,-0.000441
1779,-41.178,-42.57,-45.638,-55.345,-41.632,-44.555,-1072.761,-1081.166,-1401.874,-1968.583,-1081.094,-1401.232,-895.822,0.072,0.642,-0.895822,7.2E-05,0.000642
1780,14.624,13.612,10.713,2.933,14.947,12.815,-1058.137,-1067.554,-1391.161,-1965.65,-1066.147,-1388.417,-907.513,1.407,2.744,-0.907513,0.001407,0.002744
1781,-44.16,-44.029,-47.712,-57.656,-47.366,-49.319,-1102.297,-1111.583,-1438.873,-2023.306,-1113.513,-1437.736,-921.009,-1.93,1.137,-0.921009,-0.00193,0.001137
1782,-40.626,-40.474,-43.201,-48.139,-39.694,-42.067,-1142.923,-1152.057,-1482.074,-2071.445,-1153.207,-1479.803,-928.522,-1.15,2.271,-0.928522,-0.00115,0.002271
1783,15.37,14.773,12.703,6.154,14.504,12.216,-1127.553,-1137.284,-1469.371,-2065.291,-1138.703,-1467.587,-937.738,-1.419,1.784,-0.937738,-0.001419,0.001784
1784,-44.118,-44.834,-47.123,-53.829,-45.529,-49.001,-1171.671,-1182.118,-1516.494,-2119.12,-1184.232,-1516.588,-947.449,-2.114,-0.094,-0.947449,-0.002114,-9.4E-05
1785,-37.469,-37.596,-39.629,-44.481,-35.829,-38.96,-1209.14,-1219.714,-1556.123,-2163.601,-1220.061,-1555.548,-954.461,-0.347,0.575,-0.954461,-0.000347,0.000575
1786,18.712,18.126,16.776,9.205,17.645,15.527,-1190.428,-1201.588,-1539.347,-2154.396,-1202.416,-1540.021,-963.968,-0.828,-0.674,-0.963968,-0.000828,-0.000674
1787,-46.577,-45.249,-48.522,-53.298,-43.293,-46.611,-1237.005,-1246.837,-1587.869,-2207.694,-1245.709,-1586.632,-970.689,1.128,1.237,-0.970689,0.001128,0.001237
1788,-37.07,-36.343,-41.719,-50.298,-36.847,-41.852,-1274.075,-1283.18,-1629.588,-2257.992,-1282.556,-1628.484,-983.917,0.624,1.104,-0.983917,0.000624,0.001104
1789,24.298,24.611,18.174,9.103,23.217,16.73,-1249.777,-1258.569,-1611.414,-2248.889,-1259.339,-1611.754,-999.112,-0.77,-0.34,-0.999112,-0.00077,-0.00034
1790,-46.618,-47.251,-53.594,-59.707,-46.687,-52.181,-1296.395,-1305.82,-1665.008,-2308.596,-1306.026,-1663.935,-1012.201,-0.206,1.073,-1.012201,-0.000206,0.001073
1791,-32.656,-32.808,-37.604,-47.427,-34.422,-39.265,-1329.051,-1338.628,-1702.612,-2356.023,-1340.448,-1703.2,-1026.972,-1.82,-0.588,-1.026972,-0.00182,-0.000588
1792,20.156,21.622,16.688,7.859,19.947,15.839,-1308.895,-1317.006,-1685.924,-2348.164,-1320.501,-1687.361,-1039.269,-3.495,-1.437,-1.039269,-0.003495,-0.001437
1793,-49.99,-48.498,-52.438,-58.172,-47.375,-50.545,-1358.885,-1365.504,-1738.362,-2406.336,-1367.876,-1737.906,-1047.451,-2.372,0.456,-1.047451,-0.002372,0.000456
1794,-35.745,-35.201,-37.901,-42.899,-33.467,-35.961,-1394.63,-1400.705,-1776.263,-2449.235,-1401.343,-1773.867,-1054.605,-0.638,2.396,-1.054605,-0.000638,0.002396
1795,19.616,19.208,17.013,9.822,18.607,16.604,-1375.014,-1381.497,-1759.25,-2439.413,-1382.736,-1757.263,-1064.399,-1.239,1.987,-1.064399,-0.001239,0.001987
1796,-49.09,-49.801,-50.33,-56.371,-49.392,-50.621,-1424.104,-1431.298,-1809.58,-2495.784,-1432.128,-1807.884,-1071.68,-0.83,1.696,-1.07168,-0.00083,0.001696
1797,-37.453,-38.132,-38.036,-41.501,-33.855,-34.902,-1461.557,-1469.43,-1847.616,-2537.285,-1465.983,-1842.786,-1075.728,3.447,4.83,-1.075728,0.003447,0.00483
1798,17.35,17.726,17.921,6.175,14.042,13.831,-1444.207,-1451.704,-1829.695,-2531.11,-1451.941,-1828.955,-1086.903,-0.237,0.74,-1.086903,-0.000237,0.00074
1799,-46.32,-45.424,-46.047,-55.115,-46.003,-47.245,-1490.527,-1497.128,-1875.742,-2586.225,-1497.944,-1876.2,-1095.698,-0.816,-0.458,-1.095698,-0.000816,-0.000458
1800,-43.324,-42.941,-43.322,-50.318,-40.802,-43.403,-1533.851,-1540.069,-1919.064,-2636.543,-1538.746,-1919.603,-1102.692,1.323,-0.539,-1.102692,0.001323,-0.000539
1801,21.347,21.116,18.859,9.986,19.465,16.447,-1512.504,-1518.953,-1900.205,-2626.557,-1519.281,-1903.156,-1114.053,-0.328,-2.951,-1.114053,-0.000328,-0.002951
1802,-54.798,-55.36,-58.833,-66.033,-55.735,-59.738,-1567.302,-1574.313,-1959.038,-2692.59,-1575.016,-1962.894,-1125.288,-0.703,-3.856,-1.125288,-0.000703,-0.003856
1803,-39.857,-40.314,-46.363,-49.376,-38.484,-44.042,-1607.159,-1614.627,-2005.401,-2741.966,-1613.5,-2006.936,-1134.807,1.127,-1.535,-1.134807,0.001127,-0.001535
1804,19.148,19.516,13.538,6.749,17.8,11.918,-1588.011,-1595.111,-1991.863,-2735.217,-1595.7,-1995.018,-1147.206,-0.589,-3.155,-1.147206,-0.000589,-0.003155
1805,-53.119,-54.932,-59.161,-64.586,-55.689,-59.645,-1641.13,-1650.043,-2051.024,-2799.803,-1651.389,-2054.663,-1158.673,-1.346,-3.639,-1.158673,-0.001346,-0.003639
1806,-42.844,-43.89,-46.929,-50.109,-43.703,-44.898,-1683.974,-1693.933,-2097.953,-2849.912,-1695.092,-2099.561,-1165.938,-1.159,-1.608,-1.165938,-0.001159,-0.001608
1807,19.471,19.825,17.991,13.61,18.563,18.578,-1664.503,-1674.108,-2079.962,-2836.302,-1676.529,-2080.983,-1171.799,-2.421,-1.021,-1.171799,-0.002421,-0.001021
1808,-53.702,-53.058,-55.673,-60.373,-54.239,-55.363,-1718.205,-1727.166,-2135.635,-2896.675,-1730.768,-2136.346,-1178.47,-3.602,-0.711,-1.17847,-0.003602,-0.000711
1809,-40.024,-40.718,-43.083,-46.209,-38.762,-41.912,-1758.229,-1767.884,-2178.718,-2942.884,-1769.53,-2178.258,-1184.655,-1.646,0.46,-1.184655,-0.001646,0.00046
1810,16.83,16.903,14.042,10.244,17.823,13.764,-1741.399,-1750.981,-2164.676,-2932.64,-1751.707,-2164.494,-1191.241,-0.726,0.182,-1.191241,-0.000726,0.000182
1811,-43.382,-43.511,-45.691,-51.51,-43.309,-46.969,-1784.781,-1794.492,-2210.367,-2984.15,-1795.016,-2211.463,-1199.369,-0.524,-1.096,-1.199369,-0.000524,-0.001096
1812,-41.3,-41.813,-43.794,-49.71,-41.044,-44.001,-1826.081,-1836.305,-2254.161,-3033.86,-1836.06,-2255.464,-1207.779,0.245,-1.303,-1.207779,0.000245,-0.001303
1813,19.573,19.503,18.032,10.145,19.031,17.11,-1806.508,-1816.802,-2236.129,-3023.715,-1817.029,-2238.354,-1217.207,-0.227,-2.225,-1.217207,-0.000227,-0.002225
1814,-46.063,-45.684,-46.576,-54.274,-45.245,-45.819,-1852.571,-1862.486,-2282.705,-3077.989,-1862.274,-2284.173,-1225.418,0.212,-1.468,-1.225418,0.000212,-0.001468
1815,-42.824,-42.232,-42.488,-48.941,-40.628,-41.111,-1895.395,-1904.718,-2325.193,-3126.93,-1902.902,-2325.284,-1231.535,1.816,-0.091,-1.231535,0.001816,-9.1E-05
1816,14.73,17.493,14.392,6.922,15.005,12.66,-1880.665,-1887.225,-2310.801,-3120.008,-1887.897,-2312.624,-1239.343,-0.672,-1.823,-1.239343,-0.000672,-0.001823
1817,-48.617,-46.891,-51.179,-53.952,-45.134,-49.319,-1929.282,-1934.116,-2361.98,-3173.96,-1933.031,-2361.943,-1244.678,1.085,0.037,-1.244678,0.001085,3.7E-05
1818,-42.261,-42.145,-48.189,-50.569,-40.599,-46.258,-1971.543,-1976.261,-2410.169,-3224.529,-1973.63,-2408.201,-1252.986,2.631,1.968,-1.252986,0.002631,0.001968
1819,17.961,17.636,12.015,5.991,16.495,10.842,-1953.582,-1958.625,-2398.154,-3218.538,-1957.135,-2397.359,-1264.956,1.49,0.795,-1.264956,0.00149,0.000795
1820,-49.883,-50.943,-56.102,-58.864,-49.931,-55.241,-2003.465,-2009.568,-2454.256,-3277.402,-2007.066,-2452.6,-1273.937,2.502,1.656,-1.273937,0.002502,0.001656
1821,-37.597,-40.005,-42.569,-44.681,-38.827,-41.314,-2041.062,-2049.573,-2496.825,-3322.083,-2045.893,-2493.914,-1281.021,3.68,2.911,-1.281021,0.00368,0.002911
1822,11.044,9.779,8.841,5.418,8.585,8.053,-2030.018,-2039.794,-2487.984,-3316.665,-2037.308,-2485.861,-1286.647,2.486,2.123,-1.286647,0.002486,0.002123
1823,-54.913,-55.39,-55.161,-59.632,-56.551,-56.245,-2084.931,-2095.184,-2543.145,-3376.297,-2093.859,-2542.106,-1291.366,1.325,1.039,-1.291366,0.001325,0.001039
1824,-40.76,-40.6,-38.92,-44.878,-41.433,-40.593,-2125.691,-2135.784,-2582.065,-3421.175,-2135.292,-2582.699,-1295.484,0.492,-0.634,-1.295484,0.000492,-0.000634
1825,12.759,13.658,15.253,8.426,13.064,14.465,-2112.932,-2122.126,-2566.812,-3412.749,-2122.228,-2568.234,-1299.817,-0.102,-1.422,-1.299817,-0.000102,-0.001422
1826,-54.263,-53.552,-52.947,-61.349,-56.338,-54.489,-2167.195,-2175.678,-2619.759,-3474.098,-2178.566,-2622.723,-1306.903,-2.888,-2.964,-1.306903,-0.002888,-0.002964
1827,-38.588,-38.872,-38.884,-44.841,-36.947,-36.582,-2205.783,-2214.55,-2658.643,-3518.939,-2215.513,-2659.305,-1313.156,-0.963,-0.662,-1.313156,-0.000963,-0.000662
1828,19.672,18.822,17.16,5.24,14.954,13.779,-2186.111,-2195.728,-2641.483,-3513.699,-2200.559,-2645.526,-1327.588,-4.831,-4.043,-1.327588,-0.004831,-0.004043
1829,-49.968,-49.561,-52.881,-59.62,-48.505,-51.973,-2236.079,-2245.289,-2694.364,-3573.319,-2249.064,-2697.499,-1337.24,-3.775,-3.135,-1.33724,-0.003775,-0.003135
1830,-42.051,-42.315,-46.702,-51.452,-39.937,-44.929,-2278.13,-2287.604,-2741.066,-3624.771,-2289.001,-2742.428,-1346.641,-1.397,-1.362,-1.346641,-0.001397,-0.001362
1831,22.055,21.842,15.876,9.318,21.14,14.48,-2256.075,-2265.762,-2725.19,-3615.453,-2267.861,-2727.948,-1359.378,-2.099,-2.758,-1.359378,-0.002099,-0.002758
1832,-53.353,-53.312,-59.551,-63.228,-51.617,-59.312,-2309.428,-2319.074,-2784.741,-3678.681,-2319.478,-2787.26,-1369.253,-0.404,-2.519,-1.369253,-0.000404,-0.002519
1833,-40.808,-40.065,-46.045,-47.184,-38.331,-44.861,-2350.236,-2359.139,-2830.786,-3725.865,-2357.809,-2832.121,-1375.629,1.33,-1.335,-1.375629,0.00133,-0.001335
1834,17.815,17.773,14.527,12.31,18.345,13.872,-2332.421,-2341.366,-2816.259,-3713.555,-2339.464,-2818.249,-1381.134,1.902,-1.99,-1.381134,0.001902,-0.00199
1835,-56.388,-56.095,-57.391,-58.23,-54.625,-56.738,-2388.809,-2397.461,-2873.65,-3771.785,-2394.089,-2874.987,-1382.976,3.372,-1.337,-1.382976,0.003372,-0.001337
1836,-47.794,-46.674,-47.222,-46.843,-43.487,-46.4,-2436.603,-2444.135,-2920.872,-3818.628,-2437.576,-2921.387,-1382.025,6.559,-0.515,-1.382025,0.006559,-0.000515
1837,17.406,17.765,18.226,17.055,19.947,18.768,-2419.197,-2426.37,-2902.646,-3801.573,-2417.629,-2902.619,-1382.376,8.741,0.027,-1.382376,0.008741,2.7E-05
1838,-53.896,-54.042,-53.705,-58.253,-54.648,-54.736,-2473.093,-2480.412,-2956.351,-3859.826,-2472.277,-2957.355,-1386.733,8.135,-1.004,-1.386733,0.008135,-0.001004
1839,-40.695,-41.273,-41.433,-45.028,-40.157,-38.979,-2513.788,-2521.685,-2997.784,-3904.854,-2512.434,-2996.334,-1391.066,9.251,1.45,-1.391066,0.009251,0.00145
1840,17.728,17.749,15.842,8.143,14.255,15.188,-2496.06,-2503.936,-2981.942,-3896.711,-2498.179,-2981.146,-1400.651,5.757,0.796,-1.400651,0.005757,0.000796
1841,-45.632,-46.538,-48.448,-55.934,-47.909,-48.37,-2541.692,-2550.474,-3030.39,-3952.645,-2546.088,-3029.516,-1410.953,4.386,0.874,-1.410953,0.004386,0.000874
1842,-40.096,-40.128,-43.543,-48.623,-40.545,-42.485,-2581.788,-2590.602,-3073.933,-4001.268,-2586.633,-3072.001,-1419.48,3.969,1.932,-1.41948,0.003969,0.001932
1843,22.129,21.479,18.853,11.404,19.457,17.976,-2559.659,-2569.123,-3055.08,-3989.864,-2567.176,-3054.025,-1430.205,1.947,1.055,-1.430205,0.001947,0.001055
1844,-46.655,-46.264,-48.184,-54.9,-46.877,-47.899,-2606.314,-2615.387,-3103.264,-4044.764,-2614.053,-3101.924,-1438.45,1.334,1.34,-1.43845,0.001334,0.00134
1845,-41.455,-40.451,-42.14,-46.84,-39.278,-40.498,-2647.769,-2655.838,-3145.404,-4091.604,-2653.331,-3142.422,-1443.835,2.507,2.982,-1.443835,0.002507,0.002982
1846,21.181,21.675,20.505,13.048,19.413,17.383,-2626.588,-2634.163,-3124.899,-4078.556,-2633.918,-3125.039,-1451.968,0.245,-0.14,-1.451968,0.000245,-0.00014
1847,-46.257,-45.023,-47.252,-50.723,-44.458,-47.293,-2672.845,-2679.186,-3172.151,-4129.279,-2678.376,-3172.332,-1456.434,0.81,-0.181,-1.456434,0.00081,-0.000181
1848,-42.212,-41.058,-43.936,-46.507,-41.944,-44.382,-2715.057,-2720.244,-3216.087,-4175.786,-2720.32,-3216.714,-1460.729,-0.076,-0.627,-1.460729,-7.6E-05,-0.000627
1849,18.58,18.57,16.555,13.079,17.555,14.681,-2696.477,-2701.674,-3199.532,-4162.707,-2702.765,-3202.033,-1466.23,-1.091,-2.501,-1.46623,-0.001091,-0.002501
1850,-48.672,-48.697,-51.771,-54.62,-47.773,-52.361,-2745.149,-2750.371,-3251.303,-4217.327,-2750.538,-3254.394,-1472.178,-0.167,-3.091,-1.472178,-0.000167,-0.003091
1851,-37.01,-36.91,-40,-43.099,-35.671,-40.092,-2782.159,-2787.281,-3291.303,-4260.426,-2786.209,-3294.486,-1478.267,1.072,-3.183,-1.478267,0.001072,-0.003183
1852,19.738,19.207,15.612,11.359,18.5,14.677,-2762.421,-2768.074,-3275.691,-4249.067,-2767.709,-3279.809,-1486.646,0.365,-4.118,-1.486646,0.000365,-0.004118
1853,-48.288,-49.472,-53.052,-55.24,-49.331,-51.038,-2810.709,-2817.546,-3328.743,-4304.307,-2817.04,-3330.847,-1493.598,0.506,-2.104,-1.493598,0.000506,-0.002104
1854,-39.855,-39.991,-43.881,-46.297,-40.22,-42.019,-2850.564,-2857.537,-3372.624,-4350.604,-2857.26,-3372.866,-1500.04,0.277,-0.242,-1.50004,0.000277,-0.000242
1855,17.878,17.285,15.133,10.406,16.077,15.422,-2832.686,-2840.252,-3357.491,-4340.198,-2841.183,-3357.444,-1507.512,-0.931,0.047,-1.507512,-0.000931,4.7E-05
1856,-50.64,-52.182,-53.939,-59.312,-52.307,-53.158,-2883.326,-2892.434,-3411.43,-4399.51,-2893.49,-3410.602,-1516.184,-1.056,0.828,-1.516184,-0.001056,0.000828
1857,-40.541,-41.919,-42.76,-46.529,-38.926,-39.307,-2923.867,-2934.353,-3454.19,-4446.039,-2932.416,-3449.909,-1522.172,1.937,4.281,-1.522172,0.001937,0.004281
1858,12.891,12.734,11.672,4.667,11.86,10.897,-2910.976,-2921.619,-3442.518,-4441.372,-2920.556,-3439.012,-1530.396,1.063,3.506,-1.530396,0.001063,0.003506
1859,-49.719,-50.84,-50.225,-55.983,-51.054,-50.892,-2960.695,-2972.459,-3492.743,-4497.355,-2971.61,-3489.904,-1536.66,0.849,2.839,-1.53666,0.000849,0.002839
1860,-46.311,-46.664,-46.763,-49.791,-45.371,-46.945,-3007.006,-3019.123,-3539.506,-4547.146,-3016.981,-3536.849,-1540.14,2.142,2.657,-1.54014,0.002142,0.002657
1861,16.481,17.947,15.779,11.832,16.378,14.284,-2990.525,-3001.176,-3523.727,-4535.314,-3000.603,-3522.565,-1544.789,0.573,1.162,-1.544789,0.000573,0.001162
1862,-56.219,-54.747,-55.72,-56.74,-52.395,-55.127,-3046.744,-3055.923,-3579.447,-4592.054,-3052.998,-3577.692,-1545.31,2.925,1.755,-1.54531,0.002925,0.001755
1863,-44.429,-43.192,-43.439,-43.378,-38.281,-41.453,-3091.173,-3099.115,-3622.886,-4635.432,-3091.279,-3619.145,-1544.259,7.836,3.741,-1.544259,0.007836,0.003741
1864,18.472,19.541,19.739,15.668,22.644,19.101,-3072.701,-3079.574,-3603.147,-4619.764,-3068.635,-3600.044,-1547.063,10.939,3.103,-1.547063,0.010939,0.003103
1865,-52.427,-51.862,-54.267,-54.954,-47.412,-50.049,-3125.128,-3131.436,-3657.414,-4674.718,-3116.047,-3650.093,-1549.59,15.389,7.321,-1.54959,0.015389,0.007321
1866,-41.98,-42.256,-45.02,-45.794,-36.287,-39.114,-3167.108,-3173.692,-3702.434,-4720.512,-3152.334,-3689.207,-1553.404,21.358,13.227,-1.553404,0.021358,0.013227
1867,22.443,21.487,17.756,16.052,27.347,23.542,-3144.665,-3152.205,-3684.678,-4704.46,-3124.987,-3665.665,-1559.795,27.218,19.013,-1.559795,0.027218,0.019013
1868,-49.45,-49.739,-54.564,-56.289,-44.243,-49.065,-3194.115,-3201.944,-3739.242,-4760.749,-3169.23,-3714.73,-1566.634,32.714,24.512,-1.566634,0.032714,0.024512
1869,-38.736,-37.676,-42.135,-38.725,-28.049,-32.176,-3232.851,-3239.62,-3781.377,-4799.474,-3197.279,-3746.906,-1566.623,42.341,34.471,-1.566623,0.042341,0.034471
1870,14.377,14.961,11.427,15.848,23.838,21.531,-3218.474,-3224.659,-3769.95,-4783.626,-3173.441,-3725.375,-1565.152,51.218,44.575,-1.565152,0.051218,0.044575
1871,-46.38,-45.81,-48.507,-43.107,-37.116,-39.395,-3264.854,-3270.469,-3818.457,-4826.733,-3210.557,-3764.77,-1561.879,59.912,53.687,-1.561879,0.059912,0.053687
1872,-38.937,-37.933,-40.144,-32.333,-27.985,-29.939,-3303.791,-3308.402,-3858.601,-4859.066,-3238.542,-3794.709,-1555.275,69.86,63.892,-1.555275,0.06986,0.063892
1873,21.368,22.612,19.716,25.677,29.688,29.357,-3282.423,-3285.79,-3838.885,-4833.389,-3208.854,-3765.352,-1550.966,76.936,73.533,-1.550966,0.076936,0.073533
1874,-45.907,-44.154,-45.883,-39.603,-34.915,-33.967,-3328.33,-3329.944,-3884.768,-4872.992,-3243.769,-3799.319,-1544.662,86.175,85.449,-1.544662,0.086175,0.085449
1875,-37.621,-37.873,-37.948,-29.581,-23.808,-22.092,-3365.951,-3367.817,-3922.716,-4902.573,-3267.577,-3821.411,-1536.622,100.24,101.305,-1.536622,0.10024,0.101305
1876,26.211,26.322,25.845,29.305,38.153,37.708,-3339.74,-3341.495,-3896.871,-4873.268,-3229.424,-3783.703,-1533.528,112.071,113.168,-1.533528,0.112071,0.113168
1877,-42.987,-42.712,-43.359,-38.994,-27.392,-29.885,-3382.727,-3384.207,-3940.23,-4912.262,-3256.816,-3813.588,-1529.535,127.391,126.642,-1.529535,0.127391,0.126642
1878,-39.2,-38.168,-40.931,-34.987,-21.339,-24.639,-3421.927,-3422.375,-3981.161,-4947.249,-3278.155,-3838.227,-1525.322,144.22,142.934,-1.525322,0.14422,0.142934
1879,21.591,21.503,19.48,26.128,39.242,36.018,-3400.336,-3400.872,-3961.681,-4921.121,-3238.913,-3802.209,-1520.785,161.959,159.472,-1.520785,0.161959,0.159472
1880,-49.406,-51.731,-53.205,-44.438,-33.226,-38.371,-3449.742,-3452.603,-4014.886,-4965.559,-3272.139,-3840.58,-1515.817,180.464,174.306,-1.515817,0.180464,0.174306
1881,-35.125,-37.727,-39.481,-27.67,-17.83,-23.433,-3484.867,-3490.33,-4054.367,-4993.229,-3289.969,-3864.013,-1508.362,200.361,190.354,-1.508362,0.200361,0.190354
1882,18.111,17.209,14.514,26.645,34.513,29.282,-3466.756,-3473.121,-4039.853,-4966.584,-3255.456,-3834.731,-1499.828,217.665,205.122,-1.499828,0.217665,0.205122
1883,-51.169,-51.325,-52.802,-38.688,-32.341,-34.972,-3517.925,-3524.446,-4092.655,-5005.272,-3287.797,-3869.703,-1487.347,236.649,222.952,-1.487347,0.236649,0.222952
1884,-41.483,-41.268,-41.651,-25.347,-18.949,-20.037,-3559.408,-3565.714,-4134.306,-5030.619,-3306.746,-3889.74,-1471.211,258.968,244.566,-1.471211,0.258968,0.244566
1885,18.433,18.802,19.545,33.849,40.863,40.765,-3540.975,-3546.912,-4114.761,-4996.77,-3265.883,-3848.975,-1455.795,281.029,265.786,-1.455795,0.281029,0.265786
1886,-51.864,-50.551,-50.515,-38.413,-29.837,-31.158,-3592.839,-3597.463,-4165.276,-5035.183,-3295.72,-3880.133,-1442.344,301.743,285.143,-1.442344,0.301743,0.285143
1887,-38.218,-37.236,-38.526,-18.694,-9.632,-12.537,-3631.057,-3634.699,-4203.802,-5053.877,-3305.352,-3892.67,-1422.82,329.347,311.132,-1.42282,0.329347,0.311132
1888,19.267,19.302,18.021,32.523,41.875,38.807,-3611.79,-3615.397,-4185.781,-5021.354,-3263.477,-3853.863,-1409.564,351.92,331.918,-1.409564,0.35192,0.331918
1889,-46.102,-46.813,-47.677,-30.952,-20.945,-22.567,-3657.892,-3662.21,-4233.458,-5052.306,-3284.422,-3876.43,-1394.414,377.788,357.028,-1.394414,0.377788,0.357028
1890,-39.323,-40.023,-43.936,-25.058,-13.892,-14.598,-3697.215,-3702.233,-4277.394,-5077.364,-3298.314,-3891.028,-1380.149,403.919,386.366,-1.380149,0.403919,0.386366
1891,24.327,24.338,19.39,36.658,47.577,46.091,-3672.888,-3677.895,-4258.004,-5040.706,-3250.737,-3844.937,-1367.818,427.158,413.067,-1.367818,0.427158,0.413067
1892,-50.681,-49.147,-54.859,-34.398,-23.34,-26.641,-3723.569,-3727.042,-4312.863,-5075.104,-3274.077,-3871.578,-1351.535,452.965,441.285,-1.351535,0.452965,0.441285
1893,-42.268,-40.471,-44.87,-23.63,-13.321,-15.899,-3765.837,-3767.513,-4357.733,-5098.734,-3287.398,-3887.477,-1332.897,480.115,470.256,-1.332897,0.480115,0.470256
1894,25.788,27.357,23.353,40.293,50.919,48.473,-3740.049,-3740.156,-4334.38,-5058.441,-3236.479,-3839.004,-1318.392,503.677,495.376,-1.318392,0.503677,0.495376
1895,-47.57,-45.582,-48.652,-30.645,-19.418,-23.089,-3787.619,-3785.738,-4383.032,-5089.086,-3255.897,-3862.093,-1301.467,529.841,520.939,-1.301467,0.529841,0.520939
1896,-40.07,-39.939,-41.263,-24.185,-13.05,-17.785,-3827.689,-3825.677,-4424.295,-5113.271,-3268.947,-3879.878,-1285.582,556.73,544.417,-1.285582,0.55673,0.544417
1897,25.043,22.369,23.669,42.359,53.055,48.502,-3802.646,-3803.308,-4400.626,-5070.912,-3215.892,-3831.376,-1268.266,587.416,569.25,-1.268266,0.587416,0.56925
1898,-48.718,-51.975,-49.06,-28.465,-19.952,-22.507,-3851.364,-3855.283,-4449.686,-5099.377,-3235.844,-3853.883,-1248.013,619.439,595.803,-1.248013,0.619439,0.595803
1899,-40.196,-42.564,-39.605,-18.255,-11.276,-13.164,-3891.56,-3897.847,-4489.291,-5117.632,-3247.12,-3867.047,-1226.072,650.727,622.244,-1.226072,0.650727,0.622244
1900,14.451,14.628,15.52,37.472,44.962,42.23,-3877.109,-3883.219,-4473.771,-5080.16,-3202.158,-3824.817,-1203.051,681.061,648.954,-1.203051,0.681061,0.648954
1901,-46.601,-44.069,-45.803,-22.761,-13.198,-16.593,-3923.71,-3927.288,-4519.574,-5102.921,-3215.356,-3841.41,-1179.211,711.932,678.164,-1.179211,0.711932,0.678164
1902,-43.854,-41.973,-43.274,-18.375,-8.682,-12.337,-3967.564,-3969.261,-4562.848,-5121.296,-3224.038,-3853.747,-1153.732,745.223,709.101,-1.153732,0.745223,0.709101
1903,18.865,20.754,18.911,39.913,49.461,47.911,-3948.699,-3948.507,-4543.937,-5081.383,-3174.577,-3805.836,-1132.684,773.93,738.101,-1.132684,0.77393,0.738101
1904,-44.19,-41.876,-45.653,-22.494,-12.157,-12.678,-3992.889,-3990.383,-4589.59,-5103.877,-3186.734,-3818.514,-1110.988,803.649,771.076,-1.110988,0.803649,0.771076
1905,-37.354,-33.951,-40.601,-12.312,-1.04,-0.712,-4030.243,-4024.334,-4630.191,-5116.189,-3187.774,-3819.226,-1085.946,836.56,810.965,-1.085946,0.83656,0.810965
1906,19.54,22.02,15.24,41.872,54.145,54.635,-4010.703,-4002.314,-4614.951,-5074.317,-3133.629,-3764.591,-1063.614,868.685,850.36,-1.063614,0.868685,0.85036
1907,-43.378,-42.273,-47.511,-19.661,-6.973,-7.116,-4054.081,-4044.587,-4662.462,-5093.978,-3140.602,-3771.707,-1039.897,903.985,890.755,-1.039897,0.903985,0.890755
1908,-34.98,-34.422,-39.296,-11.103,0.249,-0.556,-4089.061,-4079.009,-4701.758,-5105.081,-3140.353,-3772.263,-1016.02,938.656,929.495,-1.01602,0.938656,0.929495
1909,22.379,22.312,18.553,49.717,59.998,57.811,-4066.682,-4056.697,-4683.205,-5055.364,-3080.355,-3714.452,-988.682,976.342,968.753,-0.988682,0.976342,0.968753
1910,-51.574,-52.556,-53.938,-23.571,-12.725,-16.857,-4118.256,-4109.253,-4737.143,-5078.935,-3093.08,-3731.309,-960.679,1016.173,1005.834,-0.960679,1.016173,1.005834
1911,-36.572,-38.817,-36.574,-6.132,4.073,0.699,-4154.828,-4148.07,-4773.717,-5085.067,-3089.007,-3730.61,-930.239,1059.063,1043.107,-0.930239,1.059063,1.043107
1912,16.706,14.989,18.026,50.582,60.736,55.529,-4138.122,-4133.081,-4755.691,-5034.485,-3028.271,-3675.081,-896.363,1104.81,1080.61,-0.896363,1.10481,1.08061
1913,-49.025,-50.245,-48.484,-15.335,-5.159,-10.417,-4187.147,-4183.326,-4804.175,-5049.82,-3033.43,-3685.498,-862.673,1149.896,1118.677,-0.862673,1.149896,1.118677
1914,-37.64,-38.135,-36.839,-5.261,4.107,-0.53,-4224.787,-4221.461,-4841.014,-5055.081,-3029.323,-3686.028,-830.294,1192.138,1154.986,-0.830294,1.192138,1.154986
1915,23.611,22.998,24.385,54.794,63.667,60.284,-4201.176,-4198.463,-4816.629,-5000.287,-2965.656,-3625.744,-799.111,1232.807,1190.885,-0.799111,1.232807,1.190885
1916,-41.587,-41.505,-42.555,-13.907,-4.455,-7.046,-4242.763,-4239.968,-4859.184,-5014.194,-2970.111,-3632.79,-771.431,1269.857,1226.394,-0.771431,1.269857,1.226394
1917,-31.06,-29.34,-32.959,2.469,12.593,10.334,-4273.823,-4269.308,-4892.143,-5011.725,-2957.518,-3622.456,-737.902,1311.79,1269.687,-0.737902,1.31179,1.269687
1918,27.924,28.361,23.391,53.943,64.518,63.47,-4245.899,-4240.947,-4868.752,-4957.782,-2893,-3558.986,-711.883,1347.947,1309.766,-0.711883,1.347947,1.309766
1919,-40,-41.1,-45.96,-9.036,0.991,1.742,-4285.899,-4282.047,-4914.712,-4966.818,-2892.009,-3557.244,-680.919,1390.038,1357.468,-0.680919,1.390038,1.357468
1920,-32.921,-34.072,-38.887,2.493,11.674,14.133,-4318.82,-4316.119,-4953.599,-4964.325,-2880.335,-3543.111,-645.505,1435.784,1410.488,-0.645505,1.435784,1.410488
1921,28.561,28.248,23.149,62.507,71.077,74.056,-4290.259,-4287.871,-4930.45,-4901.818,-2809.258,-3469.055,-611.559,1478.613,1461.395,-0.611559,1.478613,1.461395
1922,-45.571,-47.061,-49.516,-11.166,-1.51,-0.343,-4335.83,-4334.932,-4979.966,-4912.984,-2810.768,-3469.398,-577.154,1524.164,1510.568,-0.577154,1.524164,1.510568
1923,-36.475,-39.523,-38.883,2.052,11.843,11.665,-4372.305,-4374.455,-5018.849,-4910.932,-2798.925,-3457.733,-538.627,1575.53,1561.116,-0.538627,1.57553,1.561116
1924,25.918,22.911,24.24,63.347,74.313,72.475,-4346.387,-4351.544,-4994.609,-4847.585,-2724.612,-3385.258,-501.198,1626.932,1609.351,-0.501198,1.626932,1.609351
1925,-47.344,-47.677,-46.044,-8.956,2.069,-0.298,-4393.731,-4399.221,-5040.653,-4856.541,-2722.543,-3385.556,-462.81,1676.678,1655.097,-0.46281,1.676678,1.655097
1926,-42.201,-39.52,-38.486,0.844,11.687,8.729,-4435.932,-4438.741,-5079.139,-4855.697,-2710.856,-3376.827,-419.765,1727.885,1702.312,-0.419765,1.727885,1.702312
1927,21.18,24.589,24.549,66.63,78.529,73.904,-4414.752,-4414.152,-5054.59,-4789.067,-2632.327,-3302.923,-374.315,1781.825,1751.667,-0.374315,1.781825,1.751667
1928,-50.526,-47.345,-47.542,-9.315,2.727,-3.155,-4465.278,-4461.497,-5102.132,-4798.382,-2629.6,-3306.078,-333.104,1831.897,1796.054,-0.333104,1.831897,1.796054
1929,-38.071,-34.194,-35.965,7.129,18.855,13.886,-4503.349,-4495.691,-5138.097,-4791.253,-2610.745,-3292.192,-287.904,1884.946,1845.905,-0.287904,1.884946,1.845905
1930,20.411,23.075,19.977,63.521,74.785,70.348,-4482.938,-4472.616,-5118.12,-4727.732,-2535.96,-3221.844,-244.794,1936.656,1896.276,-0.244794,1.936656,1.896276
1931,-39.797,-38.828,-41.741,-4.341,7.697,3.939,-4522.735,-4511.444,-5159.861,-4732.073,-2528.263,-3217.905,-209.338,1983.181,1941.956,-0.209338,1.983181,1.941956
1932,-35.235,-35.432,-38.635,1.053,14.132,10.24,-4557.97,-4546.876,-5198.496,-4731.02,-2514.131,-3207.665,-173.05,2032.745,1990.831,-0.17305,2.032745,1.990831
1933,24.209,23.503,20.921,64.237,75.611,73.896,-4533.761,-4523.373,-5177.575,-4666.783,-2438.52,-3133.769,-133.022,2084.853,2043.806,-0.133022,2.084853,2.043806
1934,-40.024,-40.069,-43.545,-2.804,5.062,6.065,-4573.785,-4563.442,-5221.12,-4669.587,-2433.458,-3127.704,-95.802,2129.984,2093.416,-0.095802,2.129984,2.093416
1935,-37.307,-36.224,-39.899,2.362,8.586,10.523,-4611.092,-4599.666,-5261.019,-4667.225,-2424.872,-3117.181,-56.133,2174.794,2143.838,-0.056133,2.174794,2.143838
1936,20.892,21.71,18.909,63.944,72.462,73.087,-4590.2,-4577.956,-5242.11,-4603.281,-2352.41,-3044.094,-13.081,2225.546,2198.016,-0.013081,2.225546,2.198016
1937,-42.923,-42.479,-42.882,1.525,9.222,10.01,-4633.123,-4620.435,-5284.992,-4601.756,-2343.188,-3034.084,31.367,2277.247,2250.908,0.031367,2.277247,2.250908
1938,-35.698,-36.83,-36.254,2.114,8.345,11.314,-4668.821,-4657.265,-5321.246,-4599.642,-2334.843,-3022.77,69.179,2322.422,2298.476,0.069179,2.322422,2.298476
1939,24.88,22.794,24.465,66.636,73.149,76.843,-4643.941,-4634.471,-5296.781,-4533.006,-2261.694,-2945.927,110.935,2372.777,2350.854,0.110935,2.372777,2.350854
1940,-46.563,-48.66,-47.002,-3.42,5.233,6.683,-4690.504,-4683.131,-5343.783,-4536.426,-2256.461,-2939.244,154.078,2426.67,2404.539,0.154078,2.42667,2.404539
1941,-33.19,-34.614,-33.739,10.857,21.526,19.571,-4723.694,-4717.745,-5377.522,-4525.569,-2234.935,-2919.673,198.125,2482.81,2457.849,0.198125,2.48281,2.457849
1942,25.547,24.833,23.712,65.213,76.521,72.36,-4698.147,-4692.912,-5353.81,-4460.356,-2158.414,-2847.313,237.791,2534.498,2506.497,0.237791,2.534498,2.506497
1943,-42.15,-41.737,-45.747,1.84,13.335,8.617,-4740.297,-4734.649,-5399.557,-4458.516,-2145.079,-2838.696,281.781,2589.57,2560.861,0.281781,2.58957,2.560861
1944,-31.749,-31.619,-36.207,12.995,24.997,19.98,-4772.046,-4766.268,-5435.764,-4445.521,-2120.082,-2818.716,326.525,2646.186,2617.048,0.326525,2.646186,2.617048
1945,24.697,24.889,20.327,67.536,79.456,74.952,-4747.349,-4741.379,-5415.437,-4377.985,-2040.626,-2743.764,369.364,2700.753,2671.673,0.369364,2.700753,2.671673
1946,-41.794,-42.545,-46.549,2.031,12.512,10.428,-4789.143,-4783.924,-5461.986,-4375.954,-2028.114,-2733.336,413.189,2755.81,2728.65,0.413189,2.75581,2.72865
1947,-34.733,-34.892,-37.897,18.598,27.657,26.97,-4823.876,-4818.816,-5499.883,-4357.356,-2000.457,-2706.366,466.52,2818.359,2793.517,0.46652,2.818359,2.793517
1948,19.857,21.415,18.398,70.476,79.012,80.235,-4804.019,-4797.401,-5481.485,-4286.88,-1921.445,-2626.131,517.139,2875.956,2855.354,0.517139,2.875956,2.855354
1949,-45.311,-43.38,-45.094,7.933,16.604,18.899,-4849.33,-4840.781,-5526.579,-4278.947,-1904.841,-2607.232,570.383,2935.94,2919.347,0.570383,2.93594,2.919347
1950,-38.913,-38.877,-38.837,17.864,26.843,29.355,-4888.243,-4879.658,-5565.416,-4261.083,-1877.998,-2577.877,627.16,3001.66,2987.539,0.62716,3.00166,2.987539
1951,27.028,24.885,26.865,79.178,88.816,90.195,-4861.215,-4854.773,-5538.551,-4181.905,-1789.182,-2487.682,679.31,3065.591,3050.869,0.67931,3.065591,3.050869
1952,-43.157,-46.669,-43.941,4.358,13.866,14.168,-4904.372,-4901.442,-5582.492,-4177.547,-1775.316,-2473.514,726.825,3126.126,3108.978,0.726825,3.126126,3.108978
1953,-33.03,-35.54,-32.69,23.385,31.723,31.694,-4937.402,-4936.982,-5615.182,-4154.162,-1743.593,-2441.82,783.24,3193.389,3173.362,0.78324,3.193389,3.173362
1954,25.33,25.874,27.793,85.357,92.425,91.816,-4912.072,-4911.108,-5587.389,-4068.805,-1651.168,-2350.004,843.267,3259.94,3237.385,0.843267,3.25994,3.237385
1955,-41.096,-39.462,-37.86,12.678,18.911,18.768,-4953.168,-4950.57,-5625.249,-4056.127,-1632.257,-2331.236,897.041,3318.313,3294.013,0.897041,3.318313,3.294013
1956,-32.873,-30.143,-30.906,25.721,30.895,31.592,-4986.041,-4980.713,-5656.155,-4030.406,-1601.362,-2299.644,955.635,3379.351,3356.511,0.955635,3.379351,3.356511
1957,29.033,33.312,29.897,93.502,99.926,101,-4957.008,-4947.401,-5626.258,-3936.904,-1501.436,-2198.644,1020.104,3445.965,3427.614,1.020104,3.445965,3.427614
1958,-42.774,-38.245,-44.349,14.008,21.631,22.586,-4999.782,-4985.646,-5670.607,-3922.896,-1479.805,-2176.058,1076.886,3505.841,3494.549,1.076886,3.505841,3.494549
1959,-33.478,-30.019,-37.108,26.21,34.64,35.489,-5033.26,-5015.665,-5707.715,-3896.686,-1445.165,-2140.569,1136.574,3570.5,3567.146,1.136574,3.5705,3.567146
1960,27.332,27.971,21.566,90.34,99.504,100.41,-5005.928,-4987.694,-5686.149,-3806.346,-1345.661,-2040.159,1199.582,3642.033,3645.99,1.199582,3.642033,3.64599
1961,-37.736,-38.137,-44.101,23.646,32.74,34.249,-5043.664,-5025.831,-5730.25,-3782.7,-1312.921,-2005.91,1260.964,3712.91,3724.34,1.260964,3.71291,3.72434
1962,-35.293,-37.023,-42.046,26.334,35.32,37.811,-5078.957,-5062.854,-5772.296,-3756.366,-1277.601,-1968.099,1322.591,3785.253,3804.197,1.322591,3.785253,3.804197
1963,23.799,20.792,18.718,91.777,99.754,102.985,-5055.158,-5042.062,-5753.578,-3664.589,-1177.847,-1865.114,1390.569,3864.215,3888.464,1.390569,3.864215,3.888464
1964,-38.198,-41.647,-40.997,28.495,35.732,38.866,-5093.356,-5083.709,-5794.575,-3636.094,-1142.115,-1826.248,1457.262,3941.594,3968.327,1.457262,3.941594,3.968327
1965,-35.498,-40.002,-36.86,28.455,34.961,36.96,-5128.854,-5123.711,-5831.435,-3607.639,-1107.154,-1789.288,1521.215,4016.557,4042.147,1.521215,4.016557,4.042147
1966,18.434,15.579,18.882,90.356,95.56,98,-5110.42,-5108.132,-5812.553,-3517.283,-1011.594,-1691.288,1593.137,4096.538,4121.265,1.593137,4.096538,4.121265
1967,-43.512,-42.36,-41.51,31.866,37.021,40.497,-5153.932,-5150.492,-5854.063,-3485.417,-974.573,-1650.791,1668.515,4175.919,4203.272,1.668515,4.175919,4.203272
1968,-37.749,-34.767,-35.11,31.699,37.508,40.69,-5191.681,-5185.259,-5889.173,-3453.718,-937.065,-1610.101,1737.963,4248.194,4279.072,1.737963,4.248194,4.279072
1969,21.966,24.683,23.365,92.05,97.188,100.587,-5169.715,-5160.576,-5865.808,-3361.668,-839.877,-1509.514,1808.047,4320.699,4356.294,1.808047,4.320699,4.356294
1970,-46.674,-44.403,-45.776,25.916,30.51,33.336,-5216.389,-5204.979,-5911.584,-3335.752,-809.367,-1476.178,1880.637,4395.612,4435.406,1.880637,4.395612,4.435406
1971,-30.484,-27.424,-31.944,40.187,43.752,46.821,-5246.873,-5232.403,-5943.528,-3295.565,-765.615,-1429.357,1951.308,4466.788,4514.171,1.951308,4.466788,4.514171
1972,24.027,26.072,19.758,91.726,96.157,98.882,-5222.846,-5206.331,-5923.77,-3203.839,-669.458,-1330.475,2019.007,4536.873,4593.295,2.019007,4.536873,4.593295
1973,-40.136,-37.871,-43.54,28.183,33.017,36.252,-5262.982,-5244.202,-5967.31,-3175.656,-636.441,-1294.223,2087.326,4607.761,4673.087,2.087326,4.607761,4.673087
1974,-29.81,-28.399,-33.106,41.302,44.865,47.915,-5292.792,-5272.601,-6000.416,-3134.354,-591.576,-1246.308,2158.438,4681.025,4754.108,2.158438,4.681025,4.754108
1975,29.44,29.244,26.071,98.991,101.888,105.506,-5263.352,-5243.357,-5974.345,-3035.363,-489.688,-1140.802,2227.989,4753.669,4833.543,2.227989,4.753669,4.833543
1976,-37.725,-39.704,-41.119,34.43,35.976,39.889,-5301.077,-5283.061,-6015.464,-3000.933,-453.712,-1100.913,2300.144,4829.349,4914.551,2.300144,4.829349,4.914551
1977,-26.352,-28.048,-28.761,50.379,50.96,55.84,-5327.429,-5311.109,-6044.225,-2950.554,-402.752,-1045.073,2376.875,4908.357,4999.152,2.376875,4.908357,4.999152
1978,28.299,26.396,27.703,103.254,102.478,109.385,-5299.13,-5284.713,-6016.522,-2847.3,-300.274,-935.688,2451.83,4984.439,5080.834,2.45183,4.984439,5.080834
1979,-36.282,-38.049,-36.374,40.289,38.761,46.412,-5335.412,-5322.762,-6052.896,-2807.011,-261.513,-889.276,2528.401,5061.249,5163.62,2.528401,5.061249,5.16362
1980,-32.549,-33.647,-33.08,54.839,52.503,59.979,-5367.961,-5356.409,-6085.976,-2752.172,-209.01,-829.297,2615.789,5147.399,5256.679,2.615789,5.147399,5.256679
1981,30.286,31.415,30.508,111.812,109.864,116.819,-5337.675,-5324.994,-6055.468,-2640.36,-99.146,-712.478,2697.315,5225.848,5342.99,2.697315,5.225848,5.34299
1982,-40.451,-38.113,-37.882,36.978,34.55,42.028,-5378.126,-5363.107,-6093.35,-2603.382,-64.596,-670.45,2774.744,5298.511,5422.9,2.774744,5.298511,5.4229
1983,-31.82,-30.337,-29.212,55.843,53.415,61.25,-5409.946,-5393.444,-6122.562,-2547.539,-11.181,-609.2,2862.407,5382.263,5513.362,2.862407,5.382263,5.513362
1984,27.22,28.646,29.175,114.478,112.207,119.894,-5382.726,-5364.798,-6093.387,-2433.061,101.026,-489.306,2949.665,5465.824,5604.081,2.949665,5.465824,5.604081
1985,-37.917,-37.094,-38.84,38.508,35.215,42.232,-5420.643,-5401.892,-6132.227,-2394.553,136.241,-447.074,3026.09,5538.133,5685.153,3.02609,5.538133,5.685153
1986,-31.059,-30.539,-33.762,51.398,48.763,55.506,-5451.702,-5432.431,-6165.989,-2343.155,185.004,-391.568,3108.547,5617.435,5774.421,3.108547,5.617435,5.774421
1987,31.671,31.237,26.731,114.532,111.967,118.029,-5420.031,-5401.194,-6139.258,-2228.623,296.971,-273.539,3191.408,5698.165,5865.719,3.191408,5.698165,5.865719
1988,-37.515,-39.443,-44.598,36.881,34.911,40.175,-5457.546,-5440.637,-6183.856,-2191.742,331.882,-233.364,3265.804,5772.519,5950.492,3.265804,5.772519,5.950492
1989,-27.67,-31.244,-35.511,51.08,48.239,53.141,-5485.216,-5471.881,-6219.367,-2140.662,380.121,-180.223,3344.554,5852.002,6039.144,3.344554,5.852002,6.039144
1990,28.676,23.941,22.281,109.473,105.442,112.01,-5456.54,-5447.94,-6197.086,-2031.189,485.563,-68.213,3425.351,5933.503,6128.873,3.425351,5.933503,6.128873
1991,-34.275,-39.361,-38.755,41.813,36.144,43.265,-5490.815,-5487.301,-6235.841,-1989.376,521.707,-24.948,3501.439,6009.008,6210.893,3.501439,6.009008,6.210893
1992,-33.748,-36.763,-33.826,49.112,41.678,49.633,-5524.563,-5524.064,-6269.667,-1940.264,563.385,24.685,3584.299,6087.449,6294.352,3.584299,6.087449,6.294352
1993,21.408,22.582,25.398,112.402,105.302,113.2,-5503.155,-5501.482,-6244.269,-1827.862,668.687,137.885,3675.293,6170.169,6382.154,3.675293,6.170169,6.382154
1994,-46.607,-42.67,-41.324,41.945,34.182,42.93,-5549.762,-5544.152,-6285.593,-1785.917,702.869,180.815,3763.845,6247.021,6466.408,3.763845,6.247021,6.466408
1995,-38.072,-33.07,-33.791,47.619,39.32,48.13,-5587.834,-5577.222,-6319.384,-1738.298,742.189,228.945,3849.536,6319.411,6548.329,3.849536,6.319411,6.548329
1996,18.665,23.745,21.365,112.124,103.416,112.517,-5569.169,-5553.477,-6298.019,-1626.174,845.605,341.462,3942.995,6399.082,6639.481,3.942995,6.399082,6.639481
1997,-43.88,-39.625,-43.221,47.947,39.603,47.907,-5613.049,-5593.102,-6341.24,-1578.227,885.208,389.369,4034.822,6478.31,6730.609,4.034822,6.47831,6.730609
1998,-38.706,-35.503,-38.755,48.224,38.703,46.854,-5651.755,-5628.605,-6379.995,-1530.003,923.911,436.223,4121.752,6552.516,6816.218,4.121752,6.552516,6.816218
1999,25.527,28.046,23.842,111.763,102.132,109.641,-5626.228,-5600.559,-6356.153,-1418.24,1026.043,545.864,4207.988,6626.602,6902.017,4.207988,6.626602,6.902017
2000,-42.287,-41.13,-46.844,43.99,34.521,41.218,-5668.515,-5641.689,-6402.997,-1374.25,1060.564,587.082,4294.265,6702.253,6990.079,4.294265,6.702253,6.990079
2001,-28.477,-27.581,-34.709,57.574,47.256,54.128,-5696.992,-5669.27,-6437.706,-1316.676,1107.82,641.21,4380.316,6777.09,7078.916,4.380316,6.77709,7.078916
2002,29.181,27.52,22.443,108.593,97.879,105.488,-5667.811,-5641.75,-6415.263,-1208.083,1205.699,746.698,4459.728,6847.449,7161.961,4.459728,6.847449,7.161961
2003,-33.307,-36.691,-39.544,45.344,34.252,42.245,-5701.118,-5678.441,-6454.807,-1162.739,1239.951,788.943,4538.379,6918.392,7243.75,4.538379,6.918392,7.24375
2004,-23.708,-28.783,-29.277,61.879,51.172,59.346,-5724.826,-5707.224,-6484.084,-1100.86,1291.123,848.289,4623.966,6998.347,7332.373,4.623966,6.998347,7.332373
2005,29.372,24.991,27.762,112.562,101.573,109.511,-5695.454,-5682.233,-6456.322,-988.298,1392.696,957.8,4707.156,7074.929,7414.122,4.707156,7.074929,7.414122
2006,-39.062,-40.821,-37.422,43.881,32.608,40.763,-5734.516,-5723.054,-6493.744,-944.417,1425.304,998.563,4790.099,7148.358,7492.307,4.790099,7.148358,7.492307
2007,-32.499,-31.661,-29.228,58.296,46.447,55.479,-5767.015,-5754.715,-6522.972,-886.121,1471.751,1054.042,4880.894,7226.466,7577.014,4.880894,7.226466,7.577014
2008,24.921,25.727,27.151,116.434,103.453,113.37,-5742.094,-5728.988,-6495.821,-769.687,1575.204,1167.412,4972.407,7304.192,7663.233,4.972407,7.304192,7.663233
2009,-36.726,-37.048,-37.125,45.876,31.715,41.45,-5778.82,-5766.036,-6532.946,-723.811,1606.919,1208.862,5055.009,7372.955,7741.808,5.055009,7.372955,7.741808
2010,-34.371,-34.846,-34.96,56.486,41.983,50.512,-5813.191,-5800.882,-6567.906,-667.325,1648.902,1259.374,5145.866,7449.784,7827.28,5.145866,7.449784,7.82728
2011,28.18,28.601,27.665,125.619,108.941,117.259,-5785.011,-5772.281,-6540.241,-541.706,1757.843,1376.633,5243.305,7530.124,7916.874,5.243305,7.530124,7.916874