year,NEP:LCLUC_2011,NCE: LCLUC_2011,NEP:LCLUC_const,NCE: LCLUC_const,cum_nep,cum_nce,cum_nep_const,cum_nce_const,,forest,NEP_2011,NEP_CONST,NEP_2011_cum,NEP_CONST_cum,crops,NEP_2011,NEP_CONST,NEP_2011_cum,NEP_CONST_cum,pasture,NEP_2011,NEP_CONST,NEP_2011_cum,NEP_CONST_cum
1701,-27.687,-33.052,8.95,4.411,-27.687,-33.052,8.95,4.411,,,-87.716,14.582,-87.716,14.582,,0.564,0.507,0.564,0.507,,2.199,2.284,2.199,2.284
1702,130.493,123.356,57.034,50.609,102.806,90.304,65.984,55.02,,,25.92,13.698,-61.796,28.28,,0.419,0.42,0.983,0.927,,1.453,2.178,3.652,4.462
1703,155.371,147.035,-5.175,-12.552,258.177,237.339,60.809,42.468,,,-3.702,13.287,-65.498,41.567,,0.363,0.28,1.346,1.207,,4.51,2.161,8.162,6.623
1704,34.876,25.848,3.801,-3.939,293.053,263.187,64.61,38.529,,,-82.776,13.226,-148.274,54.793,,0.125,0.213,1.471,1.42,,6.013,2.124,14.175,8.747
1705,314.045,304.114,59.347,50.98,607.098,567.301,123.957,89.509,,,96.077,13.883,-52.197,68.676,,0.085,0.133,1.556,1.553,,4.152,2.117,18.327,10.864
1706,-7.037,-16.231,-6.84,-15.617,600.061,551.07,117.117,73.892,,,1.552,14.274,-50.645,82.95,,-0.111,0.115,1.445,1.668,,-1.221,2.135,17.106,12.999
1707,-406.242,-414.951,8.289,-0.592,193.819,136.119,125.406,73.3,,,-74.838,14.516,-125.483,97.466,,0.049,0.11,1.494,1.778,,-2.682,2.084,14.424,15.083
1708,-29.844,-38.863,58.196,48.879,163.975,97.256,183.602,122.179,,,55.662,14.201,-69.821,111.667,,0.164,0.092,1.658,1.87,,-2.381,2.162,12.043,17.245
1709,255.083,245.4,-5.694,-15.455,419.058,342.656,177.908,106.724,,,184.581,13.899,114.76,125.566,,-0.034,0.082,1.624,1.952,,1.939,2.185,13.982,19.43
1710,-216.528,-227.425,3.986,-6.547,202.53,115.231,181.894,100.177,,,4.008,13.952,118.768,139.518,,0.003,0.121,1.627,2.073,,0.014,2.236,13.996,21.666
1711,-728.896,-739.516,58.363,47.427,-526.366,-624.285,240.257,147.604,,,-266.257,13.832,-147.489,153.35,,-0.162,0.086,1.465,2.159,,-4.847,2.268,9.149,23.934
1712,381.174,370.967,-7.186,-18.049,-145.192,-253.318,233.071,129.555,,,96.864,14.073,-50.625,167.423,,0.112,0.12,1.577,2.279,,-0.327,2.286,8.822,26.22
1713,-860.772,-871.718,7.748,-3.704,-1005.964,-1125.036,240.819,125.851,,,-436.992,14.166,-487.617,181.589,,-0.205,0.11,1.372,2.389,,-3.597,2.316,5.225,28.536
1714,208.405,197.318,59.569,48.012,-797.559,-927.718,300.388,173.863,,,100.103,14.095,-387.514,195.684,,0.038,0.164,1.41,2.553,,1.74,2.387,6.965,30.923
1715,463.641,451.923,-10.723,-22.288,-333.918,-475.795,289.665,151.575,,,180.774,14.187,-206.74,209.871,,0.024,0.171,1.434,2.724,,4.469,2.429,11.434,33.352
1716,292.558,280.466,7.38,-4.188,-41.36,-195.329,297.045,147.387,,,135.243,14.695,-71.497,224.566,,0.247,0.194,1.681,2.918,,2.627,2.485,14.061,35.837
1717,-96.238,-108.214,67.49,55.706,-137.598,-303.543,364.535,203.093,,,9.87,14.577,-61.627,239.143,,0.137,0.211,1.818,3.129,,1.219,2.538,15.28,38.375
1718,111.539,99.285,-10.794,-23.153,-26.059,-204.258,353.741,179.94,,,39.604,14.937,-22.023,254.08,,0.06,0.232,1.878,3.361,,0.593,2.626,15.873,41.001
1719,258.141,245.933,7.403,-4.71,232.082,41.675,361.144,175.23,,,178.716,14.951,156.693,269.031,,0.351,0.26,2.229,3.621,,3.967,2.666,19.84,43.667
1720,-5.064,-18.234,60.858,48.088,227.018,23.441,422.002,223.318,,,71.44,15.149,228.133,284.18,,0.211,0.253,2.44,3.874,,0.474,2.709,20.314,46.376
1721,-50.922,-64.121,-2.821,-16.029,176.096,-40.68,419.181,207.289,,,58.663,15.266,286.796,299.446,,0.287,0.212,2.727,4.086,,1.238,2.739,21.552,49.115
1722,-12.186,-25.794,5.565,-7.752,163.91,-66.474,424.746,199.537,,,35.276,15.173,322.072,314.619,,0.128,0.279,2.855,4.365,,2.434,2.817,23.986,51.932
1723,46.583,33.232,64.037,50.831,210.493,-33.242,488.783,250.368,,,14.221,14.79,336.293,329.409,,-0.095,0.258,2.76,4.623,,0.735,2.86,24.721,54.792
1724,110.337,96.416,-5.498,-18.943,320.83,63.174,483.285,231.425,,,-67.646,14.373,268.647,343.782,,0.196,0.281,2.956,4.904,,4.65,2.91,29.371,57.702
1725,294.907,280.132,4.401,-9.325,615.737,343.306,487.686,222.1,,,135.576,14.32,404.223,358.102,,0.165,0.285,3.121,5.189,,9.812,2.952,39.183,60.654
1726,-416.017,-430.08,62.891,49.128,199.72,-86.774,550.577,271.228,,,-129.111,14.228,275.112,372.33,,0.162,0.344,3.283,5.533,,-2.467,3.028,36.716,63.682
1727,-465.893,-479.533,-3.107,-17.143,-266.173,-566.307,547.47,254.085,,,-380.598,15.086,-105.486,387.416,,0.13,0.349,3.413,5.882,,-0.323,3.089,36.393,66.771
1728,307.051,292.954,3.895,-10.457,40.878,-273.353,551.365,243.628,,,219.982,14.917,114.496,402.333,,0.726,0.355,4.139,6.237,,1.752,3.161,38.145,69.932
1729,262.494,247.932,66.606,52.395,303.372,-25.421,617.971,296.023,,,42.483,14.892,156.979,417.225,,0.383,0.366,4.522,6.603,,5.494,3.23,43.639,73.162
1730,299.89,283.998,-6.454,-21.422,603.262,258.577,611.517,274.601,,,39.116,15.345,196.095,432.57,,0.168,0.408,4.69,7.011,,10.266,3.248,53.905,76.41
1731,359.551,342.857,8.07,-6.828,962.813,601.434,619.587,267.773,,,73.106,15.156,269.201,447.726,,0.394,0.389,5.084,7.4,,11.911,3.261,65.816,79.671
1732,160.456,144.17,58.569,43.299,1123.269,745.604,678.156,311.072,,,141.58,14.829,410.781,462.555,,0.364,0.4,5.448,7.8,,1.155,3.29,66.971,82.961
1733,269.989,253.078,-3.002,-18.643,1393.258,998.682,675.154,292.429,,,7.137,14.288,417.918,476.843,,0.125,0.37,5.573,8.17,,7.772,3.317,74.743,86.278
1734,492.983,475.806,5.936,-9.62,1886.241,1474.488,681.09,282.809,,,300.098,14.334,718.016,491.177,,0.703,0.447,6.276,8.617,,7.494,3.383,82.237,89.661
1735,98.682,81.661,60.459,44.551,1984.923,1556.149,741.549,327.36,,,228.226,14.562,946.242,505.739,,0.585,0.446,6.861,9.063,,5.054,3.416,87.291,93.077
1736,235.025,216.805,-5.887,-21.912,2219.948,1772.954,735.662,305.448,,,13.371,14.578,959.613,520.317,,0.279,0.454,7.14,9.517,,10.022,3.448,97.313,96.525
1737,-57.563,-74.658,11.095,-4.737,2162.385,1698.296,746.757,300.711,,,25.035,14.678,984.648,534.995,,0.332,0.49,7.472,10.007,,2.359,3.572,99.672,100.097
1738,16.916,-0.301,63.202,46.738,2179.301,1697.995,809.959,347.449,,,49.292,14.771,1033.94,549.766,,0.712,0.534,8.184,10.541,,2.388,3.742,102.06,103.839
1739,25.3,8.082,-2.44,-19.076,2204.601,1706.077,807.519,328.373,,,-50.467,14.978,983.473,564.744,,0.528,0.536,8.712,11.077,,0.782,3.891,102.842,107.73
1740,-97.569,-114.658,4.079,-13.098,2107.032,1591.419,811.598,315.275,,,94.652,14.346,1078.125,579.09,,0.569,0.539,9.281,11.616,,0.456,4.129,103.298,111.859
1741,-47.029,-65.026,62.366,44.624,2060.003,1526.393,873.964,359.899,,,-28.66,13.401,1049.465,592.491,,0.758,0.495,10.039,12.111,,4.67,4.282,107.968,116.141
1742,130.879,112.22,-5.994,-24.006,2190.882,1638.613,867.97,335.893,,,100.829,12.851,1150.294,605.342,,0.615,0.536,10.654,12.647,,5.563,4.532,113.531,120.673
1743,-909.888,-927.168,4.768,-13.089,1280.994,711.445,872.738,322.804,,,-384.356,12.648,765.938,617.99,,0.379,0.552,11.033,13.199,,-8.648,4.737,104.883,125.41
1744,-278.595,-294.915,61,42.733,1002.399,416.53,933.738,365.537,,,3.37,12.641,769.308,630.631,,1.515,0.549,12.548,13.748,,-7.703,4.925,97.18,130.335
1745,-110.119,-127.179,-4.529,-23.014,892.28,289.351,929.209,342.523,,,-16.235,12.596,753.073,643.227,,0.655,0.549,13.203,14.297,,1.103,5.106,98.283,135.441
1746,324.789,305.982,7.457,-11.471,1217.069,595.333,936.666,331.052,,,115.849,13.062,868.922,656.289,,0.341,0.598,13.544,14.895,,7.554,5.285,105.837,140.726
1747,-385.386,-403.653,66.345,47.63,831.683,191.68,1003.011,378.682,,,-111.868,13.969,757.054,670.258,,0.335,0.615,13.879,15.51,,-0.724,5.434,105.113,146.16
1748,-163.775,-182.067,-7.175,-26.561,667.908,9.613,995.836,352.121,,,68.22,13.864,825.274,684.122,,0.723,0.616,14.602,16.126,,-2.535,5.556,102.578,151.716
1749,264.808,246.449,10.764,-8.532,932.716,256.062,1006.6,343.589,,,119.123,13.602,944.397,697.724,,0.542,0.645,15.144,16.771,,6.072,5.625,108.65,157.341
1750,-153.68,-174.538,59.225,37.891,779.036,81.524,1065.825,381.48,,,21.861,13.695,966.258,711.419,,0.623,0.656,15.767,17.427,,0.162,5.46,108.812,162.801
1751,381.562,358.619,-5.441,-27.984,1160.598,440.143,1060.384,353.496,,,77.104,13.5,1043.362,724.919,,0.329,0.604,16.096,18.031,,13.049,5.24,121.861,168.041
1752,250.27,226.012,9.915,-12.728,1410.868,666.155,1070.299,340.768,,,14.325,14.149,1057.687,739.068,,0.762,0.62,16.858,18.651,,12.11,5.055,133.971,173.096
1753,-148.016,-170.699,63.359,41.072,1262.852,495.456,1133.658,381.84,,,7.011,14.362,1064.698,753.43,,0.761,0.617,17.619,19.268,,-3.646,4.936,130.325,178.032
1754,507.942,484.274,-1.709,-25.42,1770.794,979.73,1131.949,356.42,,,228.534,15.724,1293.232,769.154,,0.458,0.634,18.077,19.902,,7.842,4.877,138.167,182.909
1755,332.306,308.362,9.272,-13.89,2103.1,1288.092,1141.221,342.53,,,178.579,16.348,1471.811,785.502,,0.59,0.665,18.667,20.567,,7.911,4.915,146.078,187.824
1756,389.786,365.082,66.257,42.832,2492.886,1653.174,1207.478,385.362,,,231.564,16.095,1703.375,801.597,,0.893,0.688,19.56,21.255,,8.33,4.985,154.408,192.809
1757,-202.522,-227.181,1.668,-22.393,2290.364,1425.993,1209.146,362.969,,,-11.45,15.975,1691.925,817.572,,1.318,0.705,20.878,21.96,,0.074,5.081,154.482,197.89
1758,-25.45,-49.471,7.853,-16.453,2264.914,1376.522,1216.999,346.516,,,24.6,16.026,1716.525,833.598,,0.92,0.78,21.798,22.74,,-0.482,5.5,154,203.39
1759,375.62,350.396,69.361,44.789,2640.534,1726.918,1286.36,391.305,,,195.057,15.999,1911.582,849.597,,0.965,0.786,22.763,23.526,,12.473,5.732,166.473,209.122
1760,-376.538,-402.772,-4.137,-29.716,2263.996,1324.146,1282.223,361.589,,,-203.106,16,1708.476,865.597,,0.683,0.702,23.446,24.228,,1.337,6.159,167.81,215.281
1761,24.933,-0.656,11.108,-14.05,2288.929,1323.49,1293.331,347.539,,,25.954,15.85,1734.43,881.447,,1.348,0.684,24.794,24.912,,5.893,6.585,173.703,221.866
1762,-15.309,-41.994,64.024,38.164,2273.62,1281.496,1357.355,385.703,,,-23.348,16.005,1711.082,897.452,,0.655,0.724,25.449,25.636,,8.91,6.867,182.613,228.733
1763,-47.32,-74.29,1.086,-25.396,2226.3,1207.206,1358.441,360.307,,,-19.546,15.837,1691.536,913.289,,1.218,0.675,26.667,26.311,,3.989,7.224,186.602,235.957
1764,-96.54,-122.538,12.339,-13.889,2129.76,1084.668,1370.78,346.418,,,-11.549,15.49,1679.987,928.779,,1.225,0.708,27.892,27.019,,2.533,7.633,189.135,243.59
1765,160.433,133.648,64.669,37.897,2290.193,1218.316,1435.449,384.315,,,29.753,15.138,1709.74,943.917,,0.552,0.695,28.444,27.714,,8.397,7.832,197.532,251.422
1766,-117.521,-145.088,0.64,-26.334,2172.672,1073.228,1436.089,357.981,,,-135.594,14.697,1574.146,958.614,,0.448,0.758,28.892,28.472,,9.423,8.034,206.955,259.456
1767,234.494,206.017,13.969,-13.555,2407.166,1279.245,1450.058,344.426,,,103.526,13.62,1677.672,972.234,,0.812,0.767,29.704,29.239,,11.15,8.219,218.105,267.675
1768,-648.954,-676.775,62.557,35.219,1758.212,602.47,1512.615,379.645,,,-372.569,12.789,1305.103,985.023,,-0.09,0.796,29.614,30.035,,4.12,8.137,222.225,275.812
1769,131.401,103.85,1.27,-26.291,1889.613,706.32,1513.885,353.354,,,171.802,12.747,1476.905,997.77,,1.461,0.807,31.075,30.842,,3.596,8.224,225.821,284.036
1770,-218.697,-248.35,10.507,-19.149,1670.916,457.97,1524.392,334.205,,,-87.629,13.15,1389.276,1010.92,,1.002,0.793,32.077,31.635,,6.159,8.306,231.98,292.342
1771,501.293,470.242,65.14,34.742,2172.209,928.212,1589.532,368.947,,,115.047,12.776,1504.323,1023.696,,0.804,0.717,32.881,32.352,,11.798,8.341,243.778,300.683
1772,-117.032,-146.378,-3.31,-33.545,2055.177,781.834,1586.222,335.402,,,53.396,12.399,1557.719,1036.095,,1.02,0.712,33.901,33.064,,-2.724,8.43,241.054,309.113
1773,280.535,250.419,12.397,-18.472,2335.712,1032.253,1598.619,316.93,,,173.913,12.724,1731.632,1048.819,,0.838,0.706,34.739,33.77,,8.986,8.545,250.04,317.658
1774,420.776,388.554,63.583,32.312,2756.488,1420.807,1662.202,349.242,,,202.62,13.113,1934.252,1061.932,,1.46,0.745,36.199,34.515,,17.152,8.63,267.192,326.288
1775,-123.79,-156.227,-1.556,-33.146,2632.698,1264.58,1660.646,316.096,,,-31.694,13.539,1902.558,1075.471,,0.872,0.744,37.071,35.259,,5.812,8.766,273.004,335.054
1776,336.223,302.789,10.898,-20.943,2968.921,1567.369,1671.544,295.153,,,134.031,13.357,2036.589,1088.828,,1.366,0.766,38.437,36.025,,16.12,8.888,289.124,343.942
1777,-620.07,-652.946,70.9,38.331,2348.851,914.423,1742.444,333.484,,,-328.274,12.922,1708.315,1101.75,,0.565,0.794,39.002,36.819,,-1.52,8.937,287.604,352.879
1778,341.56,307.946,-3.279,-36.012,2690.411,1222.369,1739.165,297.472,,,80.794,12.941,1789.109,1114.691,,1.199,0.862,40.201,37.681,,19.897,9.085,307.501,361.964
1779,64.29,30.048,10.226,-22.349,2754.701,1252.417,1749.391,275.123,,,74.93,13.446,1864.039,1128.137,,0.932,0.925,41.133,38.606,,8.909,9.231,316.41,371.195
1780,7.036,-30.772,66.138,29.57,2761.737,1221.645,1815.529,304.693,,,6.045,14.318,1870.084,1142.455,,0.967,0.747,42.1,39.353,,10.988,9.324,327.398,380.519
1781,-305.547,-340.871,2.975,-33.19,2456.19,880.774,1818.504,271.503,,,26.902,14.429,1896.986,1156.884,,1.664,0.675,43.764,40.028,,-8.253,9.434,319.145,389.953
1782,137.613,101.576,9.519,-27.405,2593.803,982.35,1828.023,244.098,,,82.986,14.428,1979.972,1171.312,,1.071,0.715,44.835,40.743,,8.712,9.526,327.857,399.479
1783,-41.073,-79.128,66.172,28.359,2552.73,903.222,1894.195,272.457,,,41.153,14.576,2021.125,1185.888,,1.263,0.66,46.098,41.403,,9.074,9.589,336.931,409.068
1784,-47.515,-86.059,7.232,-30.586,2505.215,817.163,1901.427,241.871,,,-41.963,14.674,1979.162,1200.562,,0.071,0.648,46.169,42.051,,11.969,9.72,348.9,418.788
1785,440.975,401.439,13.28,-25.424,2946.19,1218.602,1914.707,216.447,,,130.429,13.985,2109.591,1214.547,,1.107,0.643,47.276,42.694,,16.298,9.873,365.198,428.661
1786,103.826,63.943,61.116,22.885,3050.016,1282.545,1975.823,239.332,,,38.122,13.261,2147.713,1227.808,,1.54,0.728,48.816,43.422,,9.846,9.989,375.044,438.65
1787,-367.955,-406.82,6.006,-32.75,2682.061,875.725,1981.829,206.582,,,-184.269,13.74,1963.444,1241.548,,1.723,0.779,50.539,44.201,,2.67,10.114,377.714,448.764
1788,102.121,62.439,13.353,-26.411,2784.182,938.164,1995.182,180.171,,,27.594,14.483,1991.038,1256.031,,0.993,0.797,51.532,44.998,,5.603,10.23,383.317,458.994
1789,69.477,28.732,67.512,27.562,2853.659,966.896,2062.694,207.733,,,50.532,14.635,2041.57,1270.666,,0.68,0.825,52.212,45.823,,14.035,10.37,397.352,469.364
1790,166.541,105.446,-0.809,-59.787,3020.2,1072.342,2061.885,147.946,,,48.151,14.546,2089.721,1285.212,,-0.312,-0.1,51.9,45.723,,22.224,10.344,419.576,479.708
1791,734.182,668.282,18.246,-42.44,3754.382,1740.624,2080.131,105.506,,,180.766,15.154,2270.487,1300.366,,-0.261,-0.641,51.639,45.082,,42.852,10.271,462.428,489.979
1792,224.113,157.133,64.047,1.926,3978.495,1897.757,2144.178,107.432,,,174.097,15.867,2444.584,1316.233,,-0.082,-0.982,51.557,44.1,,17.212,10.428,479.64,500.407
1793,-395.879,-461.102,2.391,-62.183,3582.616,1436.655,2146.569,45.249,,,-118.538,16.015,2326.046,1332.248,,-0.48,-1.224,51.077,42.876,,-3.031,10.6,476.609,511.007
1794,81.281,16.364,18.494,-46.747,3663.897,1453.019,2165.063,-1.498,,,48.74,15.342,2374.786,1347.59,,-1.247,-1.21,49.83,41.666,,7.935,10.775,484.544,521.782
1795,69.803,1.947,63.193,-4.29,3733.7,1454.966,2228.256,-5.788,,,23.854,14.661,2398.64,1362.251,,-1.255,-1.247,48.575,40.419,,12.228,10.943,496.772,532.725
1796,442.735,370.951,-3.054,-72.063,4176.435,1825.917,2225.202,-77.851,,,134.041,14.371,2532.681,1376.622,,0.389,-1.205,48.964,39.214,,26.142,11.174,522.914,543.899
1797,157.474,81.218,17.387,-54.237,4333.909,1907.135,2242.589,-132.088,,,-34.621,13.926,2498.06,1390.548,,0.432,-1.138,49.396,38.076,,32.911,11.353,555.825,555.252
1798,-54.913,-130.943,66.446,-5.455,4278.996,1776.192,2309.035,-137.543,,,-4.553,13.809,2493.507,1404.357,,-1.921,-0.935,47.475,37.141,,10.394,11.527,566.219,566.779
1799,134.647,60.965,1.09,-72.567,4413.643,1837.157,2310.125,-210.11,,,136.979,14.456,2630.486,1418.813,,-1.008,-0.765,46.467,36.376,,-2.849,11.691,563.37,578.47
1800,-539.348,-621.829,9.238,-76.105,3874.295,1215.328,2319.363,-286.215,,,-47.057,14.378,2583.429,1433.191,,-0.493,-1.195,45.974,35.181,,-17.694,11.779,545.676,590.249
1801,143.896,57.482,73.526,-15.01,4018.191,1272.81,2392.889,-301.225,,,61.548,13.778,2644.977,1446.969,,-1.607,-1.46,44.367,33.721,,6.382,11.851,552.058,602.1
1802,2.906,-85.578,0.218,-89.567,4021.097,1187.232,2393.107,-390.792,,,85.147,14.255,2730.124,1461.224,,0.701,-1.496,45.068,32.225,,9.295,12.018,561.353,614.118
1803,-104.539,-195.548,11.937,-79.061,3916.558,991.684,2405.044,-469.853,,,-59.199,14.884,2670.925,1476.108,,-1.699,-1.503,43.369,30.722,,14.876,12.217,576.229,626.335
1804,335.489,242.733,69.219,-22.819,4252.047,1234.417,2474.263,-492.672,,,149.952,15.198,2820.877,1491.306,,1.987,-1.436,45.356,29.286,,21.632,12.447,597.861,638.782
1805,-164.788,-261.664,5.655,-87.756,4087.259,972.753,2479.918,-580.428,,,-173.132,15.577,2647.745,1506.883,,-0.699,-1.311,44.657,27.975,,21.654,12.669,619.515,651.451
1806,437.004,340.883,12.983,-81.199,4524.263,1313.636,2492.901,-661.627,,,176.333,15.432,2824.078,1522.315,,-0.042,-1.05,44.615,26.925,,26.903,12.908,646.418,664.359
1807,-308.719,-406.181,69.422,-26.791,4215.544,907.455,2562.323,-688.418,,,-31.066,14.658,2793.012,1536.973,,-0.23,-0.887,44.385,26.038,,-3.593,13.105,642.825,677.464
1808,111.743,15.639,4.773,-93.891,4327.287,923.094,2567.096,-782.309,,,107.798,14.109,2900.81,1551.082,,-0.03,-0.729,44.355,25.309,,-1.627,13.314,641.198,690.778
1809,79.456,-15.058,15.319,-81.749,4406.743,908.036,2582.415,-864.058,,,95.715,13.671,2996.525,1564.753,,0.481,-0.421,44.836,24.888,,16.485,13.553,657.683,704.331
1810,-251.142,-368.118,63.384,-53.351,4155.601,539.918,2645.799,-917.409,,,-70.936,13.511,2925.589,1578.264,,0.965,-1.048,45.801,23.84,,17.689,13.608,675.372,717.939
1811,-164.034,-282.79,6.24,-113.477,3991.567,257.128,2652.039,-1030.886,,,-81.489,13.539,2844.1,1591.803,,-2.741,-1.362,43.06,22.478,,-4.16,13.646,671.212,731.585
1812,1.4,-117.248,13.803,-106.582,3992.967,139.88,2665.842,-1137.468,,,-91.087,13.732,2753.013,1605.535,,1.107,-1.371,44.167,21.107,,0.276,13.902,671.488,745.487
1813,-67.299,-188.644,66.407,-57.154,3925.668,-48.764,2732.249,-1194.622,,,-50.267,13.423,2702.746,1618.958,,0.07,-1.343,44.237,19.764,,9.732,14.142,681.22,759.629
1814,443.213,318.014,6.401,-118.123,4368.881,269.25,2738.65,-1312.745,,,90.643,14.195,2793.389,1633.153,,1.363,-1.084,45.6,18.68,,32.081,14.455,713.301,774.084
1815,-360.53,-487.407,16.529,-110.784,4008.351,-218.157,2755.179,-1423.529,,,-153.658,14.516,2639.731,1647.669,,0.016,-0.834,45.616,17.846,,-2.464,14.79,710.837,788.874
1816,648.45,521.74,68.184,-59.843,4656.801,303.583,2823.363,-1483.372,,,158.791,14.455,2798.522,1662.124,,4.391,-0.484,50.007,17.362,,35.442,15.053,746.279,803.927
1817,-24.36,-157.654,10.665,-120.641,4632.441,145.929,2834.028,-1604.013,,,84.819,14.152,2883.341,1676.276,,3.899,-0.181,53.906,17.181,,17.029,15.366,763.308,819.293
1818,70.844,-61.676,17.64,-114.639,4703.285,84.253,2851.668,-1718.652,,,55.685,13.717,2939.026,1689.993,,3.004,0.277,56.91,17.458,,10.915,15.696,774.223,834.989
1819,-33.746,-167.39,73.506,-60.262,4669.539,-83.137,2925.174,-1778.914,,,65.392,13.422,3004.418,1703.415,,2.55,0.697,59.46,18.155,,10.717,15.999,784.94,850.988
1820,1.356,-164.563,5.233,-159.202,4670.895,-247.7,2930.407,-1938.116,,,-102.849,12.961,2901.569,1716.376,,0.852,-0.497,60.312,17.658,,19.645,15.965,804.585,866.953
1821,-306.788,-471.346,16.327,-151.232,4364.107,-719.046,2946.734,-2089.348,,,-77.204,12.311,2824.365,1728.687,,-3.057,-1.06,57.255,16.598,,4.153,16.06,808.738,883.013
1822,268.905,101.101,68.295,-101.382,4633.012,-617.945,3015.029,-2190.73,,,112.504,12.144,2936.869,1740.831,,3.422,-1.192,60.677,15.406,,19.907,16.403,828.645,899.416
1823,146.137,-32.472,7.01,-167.216,4779.149,-650.417,3022.039,-2357.946,,,-1.668,12.943,2935.201,1753.774,,0.67,-1.301,61.347,14.105,,29.934,16.808,858.579,916.224
1824,283.86,101.727,18.062,-159.037,5063.009,-548.69,3040.101,-2516.983,,,-11.425,13.29,2923.776,1767.064,,1.727,-1.138,63.074,12.967,,43.127,17.184,901.706,933.408
1825,-364.559,-548.843,68.223,-113.57,4698.45,-1097.533,3108.324,-2630.553,,,-97.062,13.296,2826.714,1780.36,,-1.723,-0.998,61.351,11.969,,4.686,17.533,906.392,950.941
1826,-248.781,-428.919,7.871,-174.417,4449.669,-1526.452,3116.195,-2804.97,,,-226.176,13.227,2600.538,1793.587,,-4.428,-0.574,56.923,11.395,,11.354,17.976,917.746,968.917
1827,486.636,299.678,23.231,-161.975,4936.305,-1226.774,3139.426,-2966.945,,,72.227,12.509,2672.765,1806.096,,-1.013,-0.131,55.91,11.264,,43.86,18.403,961.606,987.32
1828,-108.939,-299.312,69.189,-117.686,4827.366,-1526.086,3208.615,-3084.631,,,-43.709,11.642,2629.056,1817.738,,-3.071,0.426,52.839,11.69,,23.453,18.796,985.059,1006.116
1829,233.049,40.465,14.806,-176.168,5060.415,-1485.621,3223.421,-3260.799,,,183.978,11.969,2813.034,1829.707,,2.825,0.912,55.664,12.602,,20.622,19.17,1005.681,1025.286
1830,37.662,-198.037,17.825,-218.182,5098.077,-1683.658,3241.246,-3478.981,,,69.379,12.548,2882.413,1842.255,,-0.007,-0.745,55.657,11.857,,14.367,19.017,1020.048,1044.303
1831,0.631,-239.368,72.246,-166.218,5098.708,-1923.026,3313.492,-3645.199,,,-8.063,13.301,2874.35,1855.556,,-5.705,-1.41,49.952,10.447,,19.951,18.95,1039.999,1063.253
1832,-33.513,-273.213,7.827,-236.222,5065.195,-2196.239,3321.319,-3881.421,,,100.57,14.235,2974.92,1869.791,,-3.237,-1.747,46.715,8.7,,3.1,19.326,1043.099,1082.579
1833,209.067,-35.85,23.312,-222.501,5274.262,-2232.089,3344.631,-4103.922,,,149.862,14.538,3124.782,1884.329,,4.258,-1.682,50.973,7.018,,11.893,19.911,1054.992,1102.49
1834,185.081,-63.938,72.401,-177.388,5459.343,-2296.027,3417.032,-4281.31,,,61.29,14.654,3186.072,1898.983,,2.116,-1.327,53.089,5.691,,26.818,20.508,1081.81,1122.998
1835,118.117,-136.968,9.399,-245.637,5577.46,-2432.995,3426.431,-4526.947,,,-43.316,14.834,3142.756,1913.817,,-3.021,-0.922,50.068,4.769,,40.635,21.037,1122.445,1144.035
1836,125.208,-133.126,28.239,-231.206,5702.668,-2566.121,3454.67,-4758.153,,,78.555,15.008,3221.311,1928.825,,3.766,-0.414,53.834,4.355,,29.869,21.552,1152.314,1165.587
1837,163.555,-102.412,80.91,-181.488,5866.223,-2668.533,3535.58,-4939.641,,,116.199,14.824,3337.51,1943.649,,-0.213,0.282,53.621,4.637,,15.113,22.071,1167.427,1187.658
1838,-43.422,-311.5,13.759,-255.203,5822.801,-2980.033,3549.339,-5194.844,,,-27.08,14.392,3310.43,1958.041,,1.684,0.957,55.305,5.594,,12.274,22.669,1179.701,1210.327
1839,187.334,-85.376,30.381,-241.458,6010.135,-3065.409,3579.72,-5436.302,,,71.257,13.983,3381.687,1972.024,,4.381,1.779,59.686,7.373,,30.621,23.315,1210.322,1233.642
1840,-480.274,-795.893,76.414,-239.249,5529.861,-3861.302,3656.134,-5675.551,,,-165.07,13.35,3216.617,1985.374,,-0.207,0.604,59.479,7.977,,-7.363,22.929,1202.959,1256.571
1841,-364.252,-680.562,13.164,-307.455,5165.609,-4541.864,3669.298,-5983.006,,,-189.731,13.068,3026.886,1998.442,,-5.209,0.148,54.27,8.125,,-18.026,22.755,1184.933,1279.326
1842,761.86,434.192,21.119,-304.99,5927.469,-4107.672,3690.417,-6287.996,,,87.846,12.245,3114.732,2010.687,,2.987,-0.024,57.257,8.101,,61.114,23.332,1246.047,1302.658
1843,-4.542,-344.977,78.495,-256.553,5922.927,-4452.649,3768.912,-6544.549,,,27.138,11.583,3141.87,2022.27,,-5.283,-0.112,51.974,7.989,,42.108,24.09,1288.155,1326.748
1844,13.818,-321.879,13.918,-324.689,5936.745,-4774.528,3782.83,-6869.238,,,157.343,11.433,3299.213,2033.703,,4.686,-0.037,56.66,7.952,,5.666,25.093,1293.821,1351.841
1845,-593.875,-935.496,23.199,-318.448,5342.87,-5710.024,3806.029,-7187.686,,,-183.192,11.301,3116.021,2045.004,,-2.421,0.351,54.239,8.303,,-11.828,26.11,1281.993,1377.951
1846,380.444,36.422,79.819,-267.492,5723.314,-5673.602,3885.848,-7455.178,,,18.443,10.893,3134.464,2055.897,,5.448,0.738,59.687,9.041,,52.791,27.084,1334.784,1405.035
1847,34.801,-323.694,22.581,-329.904,5758.115,-5997.296,3908.429,-7785.082,,,140.686,10.461,3275.15,2066.358,,5.958,1.173,65.645,10.214,,20.952,28.192,1355.736,1433.227
1848,335.302,-28.945,27.238,-330.667,6093.417,-6026.241,3935.667,-8115.749,,,96.575,10.347,3371.725,2076.705,,5.089,1.711,70.734,11.925,,51.372,29.184,1407.108,1462.411
1849,95.859,-275.678,84.452,-280.037,6189.276,-6301.919,4020.119,-8395.786,,,3.496,10.342,3375.221,2087.047,,-3.828,2.276,66.906,14.201,,54.264,30.098,1461.372,1492.509
1850,-731.362,-1151.068,19.025,-399.48,5457.914,-7452.987,4039.144,-8795.266,,,-315.986,10.632,3059.235,2097.679,,3.821,0.053,70.727,14.254,,-46.803,29.801,1414.569,1522.31
1851,-503.209,-911.023,28.217,-392.353,4954.705,-8364.01,4067.361,-9187.619,,,-193.797,11.137,2865.438,2108.816,,-3.733,-0.486,66.994,13.768,,-37.67,29.986,1376.899,1552.296
1852,18.088,-383.279,79.554,-347.74,4972.793,-8747.289,4146.915,-9535.359,,,-12.919,11.637,2852.519,2120.453,,-2.355,-0.501,64.639,13.267,,23.867,30.499,1400.766,1582.795
1853,651.996,246.926,25.592,-405.887,5624.789,-8500.363,4172.507,-9941.246,,,159.003,11.841,3011.522,2132.294,,3.448,0.134,68.087,13.401,,69.355,30.961,1470.121,1613.756
1854,-864.025,-1287.807,35.884,-403.689,4760.764,-9788.17,4208.391,-10344.935,,,-400.755,12.251,2610.767,2144.545,,-13.665,1.151,54.422,14.552,,-28.009,31.663,1442.112,1645.419
1855,93.278,-315.063,84.161,-363.322,4854.042,-10103.233,4292.552,-10708.257,,,80.328,12.329,2691.095,2156.874,,10.986,2.392,65.408,16.944,,23.375,32.61,1465.487,1678.029
1856,-413.895,-818.913,27.806,-425.903,4440.147,-10922.146,4320.358,-11134.16,,,-75.492,11.796,2615.603,2168.67,,7.37,4.183,72.778,21.127,,-30.068,33.762,1435.419,1711.791
1857,-45.796,-459.807,46.504,-412.424,4394.351,-11381.953,4366.862,-11546.584,,,-15.571,11.746,2600.032,2180.416,,8.054,5.968,80.832,27.095,,4.052,35.245,1439.471,1747.036
1858,540.595,87.714,89.048,-384.328,4934.946,-11294.239,4455.91,-11930.912,,,-4.044,11.478,2595.988,2191.894,,7.098,7.736,87.93,34.831,,107.036,36.924,1546.507,1783.96
1859,-0.825,-455.215,38.881,-434.682,4934.121,-11749.454,4494.791,-12365.594,,,-76.402,11.691,2519.586,2203.585,,3.351,9.958,91.281,44.789,,25.536,38.448,1572.043,1822.408
1860,-291.714,-586.988,61.529,-273.32,4642.407,-12336.442,4556.32,-12638.914,,,-61.628,11.792,2457.958,2215.377,,1.247,17.862,92.528,62.651,,-33.738,43.786,1538.305,1866.194
1861,-455.494,-747.6,124.003,-203.399,4186.913,-13084.042,4680.323,-12842.313,,,-202.831,11.726,2255.127,2227.103,,-4.787,23.127,87.741,85.778,,-24.701,47.317,1513.604,1913.511
1862,-756.701,-1035.274,66.764,-257.091,3430.212,-14119.316,4747.087,-13099.404,,,-269.257,12.349,1985.87,2239.452,,10.763,27.33,98.504,113.108,,-33.959,48.673,1479.645,1962.184
1863,-471.987,-742.753,81.362,-235.454,2958.225,-14862.069,4828.449,-13334.858,,,-76.284,12.586,1909.586,2252.038,,23.587,30.716,122.091,143.824,,-20.579,49.382,1459.066,2011.566
1864,299.825,38.319,135.063,-180.175,3258.05,-14823.75,4963.512,-13515.033,,,7.502,12.708,1917.088,2264.746,,45.535,33.078,167.626,176.902,,52.448,49.5,1511.514,2061.066
1865,95.759,-168.687,74.3,-233.673,3353.809,-14992.437,5037.812,-13748.706,,,-65.458,12.857,1851.63,2277.603,,38.019,35.253,205.645,212.155,,64.487,49.512,1576.001,2110.578
1866,-39.886,-319.98,88.176,-214.731,3313.923,-15312.417,5125.988,-13963.437,,,-12.589,12.576,1839.041,2290.179,,31.992,37.068,237.637,249.223,,45.188,49.253,1621.189,2159.831
1867,-402.168,-655.906,141.685,-154.381,2911.755,-15968.323,5267.673,-14117.818,,,-174.626,12.84,1664.415,2303.019,,33.422,38.68,271.059,287.903,,1.986,48.872,1623.175,2208.703
1868,396.09,149.377,79.144,-211.082,3307.845,-15818.946,5346.817,-14328.9,,,53.242,13.505,1717.657,2316.524,,33.49,40.027,304.549,327.93,,64.855,48.189,1688.03,2256.892
1869,-392.128,-634.987,95.031,-192.829,2915.717,-16453.933,5441.848,-14521.729,,,-347.553,14.33,1370.104,2330.854,,15.157,41.112,319.706,369.042,,17.526,47.648,1705.556,2304.54
1870,-100.026,-614.816,118.57,-462.6,2815.691,-17068.749,5560.418,-14984.329,,,22.807,14.602,1392.911,2345.456,,26.675,30.649,346.381,399.691,,0.518,35.75,1706.074,2340.29
1871,9.563,-518.708,50.261,-542.768,2825.254,-17587.457,5610.679,-15527.097,,,-56.652,14.95,1336.259,2360.406,,10.741,25.628,357.122,425.319,,-0.502,27.799,1705.572,2368.089
1872,-511.925,-1056.87,52.287,-560.774,2313.329,-18644.327,5662.966,-16087.871,,,-269.606,15.31,1066.653,2375.716,,-8.318,22.323,348.804,447.642,,-51.063,26.828,1654.509,2394.917
1873,-54.681,-609.141,105.882,-533.429,2258.648,-19253.468,5768.848,-16621.3,,,-59.652,15.556,1007.001,2391.272,,13.548,20.692,362.352,468.334,,0.456,27.976,1654.965,2422.893
1874,91.208,-494.798,49.326,-616.443,2349.856,-19748.266,5818.174,-17237.743,,,38.221,15.662,1045.222,2406.934,,8.939,20.396,371.291,488.73,,20.4,29.991,1675.365,2452.884
1875,95.461,-526.583,58.604,-628.689,2445.317,-20274.849,5876.778,-17866.432,,,-68.455,15.526,976.767,2422.46,,28.907,20.999,400.198,509.729,,21.386,32.859,1696.751,2485.743
1876,-12.309,-666.651,110.939,-606.34,2433.008,-20941.5,5987.717,-18472.772,,,55.307,15.48,1032.074,2437.94,,52.015,22.063,452.213,531.792,,26.837,36.738,1723.588,2522.481
1877,391.618,-263.168,67.799,-665.929,2824.626,-21204.668,6055.516,-19138.701,,,101.545,16.281,1133.619,2454.221,,35.856,24.142,488.069,555.934,,91.253,40.828,1814.841,2563.309
1878,-166.362,-840.104,80.516,-675.971,2658.264,-22044.772,6136.032,-19814.672,,,-54.738,16.925,1078.881,2471.146,,-3.382,26.897,484.687,582.831,,-16.526,46.13,1798.315,2609.439
1879,-113.381,-813.602,130.618,-650.245,2544.883,-22858.374,6266.65,-20464.917,,,-17.21,17.37,1061.671,2488.516,,18.247,29.614,502.934,612.445,,-7.718,50.382,1790.597,2659.821
1880,516.032,-4.087,102.767,-491.042,3060.915,-22862.461,6369.417,-20955.959,,,154.151,17.837,1215.822,2506.353,,36.245,39.176,539.179,651.621,,125.793,63.943,1916.39,2723.764
1881,60.126,-442.421,130.814,-463.077,3121.041,-23304.882,6500.231,-21419.036,,,22.258,17.809,1238.08,2524.162,,28.248,46.394,567.427,698.015,,-1.025,74.543,1915.365,2798.307
1882,144.687,-361.977,182.282,-412.277,3265.728,-23666.859,6682.513,-21831.313,,,1.193,17.416,1239.273,2541.578,,56.582,52.833,624.009,750.848,,49.685,79.304,1965.05,2877.611
1883,429.455,-94.756,143.418,-447.351,3695.183,-23761.615,6825.931,-22278.664,,,110.583,16.904,1349.856,2558.482,,54.799,58.582,678.808,809.43,,86.211,82.759,2051.261,2960.37
1884,455.552,-67.209,159.583,-437.578,4150.735,-23828.824,6985.514,-22716.242,,,192.912,16.964,1542.768,2575.446,,77.848,63.325,756.656,872.755,,111.117,85.882,2162.378,3046.252
1885,305.258,-216.402,207.236,-378.365,4455.993,-24045.226,7192.75,-23094.607,,,91.107,18.035,1633.875,2593.481,,67.128,67.795,823.784,940.55,,96.012,87.694,2258.39,3133.946
1886,106.098,-385.953,161.35,-425.709,4562.091,-24431.179,7354.1,-23520.316,,,-44.281,19.218,1589.594,2612.699,,67.848,71.984,891.632,1012.534,,81.473,89.143,2339.863,3223.089
1887,98.674,-391.773,182.71,-398.694,4660.765,-24822.952,7536.81,-23919.01,,,-74.377,20.037,1515.217,2632.736,,47.033,75.845,938.665,1088.379,,70.016,90.36,2409.879,3313.449
1888,-276.785,-772.624,222.125,-354.525,4383.98,-25595.576,7758.935,-24273.535,,,-134.349,20.705,1380.868,2653.441,,45.16,79.505,983.825,1167.884,,-14.542,90.647,2395.337,3404.096
1889,249.454,-219.492,179.794,-395.675,4633.434,-25815.068,7938.729,-24669.21,,,-1.066,21.891,1379.802,2675.332,,64.074,83.032,1047.899,1250.916,,64.642,91.209,2459.979,3495.305
1890,-36.544,-714.462,175.644,-584.619,4596.89,-26529.53,8114.373,-25253.829,,,-101.418,22.354,1278.384,2697.686,,66.557,87.267,1114.456,1338.183,,-4.885,73.24,2455.094,3568.545
1891,-275.273,-968.736,209.239,-553.919,4321.617,-27498.266,8323.612,-25807.748,,,-88.057,22.926,1190.327,2720.612,,60.727,90.929,1175.183,1429.112,,-74.245,61.725,2380.849,3630.27
1892,586.57,-98.608,163.43,-623.495,4908.187,-27596.874,8487.042,-26431.243,,,152.779,24.018,1343.106,2744.63,,102.162,94.13,1277.345,1523.242,,116.103,60.869,2496.952,3691.139
1893,310.255,-380.221,179.634,-620.229,5218.442,-27977.095,8666.676,-27051.472,,,134.485,24.842,1477.591,2769.472,,80.907,97.18,1358.252,1620.422,,104.061,63.168,2601.013,3754.307
1894,-193.145,-908.159,223.945,-588.608,5025.297,-28885.254,8890.621,-27640.08,,,-32.105,25.694,1445.486,2795.166,,93.426,100.143,1451.678,1720.565,,-52.801,66.782,2548.212,3821.089
1895,-15.257,-777.304,186.975,-644.804,5010.04,-29662.558,9077.596,-28284.884,,,13.776,26.713,1459.262,2821.879,,100.136,103.007,1551.814,1823.572,,-63.013,71.926,2485.199,3893.015
1896,417.385,-334.923,205.625,-640.492,5427.425,-29997.481,9283.221,-28925.376,,,108.102,27.366,1567.364,2849.245,,95.17,105.635,1646.984,1929.207,,68.187,79.008,2553.386,3972.023
1897,-280.424,-1045.38,252.277,-615.209,5147.001,-31042.861,9535.498,-29540.585,,,-60.694,27.843,1506.67,2877.088,,82.284,108.222,1729.268,2037.429,,-90.491,85.936,2462.895,4057.959
1898,649.616,-117.882,221.325,-667.997,5796.617,-31160.743,9756.823,-30208.582,,,130.885,28.417,1637.555,2905.505,,114.865,110.583,1844.133,2148.012,,188.786,95.385,2651.681,4153.344
1899,452.25,-345.291,243.108,-662.687,6248.867,-31506.034,9999.931,-30871.269,,,64.915,29.096,1702.47,2934.601,,106.441,113.023,1950.574,2261.035,,157.646,104.927,2809.327,4258.271
1900,417.23,-226.385,302.69,-410.887,6666.097,-31732.419,10302.621,-31282.156,,,173.146,29.083,1875.616,2963.684,,104.757,116.778,2055.331,2377.813,,162.014,131.768,2971.341,4390.039
1901,-148.748,-818.982,294.932,-422.184,6517.349,-32551.401,10597.553,-31704.34,,,-29.265,30.056,1846.351,2993.74,,54.116,120.458,2109.447,2498.271,,-32.843,152.541,2938.498,4542.58
1902,290.138,-358.497,311.92,-403.391,6807.487,-32909.898,10909.473,-32107.731,,,27.273,31.155,1873.624,3024.895,,131.113,123.966,2240.56,2622.237,,124.754,162.785,3063.252,4705.365
1903,522.091,-178.094,354.231,-361.5,7329.578,-33087.992,11263.704,-32469.231,,,135.83,32.628,2009.454,3057.523,,133.064,127.224,2373.624,2749.461,,214.72,168.534,3277.972,4873.899
1904,206.533,-477.663,329.918,-384.52,7536.111,-33565.655,11593.622,-32853.751,,,38.025,35.344,2047.479,3092.867,,131.544,130.276,2505.168,2879.737,,110.552,173.609,3388.524,5047.508
1905,711.468,1.287,344.21,-369.789,8247.579,-33564.368,11937.832,-33223.54,,,140.642,37.771,2188.121,3130.638,,153.01,133.139,2658.178,3012.876,,298.843,177.789,3687.367,5225.297
1906,498.525,-209.093,378.944,-329.498,8746.104,-33773.461,12316.776,-33553.038,,,84.385,39.963,2272.506,3170.601,,139.442,135.987,2797.62,3148.863,,209.986,178.804,3897.353,5404.101
1907,378.599,-318.916,355.226,-356.813,9124.703,-34092.377,12672.002,-33909.851,,,73.09,42.474,2345.596,3213.075,,119.898,138.795,2917.518,3287.658,,185.784,180.232,4083.137,5584.333
1908,564.409,-131.852,364.612,-345.352,9689.112,-34224.229,13036.614,-34255.203,,,168.944,45.527,2514.54,3258.602,,142.209,141.471,3059.727,3429.129,,167.411,179.583,4250.548,5763.916
1909,238.436,-434.4,397.564,-310.007,9927.548,-34658.629,13434.178,-34565.21,,,91.831,48.237,2606.371,3306.839,,132.622,144.133,3192.349,3573.262,,75.867,179.411,4326.415,5943.327
1910,287.286,-347.596,384.112,-290.611,10214.834,-35006.225,13818.29,-34855.821,,,172.264,50.347,2778.635,3357.186,,159.804,159.9,3352.153,3733.162,,10.482,180.058,4336.897,6123.385
1911,-72.237,-687.517,400.545,-281.56,10142.597,-35693.742,14218.835,-35137.381,,,-33.023,52.763,2745.612,3409.949,,135.536,165.475,3487.689,3898.637,,-79.229,181.152,4257.668,6304.537
1912,771.189,136.577,429.27,-257.51,10913.786,-35557.165,14648.105,-35394.891,,,185.784,55.334,2931.396,3465.283,,196.521,169.681,3684.21,4068.318,,267.524,182.1,4525.192,6486.637
1913,66.736,-592.794,411.69,-280.399,10980.522,-36149.959,15059.795,-35675.29,,,17.755,58.438,2949.151,3523.721,,127.878,173.349,3812.088,4241.667,,28.147,183.174,4553.339,6669.811
1914,342.83,-289.282,424.877,-271.139,11323.352,-36439.241,15484.672,-35946.429,,,1.851,61.696,2951.002,3585.417,,186.332,176.471,3998.42,4418.138,,86.282,184.62,4639.621,6854.431
1915,1165.127,455.009,453.726,-246.327,12488.479,-35984.232,15938.398,-36192.756,,,155.97,64.254,3106.972,3649.671,,238.755,179.54,4237.175,4597.678,,502.734,185.979,5142.355,7040.41
1916,232.78,-508.721,432.739,-272.631,12721.259,-36492.953,16371.137,-36465.387,,,86.763,66.548,3193.735,3716.219,,172.837,182.031,4410.012,4779.709,,81.62,187.394,5223.975,7227.804
1917,176.621,-470.795,450.55,-258.567,12897.88,-36963.748,16821.687,-36723.954,,,62.894,69.583,3256.629,3785.802,,163.197,184.313,4573.209,4964.022,,58.361,189.442,5282.336,7417.246
1918,116.207,-512.565,474.851,-237.875,13014.087,-37476.313,17296.538,-36961.829,,,35.41,72.691,3292.039,3858.493,,178.97,186.582,4752.179,5150.604,,-21.711,191.496,5260.625,7608.742
1919,715.849,44.043,457.529,-260.78,13729.936,-37432.27,17754.067,-37222.609,,,133.448,75.917,3425.487,3934.41,,199.836,188.667,4952.015,5339.271,,232.34,193.853,5492.965,7802.595
1920,691.622,-38.114,466.032,-292.307,14421.558,-37470.384,18220.099,-37514.916,,,169.155,79.065,3594.642,4013.475,,205.507,188.221,5157.522,5527.492,,250.894,192.7,5743.859,7995.295
1921,232.947,-530.159,488.808,-275.21,14654.505,-38000.543,18708.907,-37790.126,,,68.157,82.044,3662.799,4095.519,,185.329,188.883,5342.851,5716.375,,27.897,191.886,5771.756,8187.181
1922,403.375,-333.62,467.595,-303.764,15057.88,-38334.163,19176.502,-38093.89,,,110.204,86.192,3773.003,4181.711,,208.402,189.315,5551.253,5905.69,,82.518,193.118,5854.274,8380.299
1923,675.564,-73.277,483.674,-291.897,15733.444,-38407.44,19660.176,-38385.787,,,176.26,90.703,3949.263,4272.414,,204.482,190.308,5755.735,6095.998,,244.045,195.172,6098.319,8575.471
1924,468.267,-304.008,510.589,-270.499,16201.711,-38711.448,20170.765,-38656.286,,,79.339,95.344,4028.602,4367.758,,222.233,191.154,5977.968,6287.152,,195.788,197.763,6294.107,8773.234
1925,-113.402,-857.919,496.115,-290.83,16088.309,-39569.367,20666.88,-38947.116,,,-120.713,99.85,3907.889,4467.608,,180.856,192.06,6158.824,6479.212,,-81.245,200.929,6212.862,8974.163
1926,565.677,-147.259,510.211,-284.246,16653.986,-39716.626,21177.091,-39231.362,,,134.563,104.978,4042.452,4572.586,,227.826,193.187,6386.65,6672.399,,161.278,204.254,6374.14,9178.417
1927,844.934,35.84,539.557,-261.308,17498.92,-39680.786,21716.648,-39492.67,,,181.883,109.788,4224.335,4682.374,,222.417,194.235,6609.067,6866.634,,376.614,207.313,6750.754,9385.73
1928,648.064,-176.862,525.033,-279.382,18146.984,-39857.648,22241.681,-39772.052,,,163.929,114.693,4388.264,4797.067,,225.663,195.23,6834.73,7061.864,,266.702,210.489,7017.456,9596.219
1929,550.948,-263.546,539.741,-268.368,18697.932,-40121.194,22781.422,-40040.42,,,187.199,119.26,4575.463,4916.327,,196.77,196.13,7031.5,7257.994,,165.708,213.56,7183.164,9809.779
1930,29.168,-716.855,563.694,-234.905,18727.1,-40838.049,23345.116,-40275.325,,,-53.047,123.545,4522.416,5039.872,,176.797,201.843,7208.297,7459.837,,-80.77,212.635,7102.394,10022.414
1931,170.754,-545.504,554.882,-247.996,18897.854,-41383.553,23899.998,-40523.321,,,47.234,128.259,4569.65,5168.131,,205.642,204.576,7413.939,7664.413,,-47.981,212.6,7054.413,10235.014
1932,631.107,-116.794,566.736,-232.913,19528.961,-41500.347,24466.734,-40756.234,,,137.343,132.249,4706.993,5300.38,,239.393,206.769,7653.332,7871.182,,166.537,215.603,7220.95,10450.617
1933,235.233,-499.513,590.756,-210.459,19764.194,-41999.86,25057.49,-40966.693,,,130.03,135.739,4837.023,5436.119,,176.736,208.247,7830.068,8079.429,,-38.675,219.002,7182.275,10669.619
1934,140.074,-543.458,582.749,-219.104,19904.268,-42543.318,25640.239,-41185.797,,,142.492,138.755,4979.515,5574.874,,177.011,209.67,8007.079,8289.099,,-115.36,223.422,7066.915,10893.041
1935,744.65,37.311,595.724,-204.668,20648.918,-42506.007,26235.963,-41390.465,,,174.386,141.705,5153.901,5716.579,,210.729,210.543,8217.808,8499.642,,278.497,229.117,7345.412,11122.158
1936,116.679,-611.457,615.216,-188.048,20765.597,-43117.464,26851.179,-41578.513,,,58.571,143.898,5212.472,5860.477,,169.524,211.355,8387.332,8710.997,,-78.387,234.45,7267.025,11356.608
1937,491.447,-197.237,611.247,-189.498,21257.044,-43314.701,27462.426,-41768.011,,,158.743,146.394,5371.215,6006.871,,199.909,211.78,8587.241,8922.777,,116.67,239.754,7383.695,11596.362
1938,794.143,39.828,623.008,-179.603,22051.187,-43274.873,28085.434,-41947.614,,,225.503,148.533,5596.718,6155.404,,238.313,213.215,8825.554,9135.992,,281.797,245.636,7665.492,11841.998
1939,391.943,-356.323,643.539,-158.515,22443.13,-43631.196,28728.973,-42106.129,,,175.545,150.386,5772.263,6305.79,,209.648,215.039,9035.202,9351.031,,27.55,251.186,7693.042,12093.184
1940,630.095,-98.443,638.979,-176.73,23073.225,-43729.639,29367.952,-42282.859,,,252.621,152.094,6024.884,6457.884,,223.866,214.653,9259.068,9565.684,,139.45,259.464,7832.492,12352.648
1941,1184.506,378.31,654.431,-163.173,24257.731,-43351.329,30022.383,-42446.032,,,212.789,153.745,6237.673,6611.629,,298.385,215.756,9557.453,9781.44,,499.339,266.563,8331.831,12619.211
1942,1213.966,322.439,668.764,-153.835,25471.697,-43028.89,30691.147,-42599.867,,,292.335,155.448,6530.008,6767.077,,286.577,217.35,9844.03,9998.79,,570.225,271.486,8902.056,12890.697
1943,293.716,-550.945,666.866,-159.867,25765.413,-43579.835,31358.013,-42759.734,,,61.559,156.954,6591.567,6924.031,,221.971,219.249,10066.001,10218.039,,62.759,275.579,8964.815,13166.276
1944,590.883,-208.363,675.857,-156.067,26356.296,-43788.198,32033.87,-42915.801,,,128.677,158.117,6720.244,7082.148,,266.026,221.462,10332.027,10439.501,,179.294,278.625,9144.109,13444.901
1945,1064.967,224.69,687.95,-145.987,27421.263,-43563.508,32721.82,-43061.788,,,313.752,158.855,7033.996,7241.003,,252.364,223.686,10584.391,10663.187,,465.931,280.474,9610.04,13725.375
1946,792.231,-45.978,683.096,-154.963,28213.494,-43609.486,33404.916,-43216.751,,,325.599,159.563,7359.595,7400.566,,253.998,226.074,10838.389,10889.261,,202.925,282.257,9812.965,14007.632
1947,563.992,-250.405,693.029,-146.046,28777.486,-43859.891,34097.945,-43362.797,,,113.191,160.51,7472.786,7561.076,,227.18,228.735,11065.569,11117.996,,229.784,284.269,10042.749,14291.901
1948,554.515,-253.793,701.706,-140.302,29332.001,-44113.684,34799.651,-43503.099,,,166.868,161.443,7639.654,7722.519,,259.676,231.323,11325.245,11349.319,,128.115,285.672,10170.864,14577.573
1949,833.477,8.821,701.833,-152.083,30165.478,-44104.863,35501.484,-43655.182,,,212.075,162.145,7851.729,7884.664,,290.679,234.201,11615.924,11583.52,,287.064,287.606,10457.928,14865.179
1950,1000.45,214.152,721.735,-66.784,31165.928,-43890.711,36223.219,-43721.966,,,255.915,168.02,8107.644,8052.684,,273.172,238.331,11889.096,11821.851,,441.134,295.582,10899.062,15160.761
1951,586.233,-200.877,742.12,-36.076,31752.161,-44091.588,36965.339,-43758.042,,,65.108,174.878,8172.752,8227.562,,264.345,241.074,12153.441,12062.925,,290.088,301.184,11189.15,15461.945
1952,186.067,-549.978,746.621,-24.602,31938.228,-44641.566,37711.96,-43782.644,,,12.29,180.701,8185.042,8408.263,,227.106,243.644,12380.547,12306.569,,-38.104,303.922,11151.046,15765.867
1953,414.909,-260.091,757.991,-8.682,32353.137,-44901.657,38469.951,-43791.326,,,134.947,184.046,8319.989,8592.309,,241.6,245.837,12622.147,12552.406,,27.77,306.136,11178.816,16072.003
1954,179.832,-492.058,763.041,-5.481,32532.969,-45393.715,39232.992,-43796.807,,,-33.555,182.909,8286.434,8775.218,,240.476,247.961,12862.623,12800.367,,-9.772,307.321,11169.044,16379.324
1955,702.353,17.051,758.444,-7.854,33235.322,-45376.664,39991.436,-43804.661,,,256.71,180.063,8543.144,8955.281,,316.592,249.802,13179.215,13050.169,,115.513,308.196,11284.557,16687.52
1956,431.922,-249.415,759.931,-2.557,33667.244,-45626.079,40751.367,-43807.218,,,136.542,177.867,8679.686,9133.148,,260.495,251.81,13439.71,13301.979,,53.474,308.42,11338.031,16995.94
1957,1032.189,319.505,765.002,7.35,34699.433,-45306.574,41516.369,-43799.868,,,204.803,176.974,8884.489,9310.122,,313.981,253.588,13753.691,13555.567,,457.602,308.179,11795.633,17304.119
1958,1320.892,519.584,773.769,16.889,36020.325,-44786.99,42290.138,-43782.979,,,293.535,176.473,9178.024,9486.595,,382.566,269.207,14136.257,13824.774,,566.274,307.342,12361.907,17611.461
1959,704.014,-98.836,796.183,34.55,36724.339,-44885.826,43086.321,-43748.429,,,198.271,176.063,9376.295,9662.658,,311.807,287.899,14448.064,14112.673,,172.099,306.247,12534.006,17917.708
1960,911.852,171.735,813.399,25.734,37636.191,-44714.091,43899.72,-43722.695,,,276.691,176.652,9652.986,9839.31,,324.411,304.433,14772.475,14417.106,,269.527,303.311,12803.533,18221.019
1961,1003.789,231.372,828.877,29.692,38639.98,-44482.719,44728.597,-43693.003,,,270.676,177.298,9923.662,10016.608,,368.299,323.901,15140.774,14741.007,,303.644,300.349,13107.177,18521.368
1962,945.136,122.918,849.612,35.479,39585.116,-44359.801,45578.209,-43657.524,,,152.168,177.117,10075.83,10193.725,,447.155,343.926,15587.929,15084.933,,293.6,297.452,13400.777,18818.82
1963,606.13,-227.957,873.76,42.52,40191.246,-44587.758,46451.969,-43615.004,,,223.796,176.647,10299.626,10370.372,,407.674,365.767,15995.603,15450.7,,-15.216,293.973,13385.561,19112.793
1964,811.507,8.481,885.842,36.233,41002.753,-44579.277,47337.811,-43578.771,,,221.572,175.313,10521.198,10545.685,,468.58,386.694,16464.183,15837.394,,97.319,290.539,13482.88,19403.332
1965,1266.907,385.026,948.201,72.63,42269.66,-44194.251,48286.012,-43506.141,,,203.074,174.247,10724.272,10719.932,,524.198,447.304,16988.381,16284.698,,470.39,287.264,13953.27,19690.596
1966,806.681,-88.546,988.166,70.732,43076.341,-44282.797,49274.178,-43435.409,,,195.99,173.235,10920.262,10893.167,,461.325,488.143,17449.706,16772.841,,109.103,284.105,14062.373,19974.701
1967,1189.104,317.463,1002.2,56.214,44265.445,-43965.334,50276.378,-43379.195,,,273.849,173.423,11194.111,11066.59,,513.391,508.969,17963.097,17281.81,,356.083,280.925,14418.456,20255.626
1968,1199.65,252.428,1018.548,53.716,45465.095,-43712.906,51294.926,-43325.479,,,196.487,173.14,11390.598,11239.73,,543.29,527.111,18506.387,17808.921,,369.482,278.258,14787.938,20533.884
1969,1146.099,163.748,1040.976,59.38,46611.194,-43549.158,52335.902,-43266.099,,,169.697,173.099,11560.295,11412.829,,604.298,548.433,19110.685,18357.354,,328.304,275.145,15116.242,20809.029
1970,987.689,9.457,1046.501,63.316,47598.883,-43539.701,53382.403,-43202.783,,,162.806,173.274,11723.101,11586.103,,536.62,561.083,19647.305,18918.437,,236.021,274.492,15352.263,21083.521
1971,974.584,53.762,1053.075,61.784,48573.467,-43485.939,54435.478,-43140.999,,,214.219,174.125,11937.32,11760.228,,547.888,565.253,20195.193,19483.69,,179.917,273.563,15532.18,21357.084
1972,1197.378,204.922,1036.452,47.501,49770.845,-43281.017,55471.93,-43093.498,,,146.173,175.022,12083.493,11935.25,,701.002,547.364,20896.195,20031.054,,322.326,272.662,15854.506,21629.746
1973,1316.228,260.915,1064.426,75.251,51087.073,-43020.102,56536.356,-43018.247,,,229.687,175.641,12313.18,12110.891,,524.652,580.363,21420.847,20611.417,,460.715,271.677,16315.221,21901.423
1974,1164.062,217.596,1037.897,36.359,52251.135,-42802.506,57574.253,-42981.888,,,303.448,176.27,12616.628,12287.161,,517.047,554.071,21937.894,21165.488,,269.228,270.473,16584.449,22171.896
1975,1171.237,227.465,1022.591,44.21,53422.372,-42575.041,58596.844,-42937.678,,,222.035,177.34,12838.663,12464.501,,544.94,535.426,22482.834,21700.914,,327,269.124,16911.449,22441.02
1976,763.448,-149.085,1022.298,49.149,54185.82,-42724.126,59619.142,-42888.529,,,257.9,177.571,13096.563,12642.072,,417.551,542.476,22900.385,22243.39,,66.405,267.624,16977.854,22708.644
1977,566.051,-271.95,1094.878,96.853,54751.871,-42996.076,60714.02,-42791.676,,,64.383,177.261,13160.946,12819.333,,505.025,614.48,23405.41,22857.87,,11.864,266.014,16989.718,22974.658
1978,1207.164,269.396,1054.833,24.606,55959.035,-42726.68,61768.853,-42767.07,,,149.744,176.529,13310.69,12995.862,,702.791,574.733,24108.201,23432.603,,294.396,264.827,17284.114,23239.485
1979,1408.787,308.645,1071.776,54.813,57367.822,-42418.035,62840.629,-42712.257,,,260.293,176.039,13570.983,13171.901,,652.596,597.892,24760.797,24030.495,,404.002,263.344,17688.116,23502.829
1980,333.235,-625.74,1065.63,36.374,57701.057,-43043.775,63906.259,-42675.883,,,-4.943,176.03,13566.04,13347.931,,371.449,592.313,25132.246,24622.808,,-63.951,262.078,17624.165,23764.907
1981,1277.285,386.24,1072.249,46.71,58978.342,-42657.535,64978.508,-42629.173,,,225.636,176.188,13791.676,13524.119,,685.382,597.081,25817.628,25219.889,,325.426,261.276,17949.591,24026.183
1982,1470.887,384.666,1066.334,32.34,60449.229,-42272.869,66044.842,-42596.833,,,233.501,177.113,14025.177,13701.232,,713.07,597.007,26530.698,25816.896,,464.457,260.363,18414.048,24286.546
1983,722.231,-330.701,1068.929,32.743,61171.46,-42603.57,67113.771,-42564.09,,,92.32,177.287,14117.497,13878.519,,392.428,597.43,26923.126,26414.326,,192.926,259.42,18606.974,24545.966
1984,966.274,65.728,1061.281,17.434,62137.734,-42537.842,68175.052,-42546.656,,,225.306,177.334,14342.803,14055.853,,540.396,589.72,27463.522,27004.046,,180.81,258.617,18787.784,24804.583
1985,1189.991,179.413,1068.692,25.731,63327.725,-42358.429,69243.744,-42520.925,,,271.193,178.482,14613.996,14234.335,,633.17,600.482,28096.692,27604.528,,227.116,257.994,19014.9,25062.577
1986,1155.112,113.623,1059.402,2.876,64482.837,-42244.806,70303.146,-42518.049,,,133.87,179.116,14747.866,14413.451,,609.751,589.825,28706.443,28194.353,,348.421,257.65,19363.321,25320.227
1987,920.532,-134.516,1053.953,4.56,65403.369,-42379.322,71357.099,-42513.489,,,123.618,180.167,14871.484,14593.618,,539.206,580.815,29245.649,28775.168,,187.037,257.121,19550.358,25577.348
1988,250.04,-633.224,1036.403,-9.344,65653.409,-43012.546,72393.502,-42522.833,,,147.949,181.785,15019.433,14775.403,,385.157,567.465,29630.806,29342.633,,-265.208,256.721,19285.15,25834.069
1989,1380.957,511.353,1061.128,15.606,67034.366,-42501.193,73454.63,-42507.227,,,386.3,183.371,15405.733,14958.774,,646.265,588.36,30277.071,29930.993,,296.793,256.208,19581.943,26090.277
1990,889.713,-183.837,1025.591,-66.643,67924.079,-42685.03,74480.221,-42573.87,,,97.374,184.771,15503.107,15143.545,,565.571,551.495,30842.642,30482.488,,237.55,255.587,19819.493,26345.864
1991,897.309,-111.17,1039.139,-38.841,68821.388,-42796.2,75519.36,-42612.711,,,291.363,186.217,15794.47,15329.762,,414.695,567.178,31257.337,31049.666,,143.875,254.899,19963.368,26600.763
1992,1800.005,774.593,1008.396,-73.347,70621.393,-42021.607,76527.756,-42686.058,,,334.178,187.665,16128.648,15517.427,,767.951,532.227,32025.288,31581.893,,566.521,254.727,20529.889,26855.49
1993,1336.768,109.057,1029.916,-40.361,71958.161,-41912.55,77557.672,-42726.419,,,117.755,189.307,16246.403,15706.734,,594.889,546.158,32620.177,32128.051,,519.607,254.915,21049.496,27110.405
1994,985.554,-114.45,996.988,-77.724,72943.715,-42027,78554.66,-42804.143,,,339.388,190.333,16585.791,15897.067,,488.686,514.021,33108.863,32642.072,,150.606,254.813,21200.102,27365.218
1995,1249.141,189.386,1034.328,-31.85,74192.856,-41837.614,79588.988,-42835.993,,,236.171,191.67,16821.962,16088.737,,503.319,543.974,33612.182,33186.046,,411.009,255.062,21611.111,27620.28
1996,1092.226,44.563,1015.371,-60.962,75285.082,-41793.051,80604.359,-42896.955,,,262.601,193.133,17084.563,16281.87,,532.864,518.991,34145.046,33705.037,,286.169,255.583,21897.28,27875.863
1997,1391.816,283.59,1040.865,-31.503,76676.898,-41509.461,81645.224,-42928.458,,,281.133,194.457,17365.696,16476.327,,550.59,543.551,34695.636,34248.588,,466.624,255.834,22363.904,28131.697
1998,847.891,-265.838,1013.449,-67.317,77524.789,-41775.299,82658.673,-42995.775,,,94.556,195.789,17460.252,16672.116,,502.838,511.142,35198.474,34759.73,,207.894,256.182,22571.798,28387.879
1999,1123.288,41.477,1044.829,-26.509,78648.077,-41733.822,83703.502,-43022.284,,,213.9,197.597,17674.152,16869.713,,539.094,535.704,35737.568,35295.434,,285.313,256.458,22857.111,28644.337
2000,825.786,-217.089,1023.528,-33.441,79473.863,-41950.911,84727.03,-43055.725,,,216.245,198.564,17890.397,17068.277,,534.889,516.173,36272.457,35811.607,,92.819,256.054,22949.93,28900.391
2001,1170.195,144.028,1053.319,21.348,80644.058,-41806.883,85780.349,-43034.377,,,284.729,200.714,18175.126,17268.991,,534.681,539.364,36807.138,36350.971,,252.922,257.062,23202.852,29157.453
2002,543.051,-401.74,1012.343,-34.78,81187.109,-42208.623,86792.692,-43069.157,,,152.936,201.832,18328.062,17470.823,,328.613,498.907,37135.751,36849.878,,43.81,254.654,23246.662,29412.107
2003,1141.015,273.333,1044.555,25.745,82328.124,-41935.29,87837.247,-43043.412,,,299.533,204.212,18627.595,17675.035,,535.704,532.544,37671.455,37382.422,,231.565,254.753,23478.227,29666.86
2004,1432.265,392.174,1008.49,-23.386,83760.389,-41543.116,88845.737,-43066.798,,,314.951,204.64,18942.546,17879.675,,543.761,493.405,38215.216,37875.827,,440.981,255.354,23919.208,29922.214
2005,793.792,-206.443,1034.813,28.446,84554.181,-41749.559,89880.55,-43038.352,,,180.115,208.087,19122.661,18087.762,,396.286,509.021,38611.502,38384.848,,110.26,257.503,24029.468,30179.717
2006,506.976,-470.338,1003.326,-106.2,85061.157,-42219.897,90883.876,-43144.552,,,190.887,208.651,19313.548,18296.413,,401.634,480.518,39013.136,38865.366,,-88.396,255.208,23941.072,30434.925
2007,1168.714,142.458,1046.326,-33.112,86229.871,-42077.439,91930.202,-43177.664,,,229.871,214.19,19543.419,18510.603,,607.596,505.692,39620.732,39371.058,,206.358,259.408,24147.43,30694.333
2008,1084.864,90.975,1037.008,29.017,87314.735,-41986.464,92967.21,-43148.647,,,329.931,216.228,19873.35,18726.831,,491.39,486.017,40112.122,39857.075,,214.03,265.21,24361.46,30959.543
2009,1362.664,391.075,1036.679,51.573,88677.399,-41595.389,94003.889,-43097.074,,,299.875,215.482,20173.225,18942.313,,536.94,492.466,40649.062,40349.541,,474.563,268.498,24836.023,31228.041
2010,975.068,-29.683,1007.996,25.328,89652.467,-41625.072,95011.885,-43071.746,,,144.697,213.448,20317.922,19155.761,,394.707,464.192,41043.769,40813.733,,344.364,269.851,25180.387,31497.892
2011,786.602,-256.567,1038.729,-68.961,90439.069,-41881.639,96050.614,-43140.707,,,178.683,218.8,20496.605,19374.561,,389.31,479.999,41433.079,41293.732,,189.067,269.144,25369.454,31767.036