year,LCLUC_2011,LCLUC_NOTIMBER,LCLUC_CONST,LC2011,LC1700,LC1700_CLIMATE,LC1700_CO2,LC1700_O3,LC1700_NDEP,LC1700_REF,Climate,CO2,O3,Ndep,LCLUC,Conversion Effect,Timber Effect,Growth Enhancements,LULCC_2011,LULCC_NOTIMBER,LULCC_CONST,LC2011,LC1700,delvegc,delvegc_cum,nce_LCLUC_2011_cum
1701,65089.977,65089.686,67470.019,42997.275,65093.903,65091.924,67469.378,67470.4,67471.173,67468.943,-2.377019,0.000435,0.001457,0.00223,0.001076,-0.004217,0.000291,-2.380042,65.089977,65.089686,67.470019,42.997275,65.093903,0,0,-61.966
1702,65175.353,65175.355,67475.188,42976.94,65176.189,65173.942,67472.792,67472.695,67475.094,67471.925,-2.297983,0.000867,0.00077,0.003169,0.003263,-0.000834,-2E-06,-2.299835,65.175353,65.175355,67.475188,42.97694,65.176189,85.376,85.376,11.861
1703,65452.838,65453.105,67473.999,43185.568,65450.702,65449.103,67477.51,67476.369,67480.302,67476.828,-2.027725,0.000682,-0.000459,0.003474,-0.002829,0.002403,-0.000267,-2.021161,65.452838,65.453105,67.473999,43.185568,65.450702,277.485,362.861,120.459
1704,65470.002,65470.522,67446.711,43234.418,65474.732,65473.342,67460.852,67460.022,67464.2,67460.876,-1.987534,-2.4E-05,-0.000854,0.003324,-0.014165,-0.00421,-0.00052,-1.976709,65.470002,65.470522,67.446711,43.234418,65.474732,17.164,380.025,112.918
1705,65705.024,65705.485,67451.318,43412.117,65718.721,65717.314,67475.69,67474.182,67478.526,67475.785,-1.758471,-9.5E-05,-0.001603,0.002741,-0.024467,-0.013236,-0.000461,-1.746294,65.705024,65.705485,67.451318,43.412117,65.718721,235.022,615.047,392.284
1706,65642.608,65643.156,67450.552,43144.147,65669.113,65667.672,67485.225,67482.281,67486.585,67485.353,-1.817681,-0.000128,-0.003072,0.001232,-0.034801,-0.025957,-0.000548,-1.807944,65.642608,65.643156,67.450552,43.144147,65.669113,-62.416,552.631,364.613
1707,65488.996,65489.619,67425.548,42922.459,65529.915,65528.514,67467.777,67465.5,67469.511,67468.874,-1.94036,-0.001097,-0.003374,0.000637,-0.043326,-0.040296,-0.000623,-1.936552,65.488996,65.489619,67.425548,42.922459,65.529915,-153.612,399.019,-54.328
1708,65340.577,65341.27,67430.273,42808.522,65394.763,65393.469,67482.433,67479.892,67482.941,67483.503,-2.090034,-0.00107,-0.003611,-0.000562,-0.05323,-0.053493,-0.000693,-2.089696,65.340577,65.34127,67.430273,42.808522,65.394763,-148.419,250.6,-99.076
1709,65515.416,65516.138,67430.138,42967.438,65577.029,65575.912,67492.904,67489.345,67491.831,67493.537,-1.917625,-0.000633,-0.004192,-0.001706,-0.063399,-0.060891,-0.000722,-1.914722,65.515416,65.516138,67.430138,42.967438,65.577029,174.839,425.439,139.404
1710,65742.169,65742.903,67401.514,43196.262,65811.2,65810.043,67474.711,67471.95,67474.733,67475.37,-1.665327,-0.000659,-0.00342,-0.000637,-0.073856,-0.068297,-0.000734,-1.659345,65.742169,65.742903,67.401514,43.196262,65.8112,226.753,652.192,-98.898
1711,65353.726,65354.462,67403.962,42848.686,65433.515,65432.325,67490.98,67488.747,67491.128,67491.736,-2.059411,-0.000756,-0.002989,-0.000608,-0.087774,-0.079053,-0.000736,-2.050236,65.353726,65.354462,67.403962,42.848686,65.433515,-388.443,263.749,-840.678
1712,65394.557,65395.123,67402.751,42727.875,65486.554,65485.307,67502.701,67499.701,67502.371,67503.108,-2.017801,-0.000407,-0.003407,-0.000737,-0.100357,-0.091431,-0.000566,-2.008194,65.394557,65.395123,67.402751,42.727875,65.486554,40.831,304.58,-474.783
1713,65284.296,65284.546,67375.696,42574.465,65389.975,65388.709,67483.397,67482.054,67484.941,67484.093,-2.095384,-0.000696,-0.002039,0.000848,-0.108397,-0.105429,-0.00025,-2.0914,65.284296,65.284546,67.375696,42.574465,65.389975,-110.261,194.319,-1342.371
1714,65140.523,65140.703,67378.209,42510.645,65258.413,65257.192,67496.685,67496.487,67498.787,67497.656,-2.240464,-0.000971,-0.001169,0.001131,-0.119447,-0.11771,-0.00018,-2.237686,65.140523,65.140703,67.378209,42.510645,65.258413,-143.773,50.546,-1135.954
1715,65490.717,65490.769,67375.688,42894.395,65618.034,65616.935,67503.999,67503.558,67505.812,67505.043,-1.888108,-0.001044,-0.001485,0.000769,-0.129355,-0.127265,-5.2E-05,-1.884971,65.490717,65.490769,67.375688,42.894395,65.618034,350.194,400.74,-691.143
1716,65904.44,65904.364,67346.812,43179.987,66039.562,66038.438,67477.458,67478.061,67479.668,67477.801,-1.439363,-0.000343,0.00026,0.001867,-0.130989,-0.135198,7.6E-05,-1.442372,65.90444,65.904364,67.346812,43.179987,66.039562,413.723,814.463,-418.877
1717,65749.267,65749.108,67355.433,43062.335,65891.961,65890.79,67488.222,67489.837,67490.395,67488.465,-1.597675,-0.000243,0.001372,0.00193,-0.133032,-0.142853,0.000159,-1.606166,65.749267,65.749108,67.355433,43.062335,65.891961,-155.173,659.29,-555.621
1718,65797.696,65797.527,67354.189,43052.217,65927.593,65926.096,67495.026,67496.339,67495.638,67495.279,-1.569183,-0.000253,0.00106,0.000359,-0.14109,-0.130066,0.000169,-1.556493,65.797696,65.797527,67.354189,43.052217,65.927593,48.429,707.719,-487.048
1719,65823.749,65823.408,67323.344,43138.761,65942.591,65941.409,67466.644,67468.177,67466.13,67466.438,-1.525029,0.000206,0.001739,-0.000308,-0.143094,-0.119183,0.000341,-1.499595,65.823749,65.823408,67.323344,43.138761,65.942591,26.053,733.772,-279.475
1720,65947.061,65946.693,67326.776,43273.042,66054.987,66053.997,67472.166,67473.568,67470.438,67471.086,-1.417089,0.00108,0.002482,-0.000648,-0.14431,-0.108294,0.000368,-1.379715,65.947061,65.946693,67.326776,43.273042,66.054987,123.312,857.084,-327.972
1721,65869.769,65869.45,67327.048,43203.042,65970.186,65969.436,67476.186,67476.672,67472.416,67475.491,-1.506055,0.000695,0.001181,-0.003075,-0.148443,-0.100736,0.000319,-1.457279,65.869769,65.86945,67.327048,43.203042,65.970186,-77.292,779.792,-416.71
1722,65872.947,65872.541,67298.214,43251.104,65967.49,65966.66,67447.726,67447.592,67443.301,67446.628,-1.479968,0.001098,0.000964,-0.003327,-0.148414,-0.094949,0.000406,-1.425267,65.872947,65.872541,67.298214,43.251104,65.96749,3.178,782.97,-474.044
1723,65983.107,65982.685,67301.5,43278.577,66082.485,66081.596,67450.482,67449.679,67446.35,67448.879,-1.367283,0.001603,0.0008,-0.002529,-0.147379,-0.0998,0.000422,-1.318393,65.983107,65.982685,67.3015,43.278577,66.082485,110.16,893.13,-445.697
1724,66101.432,66101.087,67300.239,43188.537,66219.545,66218.93,67453.157,67451.347,67448.644,67451.943,-1.233013,0.001214,-0.000596,-0.003299,-0.151704,-0.118458,0.000345,-1.198807,66.101432,66.101087,67.300239,43.188537,66.219545,118.325,1011.455,-349.501
1725,66197.002,66196.798,67270.782,43412.706,66319.001,66318.113,67425.31,67423.722,67421.813,67424.612,-1.106499,0.000698,-0.00089,-0.002799,-0.15383,-0.122203,0.000204,-1.07378,66.197002,66.196798,67.270782,43.412706,66.319001,95.57,1107.025,-94.027
1726,66028.771,66028.626,67272.442,43320.216,66158.826,66157.702,67429.15,67426.938,67426.168,67427.773,-1.270071,0.001377,-0.000835,-0.001605,-0.155331,-0.1302,0.000145,-1.243671,66.028771,66.028626,67.272442,43.320216,66.158826,-168.231,938.794,-524.091
1727,65574.521,65574.425,67273.124,42818.156,65718.176,65717.412,67431.832,67429.198,67430.061,67430.851,-1.713439,0.000981,-0.001653,-0.00079,-0.157727,-0.143751,9.6E-05,-1.698603,65.574521,65.574425,67.273124,42.818156,65.718176,-454.25,484.544,-998.29
1728,65565.764,65565.792,67242.199,42785.764,65727.306,65726.588,67401.949,67400.441,67401.497,67401.878,-1.67529,7.1E-05,-0.001437,-0.000381,-0.159679,-0.161514,-2.8E-05,-1.676435,65.565764,65.565792,67.242199,42.785764,65.727306,-8.757,475.787,-706.362
1729,65807.828,65807.713,67244.886,43024.213,65967.087,65966.241,67404.12,67402.671,67404.052,67404.531,-1.43829,-0.000411,-0.00186,-0.000479,-0.159645,-0.159374,0.000115,-1.437058,65.807828,65.807713,67.244886,43.024213,65.967087,242.064,717.851,-481.078
1730,65980.721,65980.622,67243.348,43187.591,66119.474,66118.413,67406.216,67404.638,67406.804,67406.822,-1.288409,-0.000606,-0.002184,-1.8E-05,-0.163474,-0.138852,9.9E-05,-1.262627,65.980721,65.980622,67.243348,43.187591,66.119474,172.893,890.744,-301.36
1731,66192.56,66192.364,67213.588,43363.143,66280.258,66279.351,67378.155,67377.468,67379.462,67379.321,-1.09997,-0.001166,-0.001853,0.000141,-0.165733,-0.087894,0.000196,-1.021028,66.19256,66.192364,67.213588,43.363143,66.280258,211.839,1102.583,-50.295
1732,66281.346,66281.022,67214.915,43363.043,66399.717,66398.981,67381.963,67381.122,67382.907,67382.916,-0.983935,-0.000953,-0.001794,-9E-06,-0.168001,-0.118695,0.000324,-0.933569,66.281346,66.281022,67.214915,43.363043,66.399717,88.786,1191.369,70.87
1733,66368.007,66367.698,67212.25,43323.648,66494.814,66493.963,67384.354,67382.898,67384.932,67384.855,-0.890892,-0.000501,-0.001957,7.7E-05,-0.172605,-0.127116,0.000309,-0.844243,66.368007,66.367698,67.21225,43.323648,66.494814,86.661,1278.03,291.11
1734,66644.371,66644.031,67182.42,43571.676,66785.448,66784.42,67360.25,67360.409,67361.105,67361.011,-0.576591,-0.000761,-0.000602,9.4E-05,-0.178591,-0.141417,0.00034,-0.538049,66.644371,66.644031,67.18242,43.571676,66.785448,276.364,1554.394,720.971
1735,66618.635,66618.283,67184.116,43688.836,66793.745,66792.772,67366.266,67367.052,67366.941,67367.424,-0.574652,-0.001158,-0.000372,-0.000483,-0.183308,-0.175462,0.000352,-0.565481,66.618635,66.618283,67.184116,43.688836,66.793745,-25.736,1528.658,809.411
1736,66736.513,66736.146,67180.969,43849.772,66894.113,66893.299,67367.632,67368.125,67367.91,67368.302,-0.475003,-0.00067,-0.000177,-0.000392,-0.187333,-0.157967,0.000367,-0.444456,66.736513,66.736146,67.180969,43.849772,66.894113,117.878,1646.536,964.21
1737,66659.623,66659.235,67154.795,43741.295,66836.985,66836.21,67341.008,67342.159,67342.929,67341.818,-0.505608,-0.00081,0.000341,0.001111,-0.187023,-0.17775,0.000388,-0.495172,66.659623,66.659235,67.154795,43.741295,66.836985,-76.89,1569.646,868.503
1738,66561.095,66560.719,67157.878,43600.833,66743.94,66742.966,67344.54,67346.038,67346.828,67345.51,-0.602544,-0.00097,0.000528,0.001318,-0.187632,-0.183221,0.000376,-0.596783,66.561095,66.560719,67.157878,43.600833,66.74394,-98.528,1471.118,853.017
1739,66569.938,66569.556,67156.115,43474.6,66747.946,66746.517,67345.018,67345.416,67346.534,67345.906,-0.599389,-0.000888,-0.00049,0.000628,-0.189791,-0.17839,0.000382,-0.586177,66.569938,66.569556,67.156115,43.4746,66.747946,8.843,1479.961,848.683
1740,66463.211,66462.789,67124.201,43410.024,66677.137,66676.225,67316.791,67317.819,67319.819,67317.712,-0.641487,-0.000921,0.000107,0.002107,-0.193511,-0.214348,0.000422,-0.66099,66.463211,66.462789,67.124201,43.410024,66.677137,-106.727,1373.234,750.906
1741,66336.798,66336.366,67123.249,43402.555,66556.056,66555.143,67321.945,67322.697,67323.76,67322.828,-0.767685,-0.000883,-0.000131,0.000932,-0.199579,-0.21969,0.000432,-0.786451,66.336798,66.336366,67.123249,43.402555,66.556056,-126.413,1246.821,687.937
1742,66409.612,66409.181,67118.509,43527.026,66626.793,66625.89,67322.851,67322.692,67323.141,67323.878,-0.697988,-0.001027,-0.001186,-0.000737,-0.205369,-0.217612,0.000431,-0.708897,66.409612,66.409181,67.118509,43.527026,66.626793,72.814,1319.635,793.499
1743,66080.255,66079.857,67086.198,43105.411,66308.55,66307.675,67293.294,67293.195,67293.759,67294.052,-0.986377,-0.000758,-0.000857,-0.000293,-0.207854,-0.228693,0.000398,-1.005943,66.080255,66.079857,67.086198,43.105411,66.30855,-329.357,990.278,-104.289
1744,65679.553,65679.223,67084.213,42576.051,65932.266,65931.448,67298.752,67298.362,67298.369,67299.024,-1.367576,-0.000272,-0.000662,-0.000655,-0.214811,-0.253043,0.00033,-1.40466,65.679553,65.679223,67.084213,42.576051,65.932266,-400.702,589.576,-369.763
1745,65713.3,65713.049,67080.16,42581.282,65969.688,65968.779,67298.723,67297.334,67296.447,67299.083,-1.330304,-0.00036,-0.001749,-0.002636,-0.218923,-0.256639,0.000251,-1.36686,65.7133,65.713049,67.08016,42.581282,65.969688,33.747,623.323,-487.768
1746,66102.688,66102.513,67047.324,42976.652,66355.925,66354.985,67265.845,67265.152,67263.868,67265.996,-0.911011,-0.000151,-0.000844,-0.002128,-0.218672,-0.253412,0.000175,-0.944636,66.102688,66.102513,67.047324,42.976652,66.355925,389.388,1012.711,-185.97
1747,66107.91,66107.764,67049.06,43052.628,66363.63,66362.877,67269.637,67268.346,67266.997,67268.932,-0.906055,0.000705,-0.000586,-0.001935,-0.219872,-0.255866,0.000146,-0.94115,66.10791,66.107764,67.04906,43.052628,66.36363,5.222,1017.933,-589.353
1748,65981.468,65981.346,67043.41,42930.31,66239.977,66239.107,67269.189,67267.318,67265.041,67267.92,-1.028813,0.001269,-0.000602,-0.002879,-0.22451,-0.258631,0.000122,-1.061942,65.981468,65.981346,67.04341,42.93031,66.239977,-126.442,891.491,-767.104
1749,66078.7,66078.577,67010.855,43026.531,66331.987,66330.958,67234.538,67232.612,67230.157,67233.396,-0.902438,0.001142,-0.000784,-0.003239,-0.222541,-0.25341,0.000123,-0.932155,66.0787,66.078577,67.010855,43.026531,66.331987,97.232,988.723,-533.094
1750,66184.238,66184.103,67006.974,43134.597,66429.964,66429.139,67233.21,67230.677,67229.549,67230.972,-0.801833,0.002238,-0.000295,-0.001423,-0.223998,-0.245861,0.000135,-0.822736,66.184238,66.184103,67.006974,43.134597,66.429964,105.538,1094.261,-726.12
1751,66333.447,66333.299,66996.918,43263.282,66575.594,66574.667,67231.386,67227.482,67226.952,67228.471,-0.653804,0.002915,-0.000989,-0.001519,-0.231553,-0.242295,0.000148,-0.663471,66.333447,66.333299,66.996918,43.263282,66.575594,149.209,1243.47,-401.604
1752,66539.088,66539.037,66962.095,43485.33,66776.431,66775.33,67198.688,67196.345,67196.103,67196.593,-0.421263,0.002095,-0.000248,-0.00049,-0.234498,-0.237394,5.1E-05,-0.423007,66.539088,66.539037,66.962095,43.48533,66.776431,205.641,1449.111,-215.454
1753,66518.4,66518.417,66961.185,43368.425,66792.63,66791.609,67195.065,67193.334,67194.524,67193.506,-0.401897,0.001559,-0.000172,0.001018,-0.232321,-0.274213,-1.7E-05,-0.442785,66.5184,66.518417,66.961185,43.368425,66.79263,-20.688,1428.423,-373.45
1754,66608.409,66608.36,66951.957,43391.127,66900.228,66899.322,67191.775,67190.726,67192.384,67190.651,-0.291329,0.001124,7.5E-05,0.001733,-0.238694,-0.291868,4.9E-05,-0.343548,66.608409,66.60836,66.951957,43.391127,66.900228,90.009,1518.432,93.656
1755,66836.669,66836.611,66918.852,43690.003,67143.771,67142.972,67161.273,67161.942,67162.66,67161.244,-0.018272,2.9E-05,0.000698,0.001416,-0.242392,-0.30716,5.8E-05,-0.082183,66.836669,66.836611,66.918852,43.690003,67.143771,228.26,1746.692,398.366
1756,66997.63,66997.57,66917.502,43854.094,67309.818,67309.273,67162.072,67163.841,67164.697,67162.919,0.146354,-0.000847,0.000922,0.001778,-0.245417,-0.312248,6E-05,0.080128,66.99763,66.99757,66.917502,43.854094,67.309818,160.961,1907.653,729.499
1757,66954.323,66954.215,66913.673,43774.189,67302.182,67302.047,67160.339,67161.578,67163.63,67161.542,0.140505,-0.001203,3.6E-05,0.002088,-0.247869,-0.347967,0.000108,0.04065,66.954323,66.954215,66.913673,43.774189,67.302182,-43.307,1864.346,491.87
1758,66759.092,66758.924,66879.069,43547.569,67108.523,67108.331,67129.123,67131.769,67133.251,67130.383,-0.022052,-0.00126,0.001386,0.002868,-0.251314,-0.349599,0.000168,-0.119977,66.759092,66.758924,66.879069,43.547569,67.108523,-195.231,1669.115,431.95
1759,66845.731,66845.602,66876.754,43663.391,67192.28,67191.821,67131.871,67134.172,67134.96,67133.092,0.058729,-0.001221,0.00108,0.001868,-0.256338,-0.346678,0.000129,-0.031023,66.845731,66.845602,66.876754,43.663391,67.19228,86.639,1755.754,765.886
1760,66760.45,66760.345,66869.15,43553.47,67112.899,67112.904,67131.86,67133.807,67135.565,67132.936,-0.020032,-0.001076,0.000871,0.002629,-0.263786,-0.352554,0.000105,-0.1087,66.76045,66.760345,66.86915,43.55347,67.112899,-85.281,1670.473,359.556
1761,66506.489,66506.296,66834.694,43283.805,66869.955,66870.119,67100.501,67102.431,67103.506,67101.175,-0.231056,-0.000674,0.001256,0.002331,-0.266481,-0.363659,0.000193,-0.328205,66.506489,66.506296,66.834694,43.283805,66.869955,-253.961,1416.512,341.923
1762,66476.21,66476.034,66830.763,43294.849,66813.479,66813.222,67103.664,67105.611,67105.463,67104.022,-0.2908,-0.000358,0.001589,0.001441,-0.273259,-0.337445,0.000176,-0.354553,66.47621,66.476034,66.830763,43.294849,66.813479,-30.279,1386.233,247.482
1763,66507.929,66507.681,66822.608,43313.154,66845.798,66845.547,67101.408,67101.747,67102.478,67101.798,-0.256251,-0.00039,-5.1E-05,0.00068,-0.27919,-0.338117,0.000248,-0.314679,66.507929,66.507681,66.822608,43.313154,66.845798,31.719,1417.952,154.818
1764,66421.313,66421.095,66789.045,43211.121,66758.767,66758.876,67072.09,67073.003,67073.752,67072.135,-0.313259,-4.5E-05,0.000868,0.001617,-0.28309,-0.337672,0.000218,-0.367732,66.421313,66.421095,66.789045,43.211121,66.758767,-86.616,1331.336,-4.59
1765,66503.225,66502.995,66785.91,43316.426,66821.809,66821.572,67075.241,67075.424,67074.772,67074.588,-0.253016,0.000653,0.000836,0.000184,-0.288678,-0.318814,0.00023,-0.282685,66.503225,66.502995,66.78591,43.316426,66.821809,81.912,1413.248,88.266
1766,66549.058,66548.791,66776.803,43421.419,66877.216,66876.787,67074.242,67073.989,67072.8,67073.566,-0.196779,0.000676,0.000423,-0.000766,-0.296763,-0.328425,0.000267,-0.227745,66.549058,66.548791,66.776803,43.421419,66.877216,45.833,1459.081,-50.648
1767,66571.21,66570.942,66742.726,43434.05,66905.378,66905.113,67043.291,67043.603,67042.456,67042.988,-0.137875,0.000303,0.000615,-0.000532,-0.300262,-0.334436,0.000268,-0.171516,66.57121,66.570942,66.742726,43.43405,66.905378,22.152,1481.233,137.488
1768,66316.321,66316.039,66738.136,43232.806,66655.006,66654.859,67045.021,67045.969,67043.139,67044.421,-0.389562,0.0006,0.001548,-0.001282,-0.306285,-0.338967,0.000282,-0.421815,66.316321,66.316039,66.738136,43.232806,66.655006,-254.889,1226.344,-530.24
1769,66157.434,66157.15,66728.978,43085.611,66511.654,66511.32,67044.001,67044.047,67039.359,67043.208,-0.531888,0.000793,0.000839,-0.003849,-0.31423,-0.354504,0.000284,-0.571544,66.157434,66.15715,66.728978,43.085611,66.511654,-158.887,1067.457,-419.564
1770,66121.326,66121.061,66690.216,43148.821,66476.785,66476.279,67012.013,67013.071,67008.781,67011.659,-0.53538,0.000354,0.001412,-0.002878,-0.321443,-0.355724,0.000265,-0.56889,66.121326,66.121061,66.690216,43.148821,66.476785,-36.108,1031.349,-671.997
1771,66317.61,66317.325,66681.071,43272.116,66681.294,66681.031,67012.006,67013.115,67008.346,67011.627,-0.330596,0.000379,0.001488,-0.003281,-0.330556,-0.363969,0.000285,-0.363461,66.31761,66.317325,66.681071,43.272116,66.681294,196.284,1227.633,-233.148
1772,66345.947,66345.664,66668.109,43189.644,66755.577,66755.225,67010.038,67010.817,67005.006,67008.944,-0.253719,0.001094,0.001873,-0.003938,-0.340835,-0.409913,0.000283,-0.322162,66.345947,66.345664,66.668109,43.189644,66.755577,28.337,1255.97,-393.874
1773,66329.645,66329.379,66628.649,43149.583,66705.51,66705.012,66975.057,66976.048,66971.351,66974.004,-0.268992,0.001053,0.002044,-0.002653,-0.345355,-0.376131,0.000266,-0.299004,66.329645,66.329379,66.628649,43.149583,66.70551,-16.302,1239.668,-202.246
1774,66589.758,66589.525,66619.233,43416.055,66929.283,66928.761,66974.081,66974.812,66971.247,66972.738,-0.043977,0.001343,0.002074,-0.001491,-0.353505,-0.339758,0.000233,-0.029475,66.589758,66.589525,66.619233,43.416055,66.929283,260.113,1499.781,125.226
1775,66490.623,66490.433,66606.225,43452.57,66819.327,66818.777,66969.724,66968.262,66965.103,66967.658,-0.148881,0.002066,0.000604,-0.002555,-0.361433,-0.328894,0.00019,-0.115602,66.490623,66.490433,66.606225,43.45257,66.819327,-99.135,1400.646,-78.782
1776,66595.509,66595.334,66566.52,43560.027,66921.366,66920.986,66933.952,66932.905,66930.969,66931.471,-0.010485,0.002481,0.001434,-0.000502,-0.364951,-0.326032,0.000175,0.028989,66.595509,66.595334,66.56652,43.560027,66.921366,104.886,1505.532,183.525
1777,66292.985,66292.796,66560.795,43242.431,66623.07,66622.611,66929.962,66928.492,66929.225,66928.09,-0.305479,0.001872,0.000402,0.001135,-0.367295,-0.330274,0.000189,-0.26781,66.292985,66.292796,66.560795,43.242431,66.62307,-302.524,1203.008,-502.026
1778,66198.443,66198.241,66547.924,43143.153,66529.876,66529.406,66924.694,66923.048,66924.461,66923.504,-0.394098,0.00119,-0.000456,0.000957,-0.37558,-0.331635,0.000202,-0.349481,66.198443,66.198241,66.547924,43.143153,66.529876,-94.542,1108.466,-212.818
1779,66353.02,66352.805,66506.631,43283.425,66695.37,66694.954,66887.497,66886.057,66886.738,66886.344,-0.19139,0.001153,-0.000287,0.000394,-0.379713,-0.342565,0.000215,-0.153611,66.35302,66.352805,66.506631,43.283425,66.69537,154.577,1263.043,-210.75
1780,66379.814,66379.623,66492.829,43284.87,66716.502,66716.016,66879.684,66879.436,66880.718,66878.963,-0.162947,0.000721,0.000473,0.001755,-0.386134,-0.336879,0.000191,-0.113015,66.379814,66.379623,66.492829,43.28487,66.716502,26.794,1289.837,-239.421
1781,66166.982,66166.821,66479.304,43063.016,66582.246,66581.617,66872.101,66872.144,66872.933,66872.116,-0.290499,-1.5E-05,2.8E-05,0.000817,-0.392812,-0.415425,0.000161,-0.312322,66.166982,66.166821,66.479304,43.063016,66.582246,-212.832,1077.005,-508.743
1782,66147.31,66147.142,66435.396,43035.906,66611.337,66610.538,66837.493,66838.882,66838.185,66838.188,-0.22765,-0.000695,0.000694,-3E-06,-0.402792,-0.464195,0.000168,-0.288086,66.14731,66.147142,66.435396,43.035906,66.611337,-19.672,1057.333,-377.608
1783,66204.341,66204.201,66420.613,43181.224,66671.087,66670.153,66832.003,66833.245,66832.673,66832.674,-0.162521,-0.000671,0.000571,-1E-06,-0.412061,-0.466886,0.00014,-0.216272,66.204341,66.204201,66.420613,43.181224,66.671087,57.031,1114.364,-464.662
1784,66117.654,66117.541,66405.491,43192.736,66574.583,66573.783,66824.633,66825.961,66825.694,66826.191,-0.252408,-0.001558,-0.00023,-0.000497,-0.4207,-0.457042,0.000113,-0.287837,66.117654,66.117541,66.405491,43.192736,66.574583,-86.687,1027.677,-568.662
1785,66260.592,66260.456,66364.609,43279.383,66721.219,66720.462,66792.655,66793.778,66793.182,66793.525,-0.073063,-0.00087,0.000253,-0.000343,-0.428916,-0.460763,0.000136,-0.104017,66.260592,66.260456,66.364609,43.279383,66.721219,142.938,1170.615,-218.437
1786,66476.399,66476.265,66349.387,43406.311,66906.884,66905.995,66791.19,66792.095,66790.853,66790.651,0.115344,0.000539,0.001444,0.000202,-0.441264,-0.430619,0.000134,0.127012,66.476399,66.476265,66.349387,43.406311,66.906884,215.807,1386.422,-243.181
1787,66224.626,66224.382,66332.614,43099.191,66702.254,66701.564,66786.221,66784.989,66785.691,66785.105,-0.083541,0.001116,-0.000116,0.000586,-0.452491,-0.477872,0.000244,-0.107988,66.224626,66.224382,66.332614,43.099191,66.702254,-251.773,1134.649,-629.807
1788,66154.486,66154.604,66290.524,43048.125,66665.881,66665.257,66753.586,66752.949,66753.89,66752.324,-0.087067,0.001262,0.000625,0.001566,-0.4618,-0.511277,-0.000118,-0.136038,66.154486,66.154604,66.290524,43.048125,66.665881,-70.14,1064.509,-530.752
1789,66205.435,66205.574,66277.92,43144.23,66744.941,66744.377,66754.219,66752.946,66753.006,66752.814,-0.008437,0.001405,0.000132,0.000192,-0.474894,-0.539367,-0.000139,-0.072485,66.205435,66.205574,66.27792,43.14423,66.744941,50.949,1115.458,-485.677
1790,66258.472,66258.425,66229.156,43336.531,66834.73,66834.359,66749.191,66747.234,66748.827,66749.145,0.085214,4.6E-05,-0.001911,-0.000318,-0.519989,-0.576305,4.7E-05,0.029316,66.258472,66.258425,66.229156,43.336531,66.83473,53.037,1168.495,-368.257
1791,66464.334,66464.12,66157.084,43598.711,67014.474,67014.193,66714.582,66713.628,66715.548,66716.355,0.297838,-0.001773,-0.002727,-0.000807,-0.559271,-0.550354,0.000214,0.30725,66.464334,66.46412,66.157084,43.598711,67.014474,205.862,1374.357,169.591
1792,66647.523,66647.389,66115.963,43715.159,67239.921,67239.933,66712.36,66712.52,66713.554,66715.629,0.524304,-0.003269,-0.003109,-0.002075,-0.599666,-0.592532,0.000134,0.53156,66.647523,66.647389,66.115963,43.715159,67.239921,183.189,1557.546,333.217
1793,66273.699,66273.64,66066.973,43368.723,66962.071,66962.358,66706.528,66705.082,66707.42,66709.642,0.252716,-0.003114,-0.00456,-0.002222,-0.642669,-0.688431,5.9E-05,0.206726,66.273699,66.27364,66.066973,43.368723,66.962071,-373.824,1183.722,-112.284
1794,66064.329,66064.104,65994.707,43212.26,66790.036,66790.232,66670.35,66670.385,66673.107,66673.712,0.11652,-0.003362,-0.003327,-0.000605,-0.679005,-0.725932,0.000225,0.069622,66.064329,66.064104,65.994707,43.21226,66.790036,-209.37,974.352,-71.782
1795,66101.752,66101.441,65952.275,43336.16,66860.278,66860.351,66669.251,66669.833,66672.307,66672.114,0.188237,-0.002863,-0.002281,0.000193,-0.719839,-0.758837,0.000311,0.149477,66.101752,66.101441,65.952275,43.33616,66.860278,37.423,1011.775,-68.156
1796,66310.55,66310.323,65900.944,43522.024,67076.58,67077.044,66662.24,66662.13,66663.612,66663.718,0.413326,-0.001478,-0.001588,-0.000106,-0.762774,-0.766257,0.000227,0.409606,66.31055,66.310323,65.900944,43.522024,67.07658,208.798,1220.573,237.134
1797,66281.216,66281.009,65826.118,43576.347,67047.917,67047.858,66626.409,66626.957,66629.564,66627.486,0.420372,-0.001077,-0.000529,0.002078,-0.801368,-0.766908,0.000207,0.455098,66.281216,66.281009,65.826118,43.576347,67.047917,-29.334,1191.239,207.32
1798,66143.559,66143.378,65784.591,43568.154,66925.801,66925.717,66620.997,66623.284,66624.468,66622.264,0.303453,-0.001267,0.00102,0.002204,-0.837673,-0.782423,0.000181,0.358968,66.143559,66.143378,65.784591,43.568154,66.925801,-137.657,1053.582,1.671
1799,66139.56,66139.395,65736.569,43443.274,67026.613,67026.67,66614.66,66616.642,66615.477,66615.529,0.411141,-0.000869,0.001113,-5.2E-05,-0.87896,-0.887218,0.000165,0.402991,66.13956,66.139395,65.736569,43.443274,67.026613,-3.999,1049.583,141.103
1800,65880.194,65880.181,65642.509,43150.303,66915.366,66915.423,66577.382,66580.491,66578.642,66577.571,0.337852,-0.000189,0.00292,0.001071,-0.935062,-1.035185,1.3E-05,0.237685,65.880194,65.880181,65.642509,43.150303,66.915366,-259.366,790.217,-374.422
1801,65784.581,65784.673,65580.478,43161.912,66904.532,66904.461,66573.546,66576.022,66574.337,66572.742,0.331719,0.000804,0.00328,0.001595,-0.992264,-1.119859,-9.2E-05,0.204103,65.784581,65.784673,65.580478,43.161912,66.904532,-95.613,694.604,-234.412
1802,65845.919,65846.127,65514.673,43350.078,67046.723,67046.52,66563.542,66565.591,66562.482,66561.693,0.484827,0.001849,0.003898,0.000789,-1.04702,-1.200596,-0.000208,0.331246,65.845919,65.846127,65.514673,43.350078,67.046723,61.338,755.942,-230.927
1803,65682.61,65682.787,65418.509,43357.267,66951.855,66951.964,66525.837,66527.892,66524.813,66523.246,0.428718,0.002591,0.004646,0.001567,-1.104737,-1.269068,-0.000177,0.264101,65.68261,65.682787,65.418509,43.357267,66.951855,-163.309,592.633,-381.329
1804,65739.332,65739.524,65355.008,43544.596,67073.876,67074.29,66521.543,66523.063,66520.5,66518.983,0.555307,0.00256,0.00408,0.001517,-1.163975,-1.334352,-0.000192,0.384324,65.739332,65.739524,65.355008,43.544596,67.073876,56.722,649.355,-92.206
1805,65697.728,65698.004,65290.535,43558.646,67073.147,67073.261,66512.876,66513.186,66510.494,66510.155,0.563106,0.002721,0.003031,0.000339,-1.21962,-1.375143,-0.000276,0.407193,65.697728,65.698004,65.290535,43.558646,67.073147,-41.604,607.751,-363.985
1806,65608.774,65609.052,65197.713,43537.204,67051.172,67051.153,66470.768,66471.513,66468.417,66468.72,0.582433,0.002048,0.002793,-0.000303,-1.271007,-1.44212,-0.000278,0.411061,65.608774,65.609052,65.197713,43.537204,67.051172,-88.954,518.797,-8.72
1807,65575.307,65575.566,65134.616,43568.139,67081.112,67081.324,66465.723,66465.109,66463.095,66464.417,0.616907,0.001306,0.000692,-0.001322,-1.329801,-1.505546,-0.000259,0.440691,65.575307,65.575566,65.134616,43.568139,67.081112,-33.467,485.33,-391.51
1808,65442.451,65442.757,65065.892,43393.25,67004.422,67004.387,66456.686,66455.488,66454.003,66455.87,0.548517,0.000816,-0.000382,-0.001867,-1.389978,-1.561665,-0.000306,0.376559,65.442451,65.442757,65.065892,43.39325,67.004422,-132.856,352.474,-363.686
1809,65264.93,65265.23,64976.113,43302.376,66834.56,66834.315,66417.794,66418.022,66416.038,66417.265,0.41705,0.000529,0.000757,-0.001227,-1.441152,-1.56933,-0.0003,0.288817,65.26493,65.26523,64.976113,43.302376,66.83456,-177.521,174.953,-423.644
1810,64930.797,64931.072,64883.163,43254.296,66492.564,66492.187,66412.07,66412.369,66410.976,66411.337,0.08085,0.000733,0.001032,-0.000361,-1.528174,-1.561492,-0.000275,0.047634,64.930797,64.931072,64.883163,43.254296,66.492564,-334.133,-159.18,-876.769
1811,64684.043,64684.33,64786.98,43029.081,66290.804,66290.508,66407.025,66406.791,66406.463,66406.455,-0.115947,0.00057,0.000336,8E-06,-1.619475,-1.606474,-0.000287,-0.102937,64.684043,64.68433,64.78698,43.029081,66.290804,-246.754,-405.934,-1142.39
1812,64761.702,64761.967,64667.582,42860.412,66437.398,66436.874,66370.904,66371.681,66370.743,66370.347,0.066527,0.000557,0.001334,0.000396,-1.702765,-1.675431,-0.000265,0.09412,64.761702,64.761967,64.667582,42.860412,66.437398,77.659,-328.275,-1244.53
1813,64538.661,64538.808,64574.464,42763.389,66344.475,66343.898,66366.775,66366.919,66366.304,66365.677,-0.021779,0.001098,0.001242,0.000627,-1.791213,-1.805667,-0.000147,-0.035803,64.538661,64.538808,64.574464,42.763389,66.344475,-223.041,-551.316,-1366.127
1814,64709.836,64709.837,64478.843,43090.972,66594.405,66594.357,66359.763,66358.632,66360.052,66359.378,0.234979,0.000385,-0.000746,0.000674,-1.880535,-1.884568,-1E-06,0.230993,64.709836,64.709837,64.478843,43.090972,66.594405,171.175,-380.141,-1030.215
1815,64502.379,64502.307,64358.464,42982.355,66492.592,66492.407,66323.207,66322.955,66325.064,66323.909,0.168498,-0.000702,-0.000954,0.001155,-1.965445,-1.990285,7.2E-05,0.143915,64.502379,64.502307,64.358464,42.982355,66.492592,-207.457,-587.598,-1484.661
1816,64301.895,64301.785,64268.187,42886.504,66370.191,66370.027,66315.428,66316.262,66317.404,66316.87,0.053157,-0.001442,-0.000608,0.000534,-2.048683,-2.068406,0.00011,0.033708,64.301895,64.301785,64.268187,42.886504,66.370191,-200.484,-788.082,-974.448
1817,64153.502,64153.39,64174.081,42836.393,66302.662,66302.878,66308.249,66308.152,66310.667,66310.317,-0.007439,-0.002068,-0.002165,0.00035,-2.136236,-2.149272,0.000112,-0.020579,64.153502,64.15339,64.174081,42.836393,66.302662,-148.393,-936.475,-1103.304
1818,63872.078,63871.955,64053.731,42626.235,66098.319,66098.224,66270.007,66271.205,66274.944,66272.769,-0.174545,-0.002762,-0.001564,0.002175,-2.219038,-2.226364,0.000123,-0.181653,63.872078,63.871955,64.053731,42.626235,66.098319,-281.424,-1217.899,-1202.311
1819,63764.851,63764.699,63963.661,42632.119,66002.422,66002.235,66264.247,66265.743,66269.628,66267.383,-0.265148,-0.003136,-0.00164,0.002245,-2.303722,-2.237723,0.000152,-0.19881,63.764851,63.764699,63.963661,42.632119,66.002422,-107.227,-1325.126,-1447.456
1820,63703.054,63702.906,63821.957,42665.021,65983.794,65984.125,66253.415,66254.716,66259.877,66257.308,-0.273183,-0.003893,-0.002592,0.002569,-2.435351,-2.280888,0.000148,-0.118903,63.703054,63.702906,63.821957,42.665021,65.983794,-61.797,-1386.923,-1677.838
1821,63314.354,63314.242,63652.961,42412.543,65703.225,65703.719,66216.585,66217.577,66223.982,66220.302,-0.516583,-0.003717,-0.002725,0.00368,-2.567341,-2.388983,0.000112,-0.338607,63.314354,63.314242,63.652961,42.412543,65.703225,-388.7,-1775.623,-2093.249
1822,63236.46,63236.37,63514.416,42442.323,65742.079,65742.238,66207.968,66208.501,66213.97,66210.503,-0.468265,-0.002535,-0.002002,0.003467,-2.696087,-2.505709,9E-05,-0.277956,63.23646,63.23637,63.514416,42.442323,65.742079,-77.894,-1853.517,-1959.388
1823,63328.215,63328.122,63371.256,42686.982,65913.043,65913.186,66195.252,66195.632,66199.323,66196.88,-0.283694,-0.001628,-0.001248,0.002443,-2.825624,-2.584921,9.3E-05,-0.043041,63.328215,63.328122,63.371256,42.686982,65.913043,91.755,-1761.762,-2010.521
1824,63315.578,63315.496,63201.113,42815.861,65953.382,65953.519,66154.431,66155.562,66157.566,66155.755,-0.202236,-0.001324,-0.000193,0.001811,-2.954642,-2.637886,8.2E-05,0.114465,63.315578,63.315496,63.201113,42.815861,65.953382,-12.637,-1774.399,-1977.968
1825,62965.487,62965.475,63058.628,42636.317,65757.998,65758.243,66150.015,66150.2,66151.205,66150.283,-0.39204,-0.000268,-8.3E-05,0.000922,-3.091655,-2.792523,1.2E-05,-0.093141,62.965487,62.965475,63.058628,42.636317,65.757998,-350.091,-2124.49,-2473.913
1826,62496.3,62496.381,62915.774,42273.656,65466.304,65466.264,66138.206,66138.354,66136.332,66137.471,-0.671207,0.000735,0.000883,-0.001139,-3.221697,-2.969923,-8.1E-05,-0.419474,62.4963,62.496381,62.915774,42.273656,65.466304,-469.187,-2593.677,-2763.734
1827,62586.828,62586.939,62750.85,42455.547,65697.742,65697.357,66101.049,66101.828,66098.683,66100.223,-0.402866,0.000826,0.001605,-0.00154,-3.349373,-3.110803,-0.000111,-0.164022,62.586828,62.586939,62.75085,42.455547,65.697742,90.528,-2503.149,-2401.735
1828,62597.093,62597.259,62615.298,42580.135,65857.233,65857.148,66096.455,66096.751,66093.12,66095.217,-0.238069,0.001238,0.001534,-0.002097,-3.479919,-3.259974,-0.000166,-0.018205,62.597093,62.597259,62.615298,42.580135,65.857233,10.265,-2492.884,-2608.025
1829,62503.18,62503.381,62474.337,42625.105,65948.033,65947.76,66089.568,66088.788,66084.336,66087.616,-0.139856,0.001952,0.001172,-0.00328,-3.613279,-3.444652,-0.000201,0.028843,62.50318,62.503381,62.474337,42.625105,65.948033,-93.913,-2586.797,-2452.152
1830,62362.207,62362.395,62236.859,42718.133,66043.801,66043.734,66050.266,66051.421,66046.275,66047.881,-0.004147,0.002385,0.00354,-0.001606,-3.811022,-3.681406,-0.000188,0.125348,62.362207,62.362395,62.236859,42.718133,66.043801,-140.973,-2727.77,-2534.885
1831,62240.989,62241.169,62031.216,42791.957,66123.245,66123.399,66045.529,66046.491,66042.199,66043.022,0.080377,0.002507,0.003469,-0.000823,-4.011806,-3.882076,-0.00018,0.209773,62.240989,62.241169,62.031216,42.791957,66.123245,-121.218,-2848.988,-2661.366
1832,61922.036,61922.244,61821.181,42679.487,66023.119,66023.368,66035.609,66036.264,66032.815,66033.091,-0.009723,0.002518,0.003173,-0.000276,-4.21191,-4.100875,-0.000208,0.100855,61.922036,61.922244,61.821181,42.679487,66.023119,-318.953,-3167.941,-2777.15
1833,61811.559,61811.76,61590.996,42733.969,66137.556,66137.878,65996.048,65997.982,65994.969,65993.648,0.14423,0.0024,0.004334,0.001321,-4.402652,-4.325796,-0.000201,0.220563,61.811559,61.81176,61.590996,42.733969,66.137556,-110.477,-3278.418,-2682.886
1834,61656.889,61657.074,61390.331,42757.289,66175.217,66176,65988.834,65990.718,65989.111,65986.597,0.189403,0.002237,0.004121,0.002514,-4.596266,-4.518143,-0.000185,0.266558,61.656889,61.657074,61.390331,42.757289,66.175217,-154.67,-3433.088,-2694.339
1835,61389.768,61390.001,61183.482,42714.136,66054.424,66055.437,65976.981,65977.837,65978.582,65975.542,0.079895,0.001439,0.002295,0.00304,-4.79206,-4.664423,-0.000233,0.206286,61.389768,61.390001,61.183482,42.714136,66.054424,-267.121,-3700.209,-2763.392
1836,61164.386,61164.525,60952.967,42770.439,65989.644,65990.324,65931.975,65933.972,65936.268,65930.49,0.059834,0.001485,0.003482,0.005778,-4.977523,-4.825119,-0.000139,0.211419,61.164386,61.164525,60.952967,42.770439,65.989644,-225.382,-3925.591,-2843.343
1837,61029.99,61030.057,60757.29,42803.47,66039.845,66040.555,65923.967,65925.633,65930.506,65922.19,0.118365,0.001777,0.003443,0.008316,-5.1649,-5.009788,-6.7E-05,0.2727,61.02999,61.030057,60.75729,42.80347,66.039845,-134.396,-4059.987,-2887.932
1838,60785.513,60785.581,60548.952,42635.106,66016.307,66017.232,65911.694,65912.756,65919.741,65910.754,0.106478,0.00094,0.002002,0.008987,-5.361802,-5.230726,-6.8E-05,0.236561,60.785513,60.785581,60.548952,42.635106,66.016307,-244.477,-4304.464,-3163.578
1839,60649.817,60649.919,60317.52,42591.729,66029.637,66030.678,65871.122,65872.201,65879.246,65870.426,0.160252,0.000696,0.001775,0.00882,-5.552906,-5.379718,-0.000102,0.332297,60.649817,60.649919,60.31752,42.591729,66.029637,-135.696,-4440.16,-3194.861
1840,60177.101,60177.164,60049.065,42379.483,65820.956,65821.635,65863.425,65864.225,65869.946,65862.558,-0.040923,0.000867,0.001667,0.007388,-5.813493,-5.643792,-6.3E-05,0.128036,60.177101,60.177164,60.049065,42.379483,65.820956,-472.716,-4912.876,-3836.618
1841,59658.949,59658.992,59775.692,42088.091,65548.462,65548.933,65856.019,65854.284,65860.042,65855.126,-0.306193,0.000893,-0.000842,0.004916,-6.079434,-5.88947,-4.3E-05,-0.116743,59.658949,59.658992,59.775692,42.088091,65.548462,-518.152,-5431.028,-4312.318
1842,59748.992,59749.013,59474.056,42322.147,65943.786,65944.26,65817.666,65816.32,65821.542,65817.684,0.126576,-1.8E-05,-0.001364,0.003858,-6.343628,-6.194773,-2.1E-05,0.274936,59.748992,59.749013,59.474056,42.322147,65.943786,90.043,-5340.985,-3688.047
1843,59799.012,59799.008,59197.365,42679.673,66319.788,66319.939,65813.012,65811.95,65816.284,65813.674,0.506265,-0.000662,-0.001724,0.00261,-6.616309,-6.52078,4E-06,0.601647,59.799012,59.799008,59.197365,42.679673,66.319788,50.02,-5290.965,-3877.732
1844,59389.795,59389.798,58920.509,42625.3,66204.726,66204.755,65805.525,65805.013,65808.406,65806.704,0.398051,-0.001179,-0.001691,0.001702,-6.886195,-6.814928,-3E-06,0.469286,59.389795,59.389798,58.920509,42.6253,66.204726,-409.217,-5700.182,-4012.441
1845,58805.915,58805.893,58620.19,42366.368,65904.18,65904.162,65768.001,65768.755,65771.925,65770.014,0.134148,-0.002013,-0.001259,0.001911,-7.149824,-7.098287,2.2E-05,0.185725,58.805915,58.805893,58.62019,42.366368,65.90418,-583.88,-6284.062,-4808.454
1846,58469.701,58469.625,58347.787,42385.649,65799.317,65798.861,65761.739,65763.973,65765.456,65764.137,0.034724,-0.002398,-0.000164,0.001319,-7.41635,-7.329692,7.6E-05,0.121914,58.469701,58.469625,58.347787,42.385649,65.799317,-336.214,-6620.276,-4626.309
1847,58406.113,58406.008,58075.954,42615.486,65996.137,65995.573,65755.367,65758.239,65759.511,65759.029,0.236544,-0.003662,-0.00079,0.000482,-7.683075,-7.590129,0.000105,0.330159,58.406113,58.406008,58.075954,42.615486,65.996137,-63.588,-6683.864,-4795.509
1848,58190.51,58190.391,57774.362,42652.117,66048.831,66048.461,65715.006,65719.27,65720.547,65720.046,0.328415,-0.00504,-0.000776,0.000501,-7.945684,-7.85844,0.000119,0.416148,58.19051,58.190391,57.774362,42.652117,66.048831,-215.603,-6899.467,-4722.745
1849,58009.414,58009.287,57498.26,42736.019,66095.146,66094.368,65709.076,65712.427,65712.993,65713.321,0.381047,-0.004245,-0.000894,-0.000328,-8.215061,-8.085859,0.000127,0.511154,58.009414,58.009287,57.49826,42.736019,66.095146,-181.096,-7080.563,-4949.854
1850,57421.73,57421.616,57138.414,42397.185,65886.135,65885.866,65701.364,65703.53,65703.679,65704.047,0.181819,-0.002683,-0.000517,-0.000368,-8.565633,-8.464519,0.000114,0.283316,57.42173,57.421616,57.138414,42.397185,65.886135,-587.684,-7668.247,-5838.766
1851,56525.468,56525.399,56760.061,41747.689,65396.162,65396.387,65666.587,65668.17,65668.907,65668.555,-0.272168,-0.001968,-0.000385,0.000352,-8.908494,-8.870763,6.9E-05,-0.234593,56.525468,56.525399,56.760061,41.747689,65.396162,-896.262,-8564.509,-6455.763
1852,56210.345,56210.314,56409.846,41872.191,65440.236,65440.23,65662.391,65663.164,65663.929,65663.512,-0.223282,-0.001121,-0.000348,0.000417,-9.253666,-9.229922,3.1E-05,-0.199501,56.210345,56.210314,56.409846,41.872191,65.440236,-315.123,-8879.632,-6554.437
1853,56201.922,56201.843,56062.393,42300.429,65839.94,65840.228,65654.724,65654.108,65655.116,65655.19,0.185038,-0.000466,-0.001082,-7.4E-05,-9.592797,-9.638097,7.9E-05,0.139529,56.201922,56.201843,56.062393,42.300429,65.83994,-8.423,-8888.055,-6031.14
1854,55535.763,55535.521,55686.19,42007.135,65556.808,65557.532,65614.842,65614.728,65615.616,65615.39,-0.057858,-0.000548,-0.000662,0.000226,-9.9292,-10.021287,0.000242,-0.150427,55.535763,55.535521,55.68619,42.007135,65.556808,-666.159,-9554.214,-7079.161
1855,54899.7,54901.248,55334.697,41810.391,65284.789,65285.38,65609.602,65607.816,65609.226,65609.098,-0.323718,0.000504,-0.001282,0.000128,-10.274401,-10.383541,-0.001548,-0.434997,54.8997,54.901248,55.334697,41.810391,65.284789,-636.063,-10190.277,-7156.906
1856,54467.249,54482.054,54972.684,41702.478,65220.81,65221.305,65599.277,65595.599,65597.418,65597.381,-0.376076,0.001896,-0.001782,3.7E-05,-10.624697,-10.738756,-0.014805,-0.505435,54.467249,54.482054,54.972684,41.702478,65.22081,-432.451,-10622.728,-7713.381
1857,53973.414,53992.811,54598.557,41547.266,65084.21,65084.842,65559.163,65556.776,65558.932,65557.614,-0.472772,0.001549,-0.000838,0.001318,-10.959057,-11.091399,-0.019397,-0.625143,53.973414,53.992811,54.598557,41.547266,65.08421,-493.835,-11116.563,-7956.733
1858,53943.967,53972.031,54234.633,41946.218,65357.381,65357.798,65549.062,65548.27,65550.536,65548.104,-0.190306,0.000958,0.000166,0.002432,-11.313471,-11.38535,-0.028064,-0.290666,53.943967,53.972031,54.234633,41.946218,65.357381,-29.447,-11146.01,-7706.684
1859,53674.528,53713.347,53876.12,42008.063,65431.793,65432.237,65537.027,65536.354,65538.042,65536.681,-0.104444,0.000346,-0.000327,0.001361,-11.660561,-11.718446,-0.038819,-0.201592,53.674528,53.713347,53.87612,42.008063,65.431793,-269.439,-11415.449,-8029.629
1860,53310.948,53360.412,53724.931,41638.209,65248.373,65249.007,65494.039,65495.293,65496.141,65494.199,-0.245192,-0.00016,0.001094,0.001942,-11.769268,-11.887961,-0.049464,-0.413983,53.310948,53.360412,53.724931,41.638209,65.248373,-363.58,-11779.029,-8492.059
1861,52912.398,52974.08,53608.503,41404.126,65001.767,65001.627,65484.917,65486.369,65487.617,65485.608,-0.483981,-0.000691,0.000761,0.002009,-11.877105,-12.027687,-0.061682,-0.696105,52.912398,52.97408,53.608503,41.404126,65.001767,-398.55,-12177.579,-9118.208
1862,52275.635,52350.96,53483.972,41050.031,64455.057,64452.628,65472.735,65472.72,65475.65,65472.932,-1.020304,-0.000197,-0.000212,0.002718,-11.98896,-12.104097,-0.075325,-1.208337,52.275635,52.35096,53.483972,41.050031,64.455057,-636.763,-12814.342,-9991.652
1863,51800.15,51890.073,53334.954,40887.369,64041.103,64036.121,65433.653,65431.878,65437.079,65431.346,-1.395225,0.002307,0.000532,0.005733,-12.096392,-12.15103,-0.089923,-1.534804,51.80015,51.890073,53.334954,40.887369,64.041103,-475.485,-13289.827,-10598.098
1864,51807.152,51912.685,53207.674,41067.969,64187.511,64178.581,65429.642,65426.045,65433.169,65424.665,-1.246084,0.004977,0.00138,0.008504,-12.216991,-12.274826,-0.105533,-1.400522,51.807152,51.912685,53.207674,41.067969,64.187511,7.002,-13282.825,-10455.404
1865,51887.25,52009.974,53079.554,41328.364,64435.93,64422.34,65423.878,65417.97,65427.952,65417.573,-0.995233,0.006305,0.000397,0.010379,-12.338019,-12.425956,-0.122724,-1.192304,51.88725,52.009974,53.079554,41.328364,64.43593,80.098,-13202.727,-10509.742
1866,51808.332,51950.222,52922.379,41440.043,64495.586,64477.247,65385.525,65378.218,65390.494,65376.967,-0.89972,0.008558,0.001251,0.013527,-12.454588,-12.545364,-0.14189,-1.114047,51.808332,51.950222,52.922379,41.440043,64.495586,-78.918,-13281.645,-10737.73
1867,51432.367,51594.337,52798.161,41217.652,64246.652,64223.563,65382.901,65373.161,65388.615,65371.689,-1.148126,0.011212,0.001472,0.016926,-12.573528,-12.652315,-0.16197,-1.365794,51.432367,51.594337,52.798161,41.217652,64.246652,-375.965,-13657.61,-11317.032
1868,51379.783,51563.537,52667.105,41272.176,64337.523,64307.798,65374.546,65362.658,65382.186,65362.336,-1.054538,0.01221,0.000322,0.01985,-12.695231,-12.773986,-0.183754,-1.287322,51.379783,51.563537,52.667105,41.272176,64.337523,-52.584,-13710.194,-11116.866
1869,51118.111,51325.339,52505.061,41125.224,64174.663,64139.991,65338.779,65324.902,65348.828,65325.116,-1.185125,0.013663,-0.000214,0.023712,-12.820055,-12.849324,-0.207228,-1.38695,51.118111,51.325339,52.505061,41.125224,64.174663,-261.672,-13971.866,-11650.722
1870,50198.598,50430.324,51903.592,40869.737,63838.115,63797.251,65333.653,65317.419,65346.892,65317.901,-1.52065,0.015752,-0.000482,0.028991,-13.414309,-13.407791,-0.231726,-1.704994,50.198598,50.430324,51.903592,40.869737,63.838115,-919.513,-14891.379,-11917.414
1871,49641.935,49899.254,51308.583,40849.417,63857.444,63807.385,65327.24,65307.724,65343.029,65309.916,-1.502531,0.017324,-0.002192,0.033113,-14.001333,-13.95819,-0.257319,-1.666648,49.641935,49.899254,51.308583,40.849417,63.857444,-556.663,-15448.042,-12080.632
1872,48823.023,49108.892,50690.104,40564.337,63582.018,63522.614,65291.454,65271.158,65310.995,65273.305,-1.750691,0.018149,-0.002147,0.03769,-14.583201,-14.473126,-0.285869,-1.867081,48.823023,49.108892,50.690104,40.564337,63.582018,-818.912,-16266.954,-12782.643
1873,48100.946,48416.174,50094.454,40430.625,63421.758,63350.9,65291.504,65268.458,65312.143,65271.075,-1.920175,0.020429,-0.002617,0.041068,-15.176621,-15.005584,-0.315228,-1.993508,48.100946,48.416174,50.094454,40.430625,63.421758,-722.077,-16989.031,-13055.165
1874,47582.285,47928.895,49490.188,40565.83,63429.532,63346.46,65287.428,65261.901,65309.149,65265.008,-1.918548,0.02242,-0.003107,0.044141,-15.77482,-15.500637,-0.34661,-1.907903,47.582285,47.928895,49.490188,40.56583,63.429532,-518.661,-17507.692,-13229.277
1875,47031.579,47412.194,48863.385,40621.833,63485.613,63389.851,65256.514,65227.289,65279.948,65230.082,-1.840231,0.026432,-0.002793,0.049866,-16.366697,-16.073419,-0.380615,-1.831806,47.031579,47.412194,48.863385,40.621833,63.485613,-550.706,-18058.398,-13435.167
1876,46422.145,46837.21,48251.223,40636.994,63451.591,63340.268,65257.367,65225.113,65283.808,65227.007,-1.886739,0.03036,-0.001894,0.056801,-16.975784,-16.614381,-0.415065,-1.829078,46.422145,46.83721,48.251223,40.636994,63.451591,-609.434,-18667.832,-13787.292
1877,46047.203,46499.836,47650.978,40907.1,63631.19,63501.673,65258.436,65222.476,65288.876,65224.655,-1.722982,0.033781,-0.002179,0.064221,-17.573677,-17.131354,-0.452633,-1.603775,46.047203,46.499836,47.650978,40.9071,63.63119,-374.942,-19042.774,-13804.389
1878,45458.853,45951.293,47028.073,40849.073,63596.477,63451.938,65225.501,65187.67,65262.245,65188.35,-1.736412,0.037151,-0.00068,0.073895,-18.160277,-17.645184,-0.49244,-1.56922,45.458853,45.951293,47.028073,40.849073,63.596477,-588.35,-19631.124,-14343.155
1879,44708.661,45242.531,46425.8,40623.179,63406.994,63246.29,65225.04,65183.59,65268.401,65183.837,-1.937547,0.041203,-0.000247,0.084564,-18.758037,-18.164463,-0.53387,-1.717139,44.708661,45.242531,46.4258,40.623179,63.406994,-750.192,-20381.316,-14845.798
1880,44618.05,45199.178,46137.962,40841.86,63620.305,63438.54,65219.792,65174.186,65269.032,65174.443,-1.735903,0.045349,-0.000257,0.094589,-19.036481,-18.421127,-0.581128,-1.519912,44.61805,45.199178,46.137962,40.84186,63.620305,-90.611,-20471.927,-14764.788
1881,44389.787,45019.07,45829.215,40819.326,63662.844,63462.191,65187.037,65136.714,65242.52,65137.043,-1.674852,0.049994,-0.000329,0.105477,-19.307828,-18.643774,-0.629283,-1.439428,44.389787,45.01907,45.829215,40.819326,63.662844,-228.263,-20700.19,-15060.298
1882,44006.231,44687.345,45534.989,40692.002,63572.803,63351.853,65185.56,65130.976,65246.513,65131.001,-1.779148,0.054559,-2.5E-05,0.115512,-19.596012,-18.885458,-0.681114,-1.528758,44.006231,44.687345,45.534989,40.692002,63.572803,-383.556,-21083.746,-15311.2
1883,43845.193,44580.792,45237.054,40834.257,63690.594,63446.278,65181.394,65121.019,65246.339,65121.11,-1.674832,0.060284,-9.1E-05,0.125229,-19.884056,-19.109802,-0.735599,-1.391861,43.845193,44.580792,45.237054,40.834257,63.690594,-161.038,-21244.784,-15323.738
1884,43689.017,44482.476,44899.329,41005.478,63894.431,63625.916,65144.89,65080.419,65217.616,65079.998,-1.454082,0.064892,0.000421,0.137618,-20.180669,-19.411955,-0.793459,-1.210312,43.689017,44.482476,44.899329,41.005478,63.894431,-156.176,-21400.96,-15258.154
1885,43453.655,44308.899,44596.965,41128.872,63920.784,63630.879,65144.138,65074.226,65224.957,65074.561,-1.443682,0.069577,-0.000335,0.150396,-20.477596,-19.611885,-0.855244,-1.14331,43.453655,44.308899,44.596965,41.128872,63.920784,-235.362,-21636.322,-15371.893
1886,43042.295,43961.939,44278.684,41009.55,63815.857,63507.448,65140.71,65063.812,65226.882,65064.929,-1.557481,0.075781,-0.001117,0.161953,-20.786245,-19.853918,-0.919644,-1.236389,43.042295,43.961939,44.278684,41.00955,63.815857,-411.36,-22047.682,-15660.92
1887,42663.367,43648.8,43944.327,40902.894,63709.341,63382.35,65110.756,65026.369,65203.702,65027.66,-1.64531,0.083096,-0.001291,0.176042,-21.083333,-20.060541,-0.985433,-1.28096,42.663367,43.6488,43.944327,40.902894,63.709341,-378.928,-22426.61,-15929.518
1888,42248.977,43303.302,43633.864,40739.994,63610.796,63264.388,65111.814,65021.226,65212.194,65022.166,-1.757778,0.089648,-0.00094,0.190028,-21.388302,-20.307494,-1.054325,-1.384887,42.248977,43.303302,43.633864,40.739994,63.610796,-414.39,-22841,-16530.498
1889,41825.059,42953.715,43310.581,40588.842,63488.48,63120.025,65110.293,65013.603,65217.847,65014.895,-1.89487,0.095398,-0.001292,0.202952,-21.704314,-20.534765,-1.128656,-1.485522,41.825059,42.953715,43.310581,40.588842,63.48848,-423.918,-23264.918,-16575.956
1890,41247.579,42450.084,42678.278,40552.267,63521.916,63128.468,65078.003,64977.99,65193.865,64977.054,-1.848586,0.100949,0.000936,0.216811,-22.298776,-21.071832,-1.202505,-1.430699,41.247579,42.450084,42.678278,40.552267,63.521916,-577.48,-23842.398,-16983.875
1891,40444.06,41723.488,42086.69,40298.148,63309.002,62893.011,65081.743,64976.581,65203.577,64974.137,-2.081126,0.107606,0.002444,0.22944,-22.887447,-21.585514,-1.279428,-1.64263,40.44406,41.723488,42.08669,40.298148,63.309002,-803.519,-24645.917,-17636.913
1892,40021.665,41381.621,41478.934,40534.249,63535.414,63090.216,65080.517,64969.825,65209.54,64967.264,-1.877048,0.113253,0.002561,0.242276,-23.48833,-22.153793,-1.359956,-1.457269,40.021665,41.381621,41.478934,40.534249,63.535414,-422.395,-25068.312,-17451.157
1893,39665.25,41109.25,40859.456,40898.753,63765.224,63294.55,65047.963,64932.891,65186.599,64929.679,-1.635129,0.118284,0.003212,0.25692,-24.070223,-22.655974,-1.444,-1.194206,39.66525,41.10925,40.859456,40.898753,63.765224,-356.415,-25424.727,-17563.917
1894,38960.66,40490.3,40267.736,40777.799,63596.988,63108.905,65049.281,64928.721,65196.917,64926.521,-1.817616,0.12276,0.0022,0.270396,-24.658785,-23.106688,-1.52964,-1.307076,38.96066,40.4903,40.267736,40.777799,63.596988,-704.59,-26129.317,-18208.507
1895,38236.612,39855.589,39670.998,40486.634,63440.291,62933.458,65051.52,64924.177,65207.65,64924.614,-1.991156,0.126906,-0.000437,0.283036,-25.253616,-23.584702,-1.618977,-1.434386,38.236612,39.855589,39.670998,40.486634,63.440291,-724.048,-26853.365,-18724.617
1896,37850.681,39562.898,39058.038,40575.739,63700.158,63164.766,65015.676,64884.363,65183.675,64886.363,-1.721597,0.129313,-0.002,0.297312,-25.828325,-24.13726,-1.712217,-1.207357,37.850681,39.562898,39.058038,40.575739,63.700158,-385.931,-27239.296,-18785.1
1897,37113.167,38920.305,38461.09,40402.588,63507.887,62953.531,65012.629,64877.442,65195.883,64882.249,-1.928718,0.13038,-0.004807,0.313634,-26.421159,-24.587582,-1.807138,-1.347923,37.113167,38.920305,38.46109,40.402588,63.507887,-737.514,-27976.81,-19537.583
1898,36629.584,38535.686,37854.327,40578.426,63555.378,62975.762,65007.668,64867.007,65205.06,64873.505,-1.897743,0.134163,-0.006498,0.331555,-27.019178,-25.019692,-1.906102,-1.224743,36.629584,38.535686,37.854327,40.578426,63.555378,-483.583,-28460.393,-19386.476
1899,36304.332,38315.421,37232.096,40849.525,63846.188,63230.886,64974.565,64827.684,65183.286,64833.788,-1.602902,0.140777,-0.006104,0.349498,-27.601692,-25.530767,-2.011089,-0.927764,36.304332,38.315421,37.232096,40.849525,63.846188,-325.252,-28785.645,-19485.793
1900,36127.547,38284.356,36936.802,41034.439,63930.387,63283.304,64973.22,64818.966,65192.11,64824.391,-1.541087,0.148829,-0.005425,0.367719,-27.887589,-25.646031,-2.156809,-0.809255,36.127547,38.284356,36.936802,41.034439,63.930387,-176.785,-28962.43,-19618.589
1901,35646.596,37948.709,36636.818,40837.945,63775.09,63109.358,64975.896,64808.803,65202.648,64817.017,-1.707659,0.158879,-0.008214,0.385631,-28.180199,-25.826381,-2.302113,-0.990222,35.646596,37.948709,36.636818,40.837945,63.77509,-480.951,-29443.381,-20328.698
1902,35246.148,37698.266,36315.735,40687.698,63645.647,62958.425,64949.313,64771.137,65183.478,64779.617,-1.821192,0.169696,-0.00848,0.403861,-28.463882,-25.947381,-2.452118,-1.069587,35.246148,37.698266,36.315735,40.687698,63.645647,-400.448,-29843.829,-20583.46
1903,35136.49,37745.132,36003.183,40925.197,63889.75,63168.026,64954.43,64765.806,65195.734,64775.016,-1.60699,0.179414,-0.00921,0.420718,-28.771833,-26.144618,-2.608642,-0.866693,35.13649,37.745132,36.003183,40.925197,63.88975,-109.658,-29953.487,-20664.047
1904,34759.095,37525.323,35685.969,40883.079,63741.486,62995.734,64959.508,64759.16,65205.422,64769.944,-1.77421,0.189564,-0.010784,0.435478,-29.083975,-26.216163,-2.766228,-0.926874,34.759095,37.525323,35.685969,40.883079,63.741486,-377.395,-30330.882,-21054.209
1905,34631.077,37563.642,35346.753,41065.254,63909.933,63126.483,64938.53,64727.119,65191.53,64738.738,-1.612255,0.199792,-0.011619,0.452792,-29.391985,-26.346291,-2.932565,-0.715676,34.631077,37.563642,35.346753,41.065254,63.909933,-128.018,-30458.9,-21001.825
1906,34506.327,37603.843,35025.58,41243.065,64144.031,63322.618,64943.488,64725.236,65207.278,64736.024,-1.413406,0.207464,-0.010788,0.471254,-29.710444,-26.540188,-3.097516,-0.519253,34.506327,37.603843,35.02558,41.243065,64.144031,-124.75,-30583.65,-21137.977
1907,34168.117,37437.426,34690.059,41208.922,64088.484,63234.69,64948.898,64721.766,65222.648,64731.983,-1.497293,0.216915,-0.010217,0.490665,-30.041924,-26.651058,-3.269309,-0.521942,34.168117,37.437426,34.690059,41.208922,64.088484,-338.21,-30921.86,-21375.523
1908,33944.68,37391.351,34336.473,41280.099,64206.257,63313.296,64923.651,64690.213,65209.48,64698.908,-1.385612,0.224743,-0.008695,0.510572,-30.362435,-26.814906,-3.446671,-0.391793,33.94468,37.391351,34.336473,41.280099,64.206257,-223.437,-31145.297,-21422.475
1909,33555.23,37184.858,33995.144,41178.082,64196.607,63273.444,64930.124,64688.941,65228.58,64697.278,-1.423834,0.232846,-0.008337,0.531302,-30.702134,-27.011749,-3.629628,-0.439914,33.55523,37.184858,33.995144,41.178082,64.196607,-389.45,-31534.747,-21781.068
1910,33270.844,37098.131,33710.783,41152.156,64270.349,63308.036,64928.175,64678.955,65242.259,64687.228,-1.379192,0.240947,-0.008273,0.555031,-30.976445,-27.172218,-3.827287,-0.439939,33.270844,37.098131,33.710783,41.152156,64.270349,-284.386,-31819.133,-22086.559
1911,32770.027,36796.721,33414.973,40865.873,64027.755,63035.079,64898.851,64641.095,65228.462,64648.131,-1.613052,0.25072,-0.007036,0.580331,-31.233158,-27.231034,-4.026694,-0.644946,32.770027,36.796721,33.414973,40.865873,64.027755,-500.817,-32319.95,-22675.123
1912,32645.733,36875.748,33131.608,41029.973,64265.467,63228.837,64901.403,64635.414,65248.693,64640.667,-1.41183,0.260736,-0.005253,0.608026,-31.509059,-27.389719,-4.230015,-0.485875,32.645733,36.875748,33.131608,41.029973,64.265467,-124.294,-32444.244,-22471.541
1913,32397.451,36830.905,32843.309,41075.976,64300.174,63227.304,64902.841,64626.295,65267.136,64630.683,-1.403379,0.272158,-0.004388,0.636453,-31.787374,-27.469269,-4.433454,-0.445858,32.397451,36.830905,32.843309,41.075976,64.300174,-248.282,-32692.526,-22971.856
1914,32017.125,36656.473,32542.422,40914.465,64187.672,63082.036,64872.645,64589.593,65254.51,64592.235,-1.510199,0.28041,-0.002642,0.662275,-32.049813,-27.531199,-4.639348,-0.525297,32.017125,36.656473,32.542422,40.914465,64.187672,-380.326,-33072.852,-23179.222
1915,32068.224,36923.33,32251.297,41285.822,64680.82,63524.507,64876.982,64586.35,65275.456,64589.462,-1.064955,0.28752,-0.003112,0.685994,-32.338165,-27.75749,-4.855106,-0.183073,32.068224,36.92333,32.251297,41.285822,64.68082,51.099,-33021.753,-22701.048
1916,31894.748,36961.944,31955.618,41501.895,64856.709,63660.523,64879.088,64580.136,65291.836,64585.415,-0.924892,0.293673,-0.005279,0.706421,-32.629797,-27.894765,-5.067196,-0.06087,31.894748,36.961944,31.955618,41.501895,64.856709,-173.476,-33195.229,-23110.678
1917,31270.136,36553.332,31648.007,41164.931,64347.734,63131.809,64854.528,64549.581,65283.273,64555.734,-1.423925,0.298794,-0.006153,0.727539,-32.907727,-27.794402,-5.283196,-0.377871,31.270136,36.553332,31.648007,41.164931,64.347734,-624.612,-33819.841,-23527.389
1918,30796.876,36300.872,31353.416,40923.459,64071.258,62823.035,64859.536,64550.296,65305.492,64557.68,-1.734645,0.301856,-0.007384,0.747812,-33.204264,-27.770386,-5.503996,-0.55654,30.796876,36.300872,31.353416,40.923459,64.071258,-473.26,-34293.101,-23982.902
1919,30644.421,36376.07,31052.087,40997.825,64305.5,63002.636,64863.699,64547.976,65325.137,64556.391,-1.553755,0.307308,-0.008415,0.768746,-33.504304,-27.92943,-5.731649,-0.407666,30.644421,36.37607,31.052087,40.997825,64.3055,-152.455,-34445.556,-23906.428
1920,30534.864,36489.504,30682.122,41262.61,64611.881,63247.092,64837.362,64515.597,65316.599,64522.762,-1.27567,0.3146,-0.007165,0.793837,-33.84064,-28.122377,-5.95464,-0.147258,30.534864,36.489504,30.682122,41.26261,64.611881,-109.557,-34555.113,-23857.107
1921,30247.619,36420.658,30333.012,41298.233,64727.067,63311.374,64846.005,64516.568,65342.321,64524.325,-1.212951,0.32168,-0.007757,0.817996,-34.191313,-28.306409,-6.173039,-0.085393,30.247619,36.420658,30.333012,41.298233,64.727067,-287.245,-34842.358,-24281.818
1922,29818.939,36206.859,29986.565,41182.277,64610.228,63159.167,64851.563,64510.639,65360.754,64519.392,-1.360225,0.332171,-0.008753,0.841362,-34.532827,-28.403369,-6.38792,-0.167626,29.818939,36.206859,29.986565,41.182277,64.610228,-428.68,-35271.038,-24525.636
1923,29554.551,36154.105,29642,41275.796,64711.995,63214.295,64827.853,64472.673,65351.367,64482.138,-1.267843,0.345715,-0.009465,0.869229,-34.840138,-28.55789,-6.599554,-0.087449,29.554551,36.154105,29.642,41.275796,64.711995,-264.388,-35535.426,-24478.626
1924,29290.941,36098.681,29315.636,41377.107,64821.691,63274.325,64834.272,64466.73,65378.392,64477.075,-1.20275,0.357197,-0.010345,0.901317,-35.161439,-28.72301,-6.80774,-0.024695,29.290941,36.098681,29.315636,41.377107,64.821691,-263.61,-35799.036,-24687.294
1925,28644.644,35655.072,28997.014,41027.064,64433.853,62862.815,64841.304,64459.126,65403.363,64471.098,-1.608283,0.370206,-0.011972,0.932265,-35.474084,-28.778781,-7.010428,-0.35237,28.644644,35.655072,28.997014,41.027064,64.433853,-646.297,-36445.333,-25400.366
1926,28242.985,35443.878,28670.19,40918.184,64322.051,62711.83,64816.379,64422.122,65394.879,64432.489,-1.720659,0.38389,-0.010367,0.96239,-35.762299,-28.878173,-7.200893,-0.427205,28.242985,35.443878,28.67019,40.918184,64.322051,-401.659,-36846.992,-25404.694
1927,28225.441,35611.301,28363.561,41294.426,64767.609,63090.185,64823.403,64420.132,65424.493,64429.524,-1.339339,0.393879,-0.009392,0.994969,-36.065963,-29.156308,-7.38586,-0.13812,28.225441,35.611301,28.363561,41.294426,64.767609,-17.544,-36864.536,-25220.698
1928,28116.905,35682.125,28066.827,41578.222,64955.68,63223.769,64826.699,64414.078,65449.131,64423.322,-1.199553,0.403377,-0.009244,1.025809,-36.356495,-29.273555,-7.56522,0.050078,28.116905,35.682125,28.066827,41.578222,64.95568,-108.536,-36973.072,-25282.358
1929,27861.633,35597.385,27769.85,41640.634,65026.607,63238.648,64802.478,64379.893,65445.2,64388.746,-1.150098,0.413732,-0.008853,1.056454,-36.618896,-29.429222,-7.735752,0.091783,27.861633,35.597385,27.76985,41.640634,65.026607,-255.272,-37228.344,-25439.495
1930,27327.906,35236.558,27509.897,41296.187,64814.882,62992.274,64810.382,64378.587,65473.85,64387.065,-1.394791,0.423317,-0.008478,1.086785,-36.877168,-29.578324,-7.908652,-0.181991,27.327906,35.236558,27.509897,41.296187,64.814882,-533.727,-37762.071,-26037.363
1931,26811.145,34888.203,27255.666,40993.574,64627.786,62765.373,64818.129,64375.836,65499.846,64385.662,-1.620289,0.432467,-0.009826,1.114184,-37.129996,-29.739583,-8.077058,-0.444521,26.811145,34.888203,27.255666,40.993574,64.627786,-516.761,-38278.832,-26430.779
1932,26602.376,34840.949,27006.547,41077.432,64804.638,62877.846,64795.233,64343.946,65494.632,64353.508,-1.475662,0.441725,-0.009562,1.141124,-37.346961,-29.963689,-8.238573,-0.404171,26.602376,34.840949,27.006547,41.077432,64.804638,-208.769,-38487.601,-26432.74
1933,26391.925,34777.514,26773.856,41152.512,64852.332,62865.033,64805.494,64342.225,65523.173,64352.228,-1.487195,0.453266,-0.010003,1.170945,-37.578372,-30.074818,-8.385589,-0.381931,26.391925,34.777514,26.773856,41.152512,64.852332,-210.451,-38698.052,-26796.174
1934,26053.429,34585.219,26546.218,41079.008,64744.86,62713.237,64814.072,64338.414,65546.855,64348.778,-1.635541,0.465294,-0.010364,1.198077,-37.80256,-30.159641,-8.53179,-0.492789,26.053429,34.585219,26.546218,41.079008,64.74486,-338.496,-39036.548,-27238.096
1935,25955.885,34625.998,26321.426,41264.888,64979.964,62883.476,64793.43,64307.481,65540.061,64316.717,-1.433241,0.476713,-0.009236,1.223344,-37.995291,-30.353966,-8.670113,-0.365541,25.955885,34.625998,26.321426,41.264888,64.979964,-97.544,-39134.092,-27119.685
1936,25748.663,34546.883,26107.157,41304.132,64983.791,62827.881,64801.804,64304.674,65564.087,64313.05,-1.485169,0.488754,-0.008376,1.251037,-38.205893,-30.436908,-8.79822,-0.358494,25.748663,34.546883,26.107157,41.304132,64.983791,-207.222,-39341.314,-27614.951
1937,25440.59,34357.925,25906.927,41192.968,64795.389,62593.326,64809.6,64299.23,65590.799,64309.391,-1.716065,0.500209,-0.010161,1.281408,-38.402464,-30.437464,-8.917335,-0.466337,25.44059,34.357925,25.906927,41.192968,64.795389,-308.073,-39649.387,-27729.812
1938,25533.364,34559.706,25707.44,41551.343,65177.61,62903.465,64784.539,64264.243,65584.072,64275.012,-1.371547,0.509527,-0.010769,1.30906,-38.567572,-30.617904,-9.026342,-0.174076,25.533364,34.559706,25.70744,41.551343,65.17761,92.774,-39556.613,-27612.517
1939,25369.161,34498.467,25526.137,41585.32,65174.746,62854.361,64790.219,64263.104,65609.695,64272.977,-1.418616,0.517242,-0.009873,1.336718,-38.74684,-30.676279,-9.129306,-0.156976,25.369161,34.498467,25.526137,41.58532,65.174746,-164.203,-39720.816,-27895.866
1940,25117.51,34330.058,25328.826,41514.577,65088.949,62729.311,64792.924,64256.587,65634.092,64265.335,-1.536024,0.527589,-0.008748,1.368757,-38.936509,-30.758891,-9.212548,-0.211316,25.11751,34.330058,25.328826,41.514577,65.088949,-251.651,-39972.467,-27922.214
1941,25251.723,34538.933,25138.894,41844.359,65649.539,63208.767,64764.565,64222.275,65633.389,64229.972,-1.021205,0.534593,-0.007697,1.403417,-39.091078,-31.110606,-9.28721,0.112829,25.251723,34.538933,25.138894,41.844359,65.649539,134.213,-39838.254,-27491.611
1942,25426.859,34792.899,24952.856,42251.65,66234.636,63710.819,64766.08,64221.555,65664.137,64228.536,-0.517717,0.537544,-0.006981,1.435601,-39.27568,-31.441737,-9.36604,0.474003,25.426859,34.792899,24.952856,42.25165,66.234636,175.136,-39663.118,-27113.507
1943,25101.262,34536.885,24770.62,42112.446,65932.574,63385.157,64772.239,64219.77,65692.742,64226.964,-0.841807,0.545275,-0.007194,1.465778,-39.456344,-31.395689,-9.435623,0.330642,25.101262,34.536885,24.77062,42.112446,65.932574,-325.597,-39988.715,-27561.598
1944,24666.822,34170.867,24585.173,41851.017,65574.308,63011.651,64747.108,64187.889,65694.17,64194.655,-1.183004,0.552453,-0.006766,1.499515,-39.609482,-31.403441,-9.504045,0.081649,24.666822,34.170867,24.585173,41.851017,65.574308,-434.44,-40423.155,-27661.624
1945,24639.041,34209.068,24412.409,42091.654,65872.023,63244.098,64751.417,64187.319,65728.856,64195.3,-0.951202,0.556117,-0.007981,1.533556,-39.782891,-31.662955,-9.570027,0.226632,24.639041,34.209068,24.412409,42.091654,65.872023,-27.781,-40450.936,-27356.356
1946,24671.999,34297.057,24241.184,42368.015,66155.479,63459.546,64756.943,64181.875,65756.748,64190.568,-0.731022,0.566375,-0.008693,1.56618,-39.949384,-31.858422,-9.625058,0.430815,24.671999,34.297057,24.241184,42.368015,66.155479,32.958,-40417.978,-27338.817
1947,24449.887,34118.357,24078.462,42305.42,66171.784,63416.632,64737.988,64149.012,65759.094,64157.505,-0.740873,0.580483,-0.008493,1.601589,-40.079043,-32.053427,-9.66847,0.371425,24.449887,34.118357,24.078462,42.30542,66.171784,-222.112,-40640.09,-27538.551
1948,24176.834,33883.941,23924.89,42167.429,66079.798,63282.484,64746.324,64145.562,65791.643,64153.964,-0.87148,0.59236,-0.008402,1.637679,-40.229074,-32.195857,-9.707107,0.251944,24.176834,33.883941,23.92489,42.167429,66.079798,-273.053,-40913.143,-27701.073
1949,24035.667,33788.788,23747.791,42186.086,66162.394,63312.711,64754.351,64139.143,65820.849,64149.081,-0.83637,0.60527,-0.009938,1.671768,-40.40129,-32.373606,-9.753121,0.287876,24.035667,33.788788,23.747791,42.186086,66.162394,-141.167,-41054.31,-27630.543
1950,24096.038,33920.574,23687.936,42330.061,66282.012,63376.252,64736.701,64102.205,65822.376,64112.481,-0.736229,0.62422,-0.010276,1.709895,-40.424545,-32.361438,-9.824536,0.408102,24.096038,33.920574,23.687936,42.330061,66.282012,60.371,-40993.939,-27392.309
1951,24083.279,33933.704,23681.173,42325.471,66171.614,63224.652,64750.562,64097.106,65860.015,64109.649,-0.884997,0.640913,-0.012543,1.750366,-40.428476,-32.23791,-9.850425,0.402106,24.083279,33.933704,23.681173,42.325471,66.171614,-12.759,-41006.698,-27562.298
1952,23792.005,33651.984,23696.809,42011.69,65828.002,62857.4,64760.666,64088.075,65890.198,64103.553,-1.246153,0.657113,-0.015478,1.786645,-40.406744,-32.176018,-9.859979,0.095196,23.792005,33.651984,23.696809,42.01169,65.828002,-291.274,-41297.972,-28079.208
1953,23582.731,33447.501,23717.382,41788.589,65591.618,62603.711,64745.074,64051.786,65893.372,64069.225,-1.465514,0.675849,-0.017439,1.824147,-40.351843,-32.144117,-9.86477,-0.134651,23.582731,33.447501,23.717382,41.788589,65.591618,-209.274,-41507.246,-28292.333
1954,23381.661,33281.397,23715.592,41614.971,65408.226,62397.09,64759.344,64047.117,65932.306,64067.694,-1.670604,0.69165,-0.020577,1.864612,-40.352102,-32.126829,-9.899736,-0.333931,23.381661,33.281397,23.715592,41.614971,65.408226,-201.07,-41708.316,-28725.485
1955,23319.411,33259.03,23709.853,41613.206,65421.676,62360.425,64771.138,64040.685,65967.864,64066.783,-1.706358,0.704355,-0.026098,1.901081,-40.35693,-32.162646,-9.939619,-0.390442,23.319411,33.25903,23.709853,41.613206,65.421676,-62.25,-41770.566,-28656.19
1956,23289.022,33265.573,23703.924,41636.81,65408.295,62300.415,64752.369,64005.958,65970.904,64036.383,-1.735968,0.715986,-0.030425,1.934521,-40.332459,-32.142722,-9.976551,-0.414902,23.289022,33.265573,23.703924,41.63681,65.408295,-30.389,-41800.955,-28866.004
1957,23425.847,33423.679,23710.494,41810.969,65661.184,62484.273,64767.457,64004.586,66013.578,64040.989,-1.556716,0.726468,-0.036403,1.972589,-40.330495,-32.237505,-9.997832,-0.284647,23.425847,33.423679,23.710494,41.810969,65.661184,136.825,-41664.13,-28515.769
1958,23857.442,33870.251,23723.382,42274.342,66242.732,62956.992,64778.383,63998.035,66051.337,64042.753,-1.085761,0.73563,-0.044718,2.008584,-40.319371,-32.372481,-10.012809,0.13406,23.857442,33.870251,23.723382,42.274342,66.242732,431.595,-41232.535,-28014.471
1959,23945.21,33965.082,23747.702,42357.048,66329.422,62964.635,64756.552,63960.823,66057.357,64013.65,-1.049015,0.742902,-0.052827,2.043707,-40.265948,-32.36434,-10.019872,0.197508,23.94521,33.965082,23.747702,42.357048,66.329422,87.768,-41144.767,-28121.367
1960,23905.331,33918.503,23750.974,42311.635,66312.809,62866.7,64767.837,63953.42,66099.204,64015.342,-1.148642,0.752495,-0.061922,2.083862,-40.264368,-32.394306,-10.013172,0.154357,23.905331,33.918503,23.750974,42.311635,66.312809,-39.879,-41184.646,-27933.16
1961,24011.062,34013.558,23766.777,42408.301,66448.245,62915.28,64777.961,63942.775,66142.595,64016.478,-1.101198,0.761483,-0.073703,2.126117,-40.249701,-32.434687,-10.002496,0.244285,24.011062,34.013558,23.766777,42.408301,66.448245,105.731,-41078.915,-27712.06
1962,24009.36,33999.727,23782.89,42396.858,66462.626,62868.859,64755.796,63898.263,66151.333,63983.07,-1.114211,0.772726,-0.084807,2.168263,-40.20018,-32.462899,-9.990367,0.22647,24.00936,33.999727,23.78289,42.396858,66.462626,-1.702,-41080.617,-27560.085
1963,23931.44,33919.662,23802.017,42340.327,66459.05,62810.767,64763.856,63882.247,66193.593,63980.152,-1.169385,0.783704,-0.097905,2.213441,-40.178135,-32.539388,-9.988222,0.129423,23.93144,33.919662,23.802017,42.340327,66.45905,-77.92,-41158.537,-27734.836
1964,23810.051,33804.027,23810.921,42219.851,66306.837,62617.717,64771.514,63859.44,66235.654,63974.271,-1.356554,0.797243,-0.114831,2.261383,-40.16335,-32.50281,-9.993976,-0.00087,23.810051,33.804027,23.810921,42.219851,66.306837,-121.389,-41279.926,-27707.327
1965,23961.862,33959.936,23822.784,42384.818,66534.27,62770.652,64751.064,63807.806,66246.382,63940.971,-1.170319,0.810093,-0.133165,2.305411,-40.118187,-32.574334,-9.998074,0.139078,23.961862,33.959936,23.822784,42.384818,66.53427,151.811,-41128.115,-27292.223
1966,24001.706,34010.212,23829.916,42455.806,66646.509,62819.196,64760.757,63779.328,66284.399,63932.38,-1.113184,0.828377,-0.153052,2.352019,-40.102464,-32.636297,-10.008506,0.17179,24.001706,34.010212,23.829916,42.455806,66.646509,39.844,-41088.271,-27342.635
1967,24036.157,34046.993,23833.821,42517.726,66676.25,62797.167,64772.12,63748.897,66326.04,63926.535,-1.129368,0.845585,-0.177638,2.399505,-40.092714,-32.629257,-10.010836,0.202336,24.036157,34.046993,23.833821,42.517726,66.67625,34.451,-41053.82,-27000.052
1968,24214.657,34244.371,23825.294,42735.66,66893.842,62919.863,64754.607,63686.556,66338.272,63892.907,-0.973044,0.8617,-0.206351,2.445365,-40.067613,-32.649471,-10.029714,0.389363,24.214657,34.244371,23.825294,42.73566,66.893842,178.5,-40875.32,-26715.516
1969,24271.482,34314.668,23823.518,42803.456,66998.955,62946.642,64768.305,63653.423,66378.656,63892.879,-0.946237,0.875426,-0.239456,2.485777,-40.069361,-32.684287,-10.043186,0.447964,24.271482,34.314668,23.823518,42.803456,66.998955,56.825,-40818.495,-26547.566
1970,24240.504,34304.764,23839.787,42776.512,66934.678,62833.461,64783.203,63610.883,66416.327,63887.251,-1.05379,0.895952,-0.276368,2.529076,-40.047464,-32.629914,-10.06426,0.400717,24.240504,34.304764,23.839787,42.776512,66.934678,-30.978,-40849.473,-26494.127
1971,24179.013,34265.462,23853.263,42701.887,66902.862,62766.879,64768.667,63539.625,66428.074,63857.864,-1.090985,0.910803,-0.318239,2.57021,-40.004601,-32.6374,-10.086449,0.32575,24.179013,34.265462,23.853263,42.701887,66.902862,-61.491,-40910.964,-26446.023
1972,24284.246,34392.214,23865.19,42791.062,67010.641,62817.974,64781.172,63497.516,66470.457,63859.758,-1.041784,0.921414,-0.362242,2.610699,-39.994568,-32.618427,-10.107968,0.419056,24.284246,34.392214,23.86519,42.791062,67.010641,105.233,-40805.731,-26230.346
1973,24366.878,34494.982,23885.928,42881.702,67132.42,62853.463,64795.391,63448.472,66509.817,63859.652,-1.006189,0.935739,-0.41118,2.650165,-39.973724,-32.637438,-10.128104,0.48095,24.366878,34.494982,23.885928,42.881702,67.13242,82.632,-40723.099,-25972.539
1974,24519.67,34662.543,23888.814,43038.218,67396.279,63046.938,64781.315,63367.928,66521.626,63829.823,-0.782885,0.951492,-0.461895,2.691803,-39.941009,-32.733736,-10.142873,0.630856,24.51967,34.662543,23.888814,43.038218,67.396279,152.792,-40570.307,-25790.577
1975,24617.899,34762.562,23915.047,43046.895,67372.867,62980.484,64793.797,63318.43,66567.836,63833.746,-0.853262,0.960051,-0.515316,2.73409,-39.918699,-32.610305,-10.144663,0.702852,24.617899,34.762562,23.915047,43.046895,67.372867,98.229,-40472.078,-25564.723
1976,24529.511,34689.499,23930.464,42926.78,67367.288,62923.429,64803.436,63258.987,66608.735,63831.3,-0.907871,0.972136,-0.572313,2.777435,-39.900836,-32.677789,-10.159988,0.599047,24.529511,34.689499,23.930464,42.92678,67.367288,-88.388,-40560.466,-25691.84
1977,24316.41,34505.404,23951.527,42664.968,67201.641,62712.323,64787.449,63169.622,66624.438,63802.026,-1.089703,0.985423,-0.632404,2.822412,-39.850499,-32.696237,-10.188994,0.364883,24.31641,34.505404,23.951527,42.664968,67.201641,-213.101,-40773.567,-25985.428
1978,24336.732,34581.386,23931.088,42731.736,67247.837,62739.618,64804.467,63115.919,66671.225,63802.764,-1.063146,1.001703,-0.686845,2.868461,-39.871676,-32.666451,-10.244654,0.405644,24.336732,34.581386,23.931088,42.731736,67.247837,20.322,-40753.245,-25668.667
1979,24538.709,34837.706,23916.664,43028.992,67476.361,62921.315,64822.35,63067.393,66714.607,63801.94,-0.880625,1.02041,-0.734547,2.912667,-39.885276,-32.638655,-10.298997,0.622045,24.538709,34.837706,23.916664,43.028992,67.476361,201.977,-40551.268,-25304.703
1980,24324.49,34663.879,23902.408,42826,67351.396,62771.934,64811.617,62989.501,66730.808,63768.742,-0.996808,1.042875,-0.779241,2.962066,-39.866334,-32.687517,-10.339389,0.422082,24.32449,34.663879,23.902408,42.826,67.351396,-214.219,-40765.487,-25889.03
1981,24275.687,34663.091,23898.103,42801.321,67353.77,62730.53,64829.434,62949.115,66782.494,63770.599,-1.040069,1.058835,-0.821484,3.011895,-39.872496,-32.690679,-10.387404,0.377584,24.275687,34.663091,23.898103,42.801321,67.35377,-48.803,-40814.29,-25459.345
1982,24542.288,34978.038,23886.859,43146.449,67661.712,62976.16,64844.926,62903.359,66825.848,63769.885,-0.793725,1.075041,-0.866526,3.055963,-39.883026,-32.683674,-10.43575,0.655429,24.542288,34.978038,23.886859,43.146449,67.661712,266.601,-40547.689,-25028.939
1983,24438.277,34933.271,23862.972,43069.79,67489.837,62771.501,64831.308,62841,66842.688,63739.78,-0.968279,1.091528,-0.89878,3.102908,-39.876808,-32.556566,-10.494994,0.575305,24.438277,34.933271,23.862972,43.06979,67.489837,-104.011,-40651.7,-25345.823
1984,24350.73,34927.571,23820.464,43026.808,67365.993,62603.69,64845.73,62811.733,66894.279,63739.962,-1.136272,1.105768,-0.928229,3.154317,-39.919498,-32.438422,-10.576841,0.530266,24.35073,34.927571,23.820464,43.026808,67.365993,-87.547,-40739.247,-25211.598
1985,24374.596,35030.013,23789.24,43149.662,67709.771,62849.687,64858.953,62775.232,66940.371,63740.713,-0.891026,1.11824,-0.965481,3.199658,-39.951473,-32.679758,-10.655417,0.585356,24.374596,35.030013,23.78924,43.149662,67.709771,23.866,-40715.381,-24988.984
1986,24414.422,35171.113,23729.809,43270.032,67903.835,62970.84,64841.194,62706.984,66953.274,63710.086,-0.739246,1.131108,-1.003102,3.243188,-39.980277,-32.732722,-10.756691,0.684613,24.414422,35.171113,23.729809,43.270032,67.903835,39.826,-40675.555,-24864.09
1987,24387.334,35246.95,23675.883,43306.62,68030.305,62984.437,64854.338,62678.143,67004.847,63714.247,-0.72981,1.140091,-1.036104,3.2906,-40.038364,-32.783355,-10.859616,0.711451,24.387334,35.24695,23.675883,43.30662,68.030305,-27.088,-40702.643,-24945.981
1988,23858.332,34814.73,23626.226,42848.614,67766.248,62665.551,64874.712,62637.2,67050.132,63713.745,-1.048194,1.160967,-1.076545,3.336387,-40.087519,-32.951518,-10.956398,0.232106,23.858332,34.81473,23.626226,42.848614,67.766248,-529.002,-41231.645,-25491.44
1989,23927.882,34984.582,23582.959,43040.799,67950.97,62787.671,64866.686,62568.388,67065.027,63683.786,-0.896115,1.1829,-1.115398,3.381241,-40.100827,-32.966388,-11.0567,0.344923,23.927882,34.984582,23.582959,43.040799,67.95097,69.55,-41162.095,-24943.837
1990,24046.302,35190.133,23456.823,43378.285,68288.648,63033.744,64882.883,62530.829,67112.282,63682.208,-0.648464,1.200675,-1.151379,3.430074,-40.225385,-33.098515,-11.143831,0.589479,24.046302,35.190133,23.456823,43.378285,68.288648,118.42,-41043.675,-25033.816
1991,23947.334,35164.842,23356.139,43422.937,68355.098,62988.017,64899.364,62493.681,67156.886,63680.394,-0.692377,1.21897,-1.186713,3.476492,-40.324255,-33.190256,-11.217508,0.591195,23.947334,35.164842,23.356139,43.422937,68.355098,-98.968,-41142.643,-25062.711
1992,24238.923,35525.79,23251.43,43843.275,68863.192,63336.558,64886.941,62425.082,67167.721,63646.607,-0.310049,1.240334,-1.221525,3.521114,-40.395177,-33.337402,-11.286867,0.987493,24.238923,35.52579,23.25143,43.843275,68.863192,291.589,-40851.054,-24247.117
1993,24246.444,35593.761,23165.875,43999.939,69011.069,63383.011,64898.944,62388.476,67213.754,63644.862,-0.261851,1.254082,-1.256386,3.568892,-40.478987,-33.417308,-11.347317,1.080569,24.246444,35.593761,23.165875,43.999939,69.011069,7.521,-40843.533,-24034.691
1994,24174.37,35591.799,23065.735,44083.521,69031.752,63301.227,64913.427,62355.381,67256.237,63640.128,-0.338901,1.273299,-1.284747,3.616109,-40.574393,-33.439953,-11.417429,1.108635,24.17437,35.591799,23.065735,44.083521,69.031752,-72.074,-40915.607,-24035.996
1995,24193.199,35673.134,22986.923,44197.244,69233.481,63375.568,64904.93,62287.072,67268.661,63608.719,-0.233151,1.296211,-1.321647,3.659942,-40.621796,-33.560347,-11.479935,1.206276,24.193199,35.673134,22.986923,44.197244,69.233481,18.829,-40896.778,-23771.115
1996,24094.211,35631.144,22905.336,44210.116,69284.6,63357.78,64923.006,62229.35,67312.389,63607.193,-0.249413,1.315813,-1.377843,3.705196,-40.701857,-33.653456,-11.536933,1.188875,24.094211,35.631144,22.905336,44.210116,69.2846,-98.988,-40995.766,-23620.186
1997,24190.247,35789.366,22828.772,44390.181,69360.672,63344.937,64940.187,62172.064,67358.92,63605.785,-0.260848,1.334402,-1.433721,3.753135,-40.777013,-33.571306,-11.599119,1.361475,24.190247,35.789366,22.828772,44.390181,69.360672,96.036,-40899.73,-23264.857
1998,24028.445,35687.374,22736.09,44304.509,69372.572,63291.921,64932.991,62082.206,67371.703,63573.443,-0.281522,1.359548,-1.491237,3.79826,-40.837353,-33.685198,-11.658929,1.292355,24.028445,35.687374,22.73609,44.304509,69.372572,-161.802,-41061.532,-23438.987
1999,23935.34,35652.909,22661.437,44316.134,69463.948,63313.204,64953.235,62015.709,67415.619,63574.455,-0.261251,1.37878,-1.558746,3.841164,-40.913018,-33.811039,-11.717569,1.273903,23.93534,35.652909,22.661437,44.316134,69.463948,-93.105,-41154.637,-23296.136
2000,23715.93,35508.374,22611.713,44198.316,69432.483,63243.907,64973.854,61942.8,67457.775,63573.039,-0.329132,1.400815,-1.630239,3.884736,-40.961326,-33.924109,-11.792444,1.104217,23.71593,35.508374,22.611713,44.198316,69.432483,-219.41,-41374.047,-23416.363
2001,23718.552,35573.365,22607.647,44283.572,69615.387,63347.538,64967.2,61847.957,67473.974,63544.523,-0.196985,1.422677,-1.696566,3.929451,-40.936876,-34.042022,-11.854813,1.110905,23.718552,35.573365,22.607647,44.283572,69.615387,2.622,-41371.425,-23218.21
2002,23562.558,35466.808,22564.147,44196.276,69656.212,63300.551,64984.613,61790.36,67519.048,63546.844,-0.246293,1.437769,-1.756484,3.972204,-40.982697,-34.189404,-11.90425,0.998411,23.562558,35.466808,22.564147,44.196276,69.656212,-155.994,-41527.419,-23577.449
2003,23666.851,35626.247,22559.34,44327.776,69745.722,63301.92,65003.486,61732.779,67560.644,63547.632,-0.245712,1.455854,-1.814853,4.013012,-40.988292,-34.119475,-11.959396,1.107511,23.666851,35.626247,22.55934,44.327776,69.745722,104.293,-41423.126,-23260.598
2004,23904.015,35919.219,22523.811,44629.88,70079.562,63517.034,64992.087,61655.001,67576.557,63518.503,-0.001469,1.473584,-1.863502,4.058054,-40.994692,-34.160343,-12.015204,1.380204,23.904015,35.919219,22.523811,44.62988,70.079562,237.164,-41185.962,-22832.745
2005,23971.403,36044.854,22512.898,44678.536,70226.734,63519.402,65005.599,61615.81,67626.744,63520.65,-0.001248,1.484949,-1.90484,4.106094,-41.007752,-34.18188,-12.073451,1.458505,23.971403,36.044854,22.512898,44.678536,70.226734,67.388,-41118.574,-22991.969
2006,23515.859,35616.932,22330.67,44405.469,70080.088,63276.208,65020.55,61569.906,67666.806,63517.092,-0.240884,1.503458,-1.947186,4.149714,-41.186422,-34.463156,-12.101073,1.185189,23.515859,35.616932,22.33067,44.405469,70.080088,-455.544,-41574.118,-23282.1
2007,23457.324,35586.762,22221.466,44477.593,70334.579,63380.51,65006.95,61500.067,67680.981,63486.29,-0.10578,1.52066,-1.986223,4.194691,-41.264824,-34.747817,-12.129438,1.235858,23.457324,35.586762,22.221466,44.477593,70.334579,-58.535,-41632.653,-23029.291
2008,23485.926,35646.352,22261.581,44520.875,70480.453,63402.594,65016.635,61466.026,67728.237,63485.155,-0.082561,1.53148,-2.019129,4.243082,-41.223574,-34.834101,-12.160426,1.224345,23.485926,35.646352,22.261581,44.520875,70.480453,28.602,-41604.051,-22873.976
2009,23784.468,35942.978,22332.977,44809.97,70492.372,63367.435,65027.098,61425.3,67771.412,63484.102,-0.116667,1.542996,-2.058802,4.28731,-41.151125,-34.549394,-12.15851,1.451491,23.784468,35.942978,22.332977,44.80997,70.492372,298.542,-41305.509,-22440.317
2010,23982.998,36156.76,22370.266,44983.236,70592.658,63375.531,65016.15,61355.739,67782.775,63451.549,-0.076018,1.564601,-2.09581,4.331226,-41.081283,-34.435898,-12.173762,1.612732,23.982998,36.15676,22.370266,44.983236,70.592658,198.53,-41106.979,-22413.798
2011,23658.492,35828.005,22193.254,44886.625,70483.202,63182.071,65032.388,61322.294,67832.35,63452.394,-0.270323,1.579994,-2.1301,4.379956,-41.25914,-34.655197,-12.169513,1.465238,23.658492,35.828005,22.193254,44.886625,70.483202,-324.506,-41431.485,-22494.027