year,nce_fixed_lulcc,nce_cum_fixed_lulcc,nep_fixed_lulcc,nep_cum_flixed_lulcc,nce,nce_cum_old_tem,nep_old_tem,nep_cum_old_tem,nce_old_hurtt,nce_cum_old_hurtt,nep_old_hurtt,nep_cum_old_hurtt,vegc,solc
1701,-32.376,-32.376,-27.079,-27.079,584.962,584.962,585.017,585.017,-85.298,-85.298,-30.947,-30.947,65062.385,48379.407
1702,120.114,87.738,127.082,100.003,-252.738,332.224,-232.961,352.056,64.213,-21.085,121.087,90.14,65220.388,48321.331
1703,147.089,234.827,155.208,255.211,296.683,628.907,317.27,669.326,90.95,69.865,151.753,241.893,65318.018,48349.92
1704,26.318,261.145,35.115,290.326,42.356,671.263,64.005,733.331,-28.342,41.523,35.653,277.546,65389.416,48284.111
1705,302.427,563.572,312.113,602.439,-15.102,656.161,7.501,740.832,236.058,277.581,302.921,580.467,65665.277,48289.759
1706,-16.459,547.113,-7.505,594.934,-361.141,295.02,-337.712,403.12,-92.836,184.745,-25.263,555.204,65473.315,48445.834
1707,-414.248,132.865,-405.778,189.156,-412.44,-117.42,-387.626,15.494,-484.939,-300.194,-413.606,141.598,65217.378,48266.76
1708,-38.496,94.369,-29.694,159.462,73.747,-43.673,98.004,113.498,-110.476,-410.67,-35.576,106.022,65273.312,48153.654
1709,244.918,339.287,254.359,413.821,119.476,75.803,144.055,257.553,179.412,-231.258,258,364.022,65638.091,48014.736
1710,-226.932,112.355,-216.315,197.506,-241.068,-165.265,-216.761,40.792,-317.295,-548.553,-236.215,127.807,65571.107,47835.12
1711,-739.561,-627.206,-729.21,-531.704,-403.784,-569.049,-379.067,-338.275,-808.004,-1356.557,-726.015,-598.208,64998.176,47648.094
1712,371.008,-256.198,380.962,-150.742,258.778,-310.271,282.304,-55.971,298.138,-1058.419,380.776,-217.432,65502.556,47495.808
1713,-871.561,-1127.759,-860.918,-1011.66,-661.655,-971.926,-638.293,-694.264,-933.689,-1992.108,-849.745,-1067.177,64827.594,47279.556
1714,197.395,-930.364,208.212,-803.448,549.075,-422.851,571.661,-122.603,115.153,-1876.955,198.425,-868.752,65105.927,47179.536
1715,451.639,-478.725,463.058,-340.39,-150.231,-573.082,-126.427,-249.03,381.926,-1495.029,467.44,-401.312,65604.562,47113.799
1716,281.008,-197.717,292.754,-47.636,129.636,-443.446,152.757,-96.273,201.584,-1293.445,287.691,-113.621,65766.14,47213.537
1717,-108.22,-305.937,-96.581,-144.217,179.52,-263.926,204.283,108.01,-180.094,-1473.539,-92.165,-205.786,65628.717,47223.775
1718,98.957,-206.98,110.882,-33.335,-362.913,-626.839,-338.404,-230.394,30.404,-1443.135,118.339,-87.447,65694.229,47238.172
1719,245.85,38.87,257.733,224.398,408.1,-218.739,432.54,202.146,170.839,-1272.296,259.327,171.88,65865.959,47294.307
1720,-19.145,19.725,-6.326,218.072,-123.855,-342.594,-99.339,102.807,-89.327,-1361.623,0.709,172.589,65809.94,47312.684
1721,-63.964,-44.239,-51.098,166.974,0.417,-342.177,25.431,128.238,-137.324,-1498.947,-45.65,126.939,65748.407,47291.726
1722,-25.318,-69.557,-12.075,154.899,170.833,-171.344,194.413,322.651,-100.004,-1598.951,-8.07,118.869,65800.58,47195.209
1723,32.782,-36.775,45.777,200.676,-244.884,-416.228,-221.089,101.562,-42.188,-1641.139,49.137,168.006,65949.409,47060.138
1724,96.346,59.571,109.943,310.619,-108.31,-524.538,-84.916,16.646,17.814,-1623.325,110.433,278.439,65902.724,47184.804
1725,279.908,339.479,294.329,604.948,280.316,-244.222,304.06,320.706,202.491,-1420.834,295.224,573.663,66210.998,47137.468
1726,-430.275,-90.796,-416.618,188.33,-735.685,-979.907,-711.676,-390.97,-506.915,-1927.749,-412.933,160.73,65694.437,47205.184
1727,-478.413,-569.209,-465.124,-276.794,32.923,-946.984,57.668,-333.302,-559.472,-2487.221,-468.059,-307.329,65223.46,47179.25
1728,292.196,-277.013,305.958,29.164,174.099,-772.885,198.702,-134.6,210.932,-2276.289,304.171,-3.158,65608.785,47067.602
1729,247.456,-29.557,261.639,290.803,182.009,-590.876,206.564,71.964,177.216,-2099.073,273.964,270.806,65781.794,47124.02
1730,283.975,254.418,299.414,590.217,-120.783,-711.659,-95.886,-23.922,204.23,-1894.843,301.482,572.288,65999.528,47171.821
1731,343.259,597.677,359.463,949.68,455.614,-256.045,480.208,456.286,268.83,-1626.013,365.164,937.452,66198.424,47296.869
1732,144.235,741.912,160.028,1109.708,-145.935,-401.98,-121.971,334.315,66.201,-1559.812,164.241,1101.693,66187.805,47431.875
1733,253.106,995.018,269.535,1379.243,487.268,85.288,511.414,845.729,175.781,-1384.031,274.241,1375.934,66334.533,47519.583
1734,475.428,1470.446,492.087,1871.33,-239.669,-154.381,-216.335,629.394,375.754,-1008.277,474.462,1850.396,66612.7,47698.012
1735,82.426,1552.872,98.934,1970.264,-90.954,-245.335,-66.795,562.599,-18,-1026.277,81.26,1931.656,66542.231,47832.248
1736,216.503,1769.375,234.217,2204.481,-16.175,-261.51,7.989,570.588,146.267,-880.01,247.647,2179.303,66674.325,47896.949
1737,-75.265,1694.11,-58.684,2145.797,-488.229,-749.739,-462.431,108.157,-157.418,-1037.428,-55.386,2123.917,66502.045,47975.156
1738,-0.25,1693.86,16.526,2162.323,115.724,-634.015,140.771,248.928,-87.632,-1125.06,13.662,2137.579,66410.923,48047.692
1739,8.147,1702.007,24.955,2187.278,-190.884,-824.899,-166.043,82.885,-70.775,-1195.835,31.593,2169.172,66437.222,48010.252
1740,-114.898,1587.109,-98.278,2089,133.128,-691.771,158.377,241.262,-196.102,-1391.937,-91.627,2077.545,66275.555,48038.387
1741,-65.786,1521.323,-48.259,2040.741,9.254,-682.517,34.173,275.435,-132.671,-1524.608,-30.119,2047.426,66182.511,48046.431
1742,112.484,1633.807,130.668,2171.409,-209.756,-892.273,-185.767,89.668,28.213,-1496.395,133.051,2180.477,66425.622,47896.381
1743,-927.117,706.69,-910.337,1261.072,-882.194,-1774.467,-858.104,-768.436,-998.202,-2494.597,-893.293,1287.184,65602.429,47773.62
1744,-295.468,411.222,-279.561,981.511,421.023,-1353.444,444.919,-323.517,-384,-2878.597,-278.126,1009.058,65486.01,47576.121
1745,-126.657,284.565,-109.976,871.535,-181.948,-1535.392,-158.101,-481.618,-194.413,-3073.01,-86.028,923.03,65678.662,47237.917
1746,305.493,590.058,323.858,1195.393,372.235,-1163.157,396.306,-85.312,223.675,-2849.335,331.579,1254.609,66216.098,46986.488
1747,-404.12,185.938,-386.344,809.049,-280.255,-1443.412,-255.32,-340.632,-482.106,-3331.441,-375.624,878.985,65874.015,46905.43
1748,-181.516,4.422,-163.672,645.377,-159.392,-1602.804,-134.309,-474.941,-281.792,-3613.233,-172.477,706.508,65804.911,46774.382
1749,245.565,249.987,263.463,908.84,136.368,-1466.436,161.444,-313.497,158.436,-3454.797,268.074,974.582,66146.278,46660.239
1750,-174.84,75.147,-154.737,754.103,-251.483,-1717.919,-226.052,-539.549,-258.321,-3713.118,-146.241,828.341,65996.401,46614.304
1751,359.055,434.202,381.302,1135.405,128.51,-1589.409,152.648,-386.901,291.725,-3421.393,402.635,1230.976,66451.549,46497.482
1752,226.566,660.768,250.034,1385.439,39.238,-1550.171,62.828,-324.073,154.859,-3266.534,265.226,1496.202,66492.947,46662.245
1753,-171.393,489.375,-149.467,1235.972,-331.504,-1881.675,-307.859,-631.932,-246.095,-3512.629,-135.177,1361.025,66382.429,46580.543
1754,483.686,973.061,506.631,1742.603,291.282,-1590.393,313.873,-318.059,390.851,-3121.778,501.044,1862.069,66711.298,46714.781
1755,309.755,1282.816,332.91,2075.513,-183.319,-1773.712,-159.82,-477.879,228.702,-2893.076,340.221,2202.29,66747.397,46969.818
1756,364.932,1647.748,388.733,2464.246,262.201,-1511.511,285.59,-192.289,280.155,-2612.921,392.478,2594.768,66963.901,47097.93
1757,-228.064,1419.684,-204.224,2260.022,12.126,-1499.385,36.499,-155.79,-297.863,-2910.784,-181.645,2413.123,66742.441,47070.735
1758,-50.046,1369.638,-26.778,2233.244,-243.73,-1743.115,-219.23,-375.02,-120.261,-3031.045,-4.996,2408.127,66598.298,47145.901
1759,351.827,1721.465,376.176,2609.42,374.009,-1369.106,398.592,23.572,268.677,-2762.368,383.322,2791.449,66905.013,47172.581
1760,-402.518,1318.947,-376.967,2232.453,-223.567,-1592.673,-199.298,-175.726,-470.258,-3232.626,-358.183,2433.266,66361.656,47294.721
1761,-2.838,1316.109,22.165,2254.618,270.141,-1322.532,294.643,118.917,-82.085,-3314.711,31.808,2465.074,66429.434,47205.455
1762,-41.71,1274.399,-15.638,2238.98,-233.647,-1556.179,-209.71,-90.793,-106.143,-3420.854,8.48,2473.554,66419.816,47154.599
1763,-72.542,1201.857,-46.263,2192.717,-63.233,-1619.412,-39.091,-129.884,-134.689,-3555.543,-19.597,2453.957,66344.796,47137.913
1764,-124.15,1077.707,-98.804,2093.913,-13.069,-1632.481,9.706,-120.178,-205.145,-3760.688,-87.855,2366.102,66273.23,47064.734
1765,132.268,1209.975,158.386,2252.299,29.319,-1603.162,53.017,-67.161,70.619,-3690.069,188.651,2554.753,66542.079,46908.383
1766,-143.881,1066.094,-117.008,2135.291,-78.067,-1681.229,-54.312,-121.473,-208.196,-3898.265,-91.579,2463.174,66344.661,46943.163
1767,206.314,1272.408,234.16,2369.451,92.142,-1589.087,116.998,-4.475,125.267,-3772.998,240.751,2703.925,66559.61,46915.63
1768,-678.654,593.754,-651.509,1717.942,-761.03,-2350.117,-736.047,-740.522,-732.446,-4505.444,-615.13,2088.795,65918.462,46859.521
1769,103.593,697.347,130.536,1848.478,60.898,-2289.219,86.149,-654.373,9.104,-4496.34,125.441,2214.236,66122.086,46740.144
1770,-247.679,449.668,-218.73,1629.748,-177.282,-2466.501,-152.365,-806.738,-305.208,-4801.548,-189.187,2025.049,65926.387,46668.627
1771,471.084,920.752,501.401,2131.149,467.863,-1998.638,492.448,-314.29,404.998,-4396.55,521.829,2546.878,66404.499,46641.187
1772,-148.637,772.115,-120.061,2011.088,-417.142,-2415.78,-393.229,-707.519,-222.397,-4618.947,-103.035,2443.843,66131.691,46743.771
1773,251.311,1023.426,280.716,2291.804,415.932,-1999.848,439.296,-268.223,164.026,-4454.921,284.394,2728.237,66303.126,46804.668
1774,389.253,1412.679,420.729,2712.533,95.362,-1904.486,118.848,-149.375,306.434,-4148.487,426.802,3155.039,66585.053,46891.972
1775,-157.2,1255.479,-125.561,2586.972,-154.493,-2058.979,-130.679,-280.054,-224.942,-4373.429,-104.991,3050.048,66283.328,47017.196
1776,302.083,1557.562,334.711,2921.683,115.57,-1943.409,139.417,-140.637,238.118,-4135.311,359.649,3409.697,66595.85,46987.136
1777,-652.555,905.007,-620.525,2301.158,-566.54,-2509.949,-541.536,-682.173,-687.427,-4822.738,-568.166,2841.531,65828.787,47082.277
1778,307.065,1212.072,339.969,2641.127,256.314,-2253.635,280.785,-401.388,235.235,-4587.503,353.612,3195.143,66265.207,46933.163
1779,27.869,1239.941,61.316,2702.443,-296.01,-2549.645,-270.782,-672.17,-34.922,-4622.425,86.821,3281.964,66205.372,47002.825
1780,-28.861,1211.08,8.022,2710.465,-70.529,-2620.174,-45.456,-717.626,-92.58,-4715.005,30.105,3312.069,66152.189,47006.031
1781,-341.552,869.528,-307.116,2403.349,-407.475,-3027.649,-382.916,-1100.542,-430.433,-5145.438,-307.532,3004.537,65871.454,46924.075
1782,100.612,970.14,135.802,2539.151,281.726,-2745.923,305.655,-794.887,17.51,-5127.928,141.44,3145.977,66098.729,46777.746
1783,-80.936,889.204,-43.804,2495.347,54.572,-2691.351,78.757,-716.13,-161.512,-5289.44,-37.498,3108.479,66053.174,46721.616
1784,-83.94,805.264,-46.269,2449.078,-103.672,-2795.023,-80.638,-796.768,-148.947,-5438.387,-25.803,3082.676,65986.547,46684.244
1785,400.358,1205.622,439.071,2888.149,32.163,-2762.86,55.89,-740.878,340.618,-5097.769,462.011,3544.687,66279.327,46771.553
1786,61.542,1267.164,100.497,2988.646,121.69,-2641.17,145.491,-595.387,-0.625,-5098.394,123.179,3667.866,66351.812,46739.945
1787,-406.129,861.035,-368.229,2620.417,-511.237,-3152.407,-485.541,-1080.928,-466.158,-5564.552,-341.001,3326.865,65911.898,46754.278
1788,62.953,923.988,101.709,2722.126,177.769,-2974.638,202.235,-878.693,10.305,-5554.247,133.284,3460.149,66041.807,46667.788
1789,27.14,951.128,66.934,2789.06,-192.933,-3167.571,-167.964,-1046.657,-40.474,-5594.721,86.016,3546.165,66125.402,46591.465
1790,104.708,1055.836,164.267,2953.327,60.627,-3106.944,85.419,-961.238,68.369,-5526.352,193.838,3740.003,66150.532,46640.987
1791,668.514,1724.35,732.841,3686.168,354.361,-2752.583,379.719,-581.519,608.462,-4917.89,732.259,4472.262,66662.49,46767.438
1792,157.998,1882.348,223.16,3909.328,313.956,-2438.627,337.615,-243.904,95.457,-4822.433,219.908,4692.17,66572.904,46985.339
1793,-461.312,1421.036,-397.832,3511.496,-384.893,-2823.52,-360.894,-604.798,-482.576,-5305.009,-356.535,4335.635,65961.866,47105.503
1794,15.94,1436.976,79.283,3590.779,331.52,-2492,354.832,-249.966,-20.748,-5325.757,104.148,4439.783,66013.197,47042.23
1795,1.846,1438.822,67.981,3658.76,87.172,-2404.828,111.083,-138.883,-30.266,-5356.023,94.92,4534.703,66115.029,46915.41
1796,370.997,1809.819,440.98,4099.74,-103.278,-2508.106,-78.827,-217.71,321.832,-5034.191,451.042,4985.745,66259.349,47116.745
1797,79.669,1889.488,154.171,4253.911,69.439,-2438.667,94.387,-123.323,38.525,-4995.666,169.095,5154.84,66179.447,47251.275
1798,-130.403,1759.085,-56.261,4197.65,-140.13,-2578.797,-115.298,-238.621,-149.735,-5145.401,-18.158,5136.682,66052.883,47223.043
1799,60.089,1819.174,131.897,4329.547,-174.976,-2753.773,-148.422,-387.043,20.731,-5124.67,151.649,5288.331,66037.351,47274.624
1800,-622.541,1196.633,-542.204,3787.343,-262.833,-3016.606,-237.901,-624.944,-658.638,-5783.308,-523.017,4765.314,65539.42,47118.74
1801,57.594,1254.227,142.065,3929.408,451.912,-2564.694,476.453,-148.491,6.348,-5776.96,161.213,4926.527,65780.264,46905.606
1802,-85.52,1168.707,0.818,3930.226,-35.491,-2600.185,-11.684,-160.175,-146.585,-5923.545,10.021,4936.548,65753.374,46816.489
1803,-196.551,972.156,-107.801,3822.425,104.28,-2495.905,128.41,-31.765,-234.932,-6158.477,-74.803,4861.745,65537.707,46809.046
1804,241.943,1214.099,332.396,4154.821,-185.769,-2681.674,-162.645,-194.41,186.793,-5971.684,347.613,5209.358,65752.056,46808.003
1805,-262.021,952.078,-167.784,3987.037,30.797,-2650.877,54.345,-140.065,-289.125,-6260.809,-121.573,5087.785,65413.879,46858.432
1806,341.222,1293.3,435.023,4422.06,-95.51,-2746.387,-72.04,-212.105,262.299,-5998.51,428.41,5516.195,65689.314,46897.582
1807,-407.076,886.224,-312.212,4109.848,-243.378,-2989.765,-218.309,-430.414,-455.176,-6453.686,-280.446,5235.749,65401.87,46751.942
1808,15.317,901.541,108.792,4218.64,162.511,-2827.254,187.863,-242.551,-40.005,-6493.691,138.103,5373.852,65371.193,46773.126
1809,-16.412,885.129,75.411,4294.051,-208.144,-3035.398,-183.227,-425.778,-92.038,-6585.729,87.325,5461.177,65073.646,47034.45
1810,-367.743,517.386,-254.026,4040.025,231.689,-2803.709,256.063,-169.715,-409.647,-6995.376,-232.12,5229.057,64661.489,47043.634
1811,-281.806,235.58,-165.983,3874.042,-155.4,-2959.109,-130.686,-300.401,-316.7,-7312.076,-136.247,5092.81,64600.786,46788.552
1812,-118.069,117.511,-2.041,3872.001,205.155,-2753.954,229.032,-71.369,-137.341,-7449.417,48.157,5140.967,64621.265,46615.101
1813,-190.648,-73.137,-72.037,3799.964,99.226,-2654.728,123.375,52.006,-207.37,-7656.787,-21.365,5119.602,64348.623,46665.96
1814,317.496,244.359,439.607,4239.571,-92.377,-2747.105,-69.661,-17.655,289.844,-7366.943,475.487,5595.089,64753.732,46547.472
1815,-487.433,-243.074,-364.04,3875.531,-132.143,-2879.248,-108.127,-125.782,-492.96,-7859.903,-304.787,5290.302,64160.747,46623.494
1816,520.951,277.877,644.792,4520.323,207.5,-2671.748,231.158,105.376,482.107,-7377.796,667.484,5957.786,64343.902,46933.161
1817,-158.556,119.321,-28.439,4491.884,133.469,-2538.279,158.223,263.599,-202.216,-7580.012,-15.881,5941.905,63918.247,47172.598
1818,-60.934,58.387,68.319,4560.203,326.933,-2211.346,351.564,615.163,-80.723,-7660.735,107.997,6049.902,63764.107,47240.067
1819,-170.731,-112.344,-40.606,4519.597,-108.971,-2320.317,-84.248,530.915,-192.413,-7853.148,2.217,6052.119,63717.02,47092.143
1820,-164.564,-276.908,-3.426,4516.171,-138.591,-2458.908,-114.084,416.831,-139.465,-7992.613,56.878,6108.997,63530.144,47072.536
1821,-471.56,-748.468,-311.486,4204.685,-184.175,-2643.083,-160.037,256.794,-447.175,-8439.788,-256.154,5852.843,63136.81,46952.938
1822,100.73,-647.738,264.207,4468.892,154.994,-2488.089,179.22,436.014,95.403,-8344.385,289.237,6142.08,63262.128,46884.518
1823,-34.673,-682.411,139.089,4607.981,110.177,-2377.912,133.723,569.737,-8.624,-8353.009,191.535,6333.615,63218.661,46854.865
1824,101.969,-580.442,279.077,4887.058,-177.928,-2555.84,-155.007,414.73,111.725,-8241.284,312.2,6645.815,63247.389,46888.048
1825,-547.768,-1128.21,-368.637,4518.421,-240.276,-2796.116,-216.634,198.096,-518.611,-8759.895,-317.668,6328.147,62607.79,46941.122
1826,-429.889,-1558.099,-254.492,4263.929,309.491,-2486.625,333.26,531.356,-369.31,-9129.205,-169.645,6158.502,62353.378,46731.806
1827,297.477,-1260.622,479.704,4743.633,112.976,-2373.649,138.288,669.644,315.606,-8813.599,516.31,6674.812,62666.746,46684.372
1828,-299.121,-1559.743,-113.546,4630.087,-291.585,-2665.234,-266.776,402.868,-259.155,-9072.754,-54.628,6620.184,62473.257,46547.501
1829,38.278,-1521.465,226.382,4856.469,295.914,-2369.32,320.73,723.598,49.078,-9023.676,255.98,6876.164,62497.084,46532.169
1830,-198.886,-1720.351,30.441,4886.91,-40.508,-2409.828,-16.077,707.521,-116.908,-9140.584,90.856,6967.02,62325.745,46445.968
1831,-238.346,-1958.697,-5,4881.91,79.723,-2330.105,104.597,812.118,-151.55,-9292.134,60.344,7027.364,62159.701,46322.484
1832,-273.725,-2232.422,-40.475,4841.435,-215.97,-2546.075,-192.023,620.095,-214.356,-9506.49,-7.26,7020.104,61736.224,46420.408
1833,-38.776,-2271.198,199.727,5041.162,263.438,-2282.637,287.323,907.418,15.687,-9490.803,228.793,7248.897,61704.686,46363.77
1834,-62.966,-2334.164,179.48,5220.642,-181.159,-2463.796,-158.546,748.872,14.191,-9476.612,231.201,7480.098,61591.812,46367.59
1835,-138.777,-2472.941,109.755,5330.397,-93.347,-2557.143,-69.198,679.674,-58.699,-9535.311,157.943,7638.041,61257.362,46523.846
1836,-134.792,-2607.733,116.962,5447.359,-130.549,-2687.692,-106.933,572.741,-56.981,-9592.292,157.715,7795.756,61053.13,46546.086
1837,-102.991,-2710.724,155.981,5603.34,79.133,-2608.559,103.566,676.307,-6.715,-9599.007,219.745,8015.501,60917.508,46541.264
1838,-311.613,-3022.337,-50.576,5552.764,151.718,-2456.841,176.113,852.42,-216.858,-9815.865,8.917,8024.418,60616.683,46492.634
1839,-87.838,-3110.175,178.032,5730.796,37.547,-2419.294,62.131,914.551,-11.07,-9826.935,217.867,8242.285,60593.079,46391.442
1840,-797.151,-3907.326,-489.953,5240.843,-367.311,-2786.605,-342.37,572.181,-634.253,-10461.188,-403.062,7839.223,59910.144,46217.04
1841,-680.719,-4588.045,-372.703,4868.14,127.426,-2659.179,151.804,723.985,-526.17,-10987.358,-295.759,7543.464,59449.067,45938.192
1842,431.69,-4156.355,751.025,5619.165,235.917,-2423.262,260.683,984.668,587.746,-10399.612,823.09,8366.554,60024.16,45735.8
1843,-346.704,-4503.059,-15.424,5603.741,-22.58,-2445.842,1.098,985.766,-188.778,-10588.39,49.023,8415.577,59653.746,45705.996
1844,-323.44,-4826.499,2.869,5606.61,-9.85,-2455.692,13.08,998.846,-165.862,-10754.252,69.649,8485.226,59234.355,45740.113
1845,-937.83,-5764.329,-606.178,5000.432,-453.694,-2909.386,-430.127,568.719,-776.949,-11531.201,-536.743,7948.483,58401.292,45593.674
1846,32.402,-5731.927,367.257,5367.689,-213.959,-3123.345,-190.801,377.918,202.749,-11328.452,443.802,8392.285,58589.433,45386.92
1847,-326.237,-6058.164,22.193,5389.882,38.567,-3084.778,62.284,440.202,-164.735,-11493.187,82.499,8474.784,58247.278,45354.224
1848,-30.274,-6088.438,324.255,5714.137,472.296,-2612.482,495.782,935.984,152.342,-11340.845,404.01,8878.794,58153.911,45374.255
1849,-278.533,-6366.971,83.569,5797.706,-99.096,-2711.578,-75.387,860.597,-110.123,-11450.968,140.9,9019.694,57989.419,45224.266
1850,-1149.15,-7516.121,-741.811,5055.895,-657.255,-3368.833,-632.695,227.902,-907.378,-12358.346,-655.521,8364.173,56822.454,45167.565
1851,-914.065,-8430.186,-515.947,4539.948,-346.213,-3715.046,-252.031,-24.129,-866.663,-13225.009,-441.556,7922.617,56169.593,44851.786
1852,-387.406,-8817.592,4.484,4544.432,-217.635,-3932.681,-120.838,-144.967,-365.242,-13590.251,67.065,7989.682,56041.908,44542.392
1853,243.08,-8574.512,638.006,5182.438,-274.032,-4206.713,-173.591,-318.558,237.628,-13352.623,681.614,8671.296,56179.289,44573.939
1854,-1288.926,-9863.438,-877.125,4305.313,-827.528,-5034.241,-725.099,-1043.657,-1302.734,-14655.357,-832.225,7839.071,54882.043,44541.03
1855,-321.149,-10184.587,78.229,4383.542,153.864,-4880.377,259.207,-784.45,-337.692,-14993.049,129.333,7968.404,54811.038,44239.118
1856,-824.712,-11009.299,-429.69,3953.852,-652.186,-5532.563,-547.507,-1331.957,-853,-15846.049,-376.832,7591.572,54047.508,44118.016
1857,-466.905,-11476.204,-62.567,3891.285,-182.32,-5714.883,-74.105,-1406.062,-498.744,-16344.793,-6.876,7584.696,53784.681,43852.255
1858,81.856,-11394.348,523.671,4414.956,3.747,-5711.136,112.277,-1293.785,29.068,-16315.725,549.447,8134.143,53871.739,43792.915
1859,-457.938,-11852.286,-15.984,4398.972,-383.616,-6094.752,-274.815,-1568.6,-519.021,-16834.746,14.444,8148.587,53346.475,43825.601
1860,-598.308,-12450.594,-308.713,4090.259,-181.046,-6275.798,-73.672,-1642.272,-801.169,-17635.915,-261.789,7886.798,52926.103,43674.235
1861,-756.268,-13206.862,-469.784,3620.475,-341.833,-6617.631,-232.295,-1874.567,-985.302,-18621.217,-431.159,7455.639,52456.92,43429.493
1862,-1044.169,-14251.031,-770.162,2850.313,-1000.448,-7618.079,-898.054,-2772.621,-1286.553,-19907.77,-738.862,6716.777,51809.738,43054.632
1863,-753.086,-15004.117,-486.54,2363.773,128.111,-7489.968,229.273,-2543.348,-1004.358,-20912.128,-456.479,6260.298,51504.891,42635.217
1864,25.697,-14978.42,282.682,2646.455,-217.012,-7706.98,-119.621,-2662.969,-228.613,-21140.741,315.735,6576.033,51734.12,42460.807
1865,-179.473,-15157.893,77.655,2724.11,-228.869,-7935.849,-128.045,-2791.014,-450.034,-21590.775,115.929,6691.962,51746.386,42255.55
1866,-329.482,-15487.375,-58.161,2665.949,-257.663,-8193.512,-156.683,-2947.697,-609.966,-22200.741,-22.034,6669.928,51543.599,42133.826
1867,-663.41,-16150.785,-416.686,2249.263,-849.478,-9042.99,-744.575,-3692.272,-928.838,-23129.579,-349.281,6320.647,51054.901,41950.564
1868,141.334,-16009.451,381.589,2630.852,145.762,-8897.228,249.519,-3442.753,-170.964,-23300.543,413.087,6733.734,51274.508,41864.053
1869,-644.367,-16653.818,-408.824,2222.028,-1032.907,-9930.135,-929.534,-4372.287,-962.93,-24263.473,-377.755,6355.979,50601.207,41863.646
1870,-610.132,-17263.95,-111.011,2111.017,176.153,-9753.982,278.455,-4093.832,-632.382,-24895.855,-46.985,6308.994,49988.132,41673.675
1871,-519.374,-17783.324,-6.533,2104.484,-412.038,-10166.02,-309.356,-4403.188,-516.876,-25412.731,77.694,6386.688,49410.03,41546.13
1872,-1054.456,-18837.78,-525.143,1579.341,-535.15,-10701.17,-436.442,-4839.63,-1025.958,-26438.689,-430.626,5956.062,48439.424,41306.683
1873,-614.743,-19452.523,-73.167,1506.174,195.783,-10505.387,296.852,-4542.778,-572.47,-27011.159,19.482,5975.544,47900.406,41076.314
1874,-499.421,-19951.944,72.32,1578.494,-464.612,-10969.999,-370.779,-4913.557,-433.012,-27444.171,160.206,6135.75,47363.76,40963.569
1875,-530.349,-20482.293,76.95,1655.444,-302.216,-11272.215,-205.302,-5118.859,-440.575,-27884.746,184.277,6320.027,46842.353,40815.244
1876,-672.609,-21154.902,-34.472,1620.972,-59.503,-11331.718,36.861,-5081.998,-565.649,-28450.395,65.239,6385.266,46251.588,40625.308
1877,-271.254,-21426.156,367.621,1988.593,-382.616,-11714.334,-282.534,-5364.532,-159.401,-28609.796,467.87,6853.136,45961.922,40547.652
1878,-843.277,-22269.433,-189.468,1799.125,-478.695,-12193.029,-378.967,-5743.499,-706.197,-29315.993,-69.213,6783.923,45147.852,40407.258
1879,-818.822,-23088.255,-135.894,1663.231,-249.119,-12442.148,-150.002,-5893.501,-676.455,-29992.448,-33.397,6750.526,44477.471,40177.597
1880,-17.473,-23105.728,491.792,2155.023,225.852,-12216.296,325.226,-5568.275,-40.06,-30032.508,616.324,7366.85,44603.181,40081.177
1881,-457.157,-23562.885,32.748,2187.771,-478.553,-12694.849,-379.12,-5947.395,-535.071,-30567.579,113.117,7479.967,44090.233,40154.951
1882,-374.319,-23937.204,120.214,2307.985,4.339,-12690.51,98.753,-5848.642,-459.587,-31027.166,192.854,7672.821,43799.861,40068.4
1883,-108.565,-24045.769,403.709,2711.694,29.774,-12660.736,126.322,-5722.32,-209.255,-31236.421,463.59,8136.411,43707.319,40063.562
1884,-83.277,-24129.046,426.5,3138.194,-13.383,-12674.119,79.434,-5642.886,-190.972,-31427.393,480.016,8616.427,43478.738,40195.469
1885,-230.116,-24359.162,277.067,3415.261,-193.266,-12867.385,-98.382,-5741.268,-342.439,-31769.832,321.138,8937.565,43225.498,40222.251
1886,-405.197,-24764.359,73.434,3488.695,-499.312,-13366.697,-402.962,-6144.23,-514.774,-32284.606,157.159,9094.724,42743.878,40271.564
1887,-403.034,-25167.393,74.625,3563.32,129.533,-13237.164,225.632,-5918.598,-527.215,-32811.821,150.339,9245.063,42511.14,40045.655
1888,-786.117,-25953.51,-302.67,3260.65,-513.81,-13750.974,-413.489,-6332.087,-957.155,-33768.976,-271.247,8973.816,41873.344,39863.114
1889,-235.344,-26188.854,223.579,3484.229,100.988,-13649.986,195.788,-6136.299,-346.726,-34115.702,317.959,9291.775,41745.921,39682.065
1890,-723.696,-26912.55,-66.613,3417.616,-276.023,-13926.009,-181.956,-6318.255,-676.278,-34791.98,18.551,9310.326,40929.317,39589.029
1891,-979.92,-27892.47,-307.783,3109.833,13.598,-13912.411,106.43,-6211.825,-904.722,-35696.702,-198.707,9111.619,40156.457,39252.489
1892,-107.501,-27999.971,560.108,3669.941,-35.531,-13947.942,57.153,-6154.672,2.287,-35694.415,685.072,9796.691,40028.216,39155.095
1893,-392.728,-28392.699,276.451,3946.392,-325.979,-14273.921,-228.588,-6383.26,-300.092,-35994.507,370.579,10167.27,39525.062,39111.639
1894,-916.16,-29308.859,-221.804,3724.588,-292.559,-14566.48,-201.577,-6584.837,-865.289,-36859.796,-183.243,9984.027,38650.072,38891.996
1895,-789.31,-30098.169,-44.551,3680.037,-35.796,-14602.276,59.384,-6525.453,-652.332,-37512.128,66.718,10050.745,38020.332,38629.616
1896,-351.59,-30449.759,383.181,4063.218,-314.042,-14916.318,-219.094,-6744.547,-170.322,-37682.45,524.941,10575.686,37765.636,38405.655
1897,-1053.712,-31503.471,-309.571,3753.647,-434.197,-15350.515,-337.443,-7081.99,-923.14,-38605.59,-238.583,10337.103,36832.873,38179.591
1898,-135.33,-31638.801,616.544,4370.191,349.819,-15000.696,445.113,-6636.877,79.977,-38525.613,738.581,11075.684,36660.478,38123.339
1899,-358.105,-31996.906,417.199,4787.39,-66.819,-15067.515,33.431,-6603.446,-163.142,-38688.755,515.261,11590.945,36193.549,38108.149
1900,-247.511,-32244.417,382.075,5169.465,3.302,-15064.213,92.149,-6511.297,-288.469,-38977.224,416.838,12007.783,36044.241,37944.977
1901,-837.55,-33081.967,-181.124,4988.341,-168.143,-15232.356,-126.249,-6637.546,-775.641,-39752.865,-98.467,11909.316,35455.127,37705.079
1902,-382.004,-33463.971,256.072,5244.413,302.307,-14930.049,337.718,-6299.828,-316.621,-40069.486,337.901,12247.217,35229.791,37499.745
1903,-203.83,-33667.801,482.207,5726.62,11.704,-14918.345,45.194,-6254.634,-202.284,-40271.77,493.438,12740.655,35065.529,37428.184
1904,-498.151,-34165.952,170.327,5896.947,70.041,-14848.304,96.697,-6157.937,-533.844,-40805.614,141.552,12882.207,34612.148,37335.862
1905,-21.947,-34187.899,674.495,6571.442,380.426,-14467.878,408.174,-5749.763,12.396,-40793.218,711.461,13593.668,34677.974,37198.153
1906,-227.27,-34415.169,465.465,7036.907,165.467,-14302.411,193.255,-5556.508,-184.032,-40977.25,508.685,14102.353,34491.332,37089.152
1907,-340.762,-34755.931,341.916,7378.823,112.227,-14190.184,143.821,-5412.687,-346.519,-41323.769,334.477,14436.83,34041.767,37125.015
1908,-152.579,-34908.51,528.917,7907.74,216.538,-13973.646,245.897,-5166.79,-121.173,-41444.942,557.102,14993.932,33876.493,37041.309
1909,-462.958,-35371.468,194.891,8102.631,-139.674,-14113.32,-110.062,-5276.852,-451.991,-41896.933,210.894,15204.826,33432.189,36928.553
1910,-369.258,-35740.726,254.293,8356.924,28.772,-14084.548,56.23,-5220.622,-336.317,-42233.25,314.728,15519.554,33124.91,36768.845
1911,-709.751,-36450.477,-102.52,8254.404,213.294,-13871.254,241.131,-4979.491,-678.14,-42911.39,-27.421,15492.133,32605.165,36504.823
1912,106.676,-36343.801,733.655,8988.059,318.049,-13553.205,346.805,-4632.686,106.495,-42804.895,775.424,16267.557,32775.101,36333.805
1913,-614.892,-36958.693,33.674,9021.733,-4.267,-13557.472,25.057,-4607.629,-636.438,-43441.333,41.208,16308.765,32231.71,36195.454
1914,-319.464,-37278.157,305.485,9327.218,340.116,-13217.356,368.872,-4238.757,-288.29,-43729.623,370.146,16678.911,31921.427,36067.191
1915,424.229,-36853.928,1125.737,10452.955,334.009,-12883.347,362.178,-3876.579,443.593,-43286.03,1156.967,17835.878,32304.136,35990.378
1916,-535.288,-37389.216,192.928,10645.883,-41.223,-12924.57,-9.686,-3886.265,-600.018,-43886.048,123.925,17959.803,31694.324,35991.429
1917,-499.767,-37888.983,138.53,10784.413,-116.535,-13041.105,-86.876,-3973.141,-519.081,-44405.129,128.609,18088.412,31105.503,35986.396
1918,-535.553,-38424.536,86.602,10871.015,256.461,-12784.644,285.14,-3688.001,-494.605,-44899.734,131.6,18220.012,30673.657,35749.848
1919,10.097,-38414.439,674.812,11545.827,479.88,-12304.764,508.271,-3179.73,75.331,-44824.403,752.692,18972.704,30785.714,35547.279
1920,-61.435,-38475.874,656.085,12201.912,-70.259,-12375.023,-40.808,-3220.538,4.209,-44820.194,702.428,19675.132,30577.745,35531.339
1921,-553.855,-39029.729,197.135,12399.047,146.111,-12228.912,174.553,-3045.985,-498.123,-45318.317,219.788,19894.92,30070.953,35357.845
1922,-359.352,-39389.081,368.438,12767.485,-11.689,-12240.601,18.542,-3027.443,-303.082,-45621.399,382.692,20277.612,29764.93,35172.534
1923,-96.858,-39485.939,642.134,13409.619,291.241,-11949.36,321.187,-2706.256,-52.424,-45673.823,641.435,20919.047,29635.929,35083.42
1924,-335.351,-39821.29,424.52,13834.139,-215.126,-12164.486,-186.114,-2892.37,-294.4,-45968.223,402.528,21321.575,29162.371,35096.233
1925,-878.186,-40699.476,-144.631,13689.508,45.369,-12119.117,73.659,-2818.711,-792.73,-46760.953,-127.46,21194.115,28394.238,34909.393
1926,-168.242,-40867.718,538.144,14227.652,471.479,-11647.638,498.696,-2320.015,-51.066,-46812.019,589.824,21783.939,28336.597,34653.954
1927,6.128,-40861.59,804.019,15031.671,173.242,-11474.396,202.812,-2117.203,41.54,-46770.479,754.666,22538.605,28366.961,34535.705
1928,-199.624,-41061.214,609.752,15641.423,28.618,-11445.778,56.696,-2060.507,-195.608,-46966.087,523.422,23062.027,28132.741,34463.07
1929,-281.335,-41342.549,519.076,16160.499,15.068,-11430.71,44.555,-2015.952,-239.331,-47205.418,474.662,23536.689,27793.871,34447.496
1930,-740.485,-42083.034,-5.729,16154.77,-106.389,-11537.099,-76.953,-2092.905,-600.145,-47805.563,74.987,23611.676,27075.168,34352.397
1931,-555.783,-42638.817,152.976,16307.746,385.03,-11152.069,412.632,-1680.273,-411.193,-48216.756,237.093,23848.769,26772.065,34001.283
1932,-147.855,-42786.672,594.927,16902.673,161.034,-10991.035,195.834,-1484.439,-68.716,-48285.472,608.379,24457.148,26697.383,33866.667
1933,-521.509,-43308.181,204.012,17106.685,-117.003,-11108.038,-88.887,-1573.326,-447.226,-48732.698,215.327,24672.475,26402.204,33593.383
1934,-575.496,-43883.677,101.211,17207.896,-38.603,-11146.641,-8.332,-1581.658,-517.374,-49250.072,107.577,24780.052,26056.759,33301.876
1935,-4.163,-43887.84,696.179,17904.075,459.661,-10686.98,487.702,-1093.956,67.672,-49182.4,704.036,25484.088,26152.079,33136.081
1936,-628.266,-44516.106,87.896,17991.971,-514.299,-11201.279,-487.104,-1581.06,-606.62,-49789.02,45.642,25529.73,25640.577,32977.951
1937,-231.412,-44747.518,449.218,18441.189,401.697,-10799.582,432.71,-1148.35,-168.127,-49957.147,453.373,25983.103,25539.93,32784.641
1938,1.301,-44746.217,744.768,19185.957,160.733,-10638.849,189.515,-958.835,-27.162,-49984.309,636.63,26619.733,25636.155,32624.498
1939,-381.157,-45127.374,355.815,19541.772,-132.622,-10771.471,-103.496,-1062.331,-382.935,-50367.244,287.296,26907.029,25316.591,32524.775
1940,-127.832,-45255.206,592.937,20134.709,408.485,-10362.986,437.464,-624.867,-89.376,-50456.62,561.951,27468.98,25228.833,32434.398
1941,346.224,-44908.982,1143.774,21278.483,564.073,-9798.913,596.626,-28.241,484.346,-49972.274,1194.913,28663.893,25489.113,32446.754
1942,287.597,-44621.385,1163.851,22442.334,65.79,-9733.123,99.142,70.901,100.042,-49872.232,862.181,29526.074,25595.537,32587.615
1943,-574.007,-45195.392,255.368,22697.702,-63.359,-9796.482,-34.196,36.705,-631.749,-50503.981,85.928,29612.002,24903.726,32671.389
1944,-235.919,-45431.311,553.324,23251.026,247.281,-9549.201,274.213,310.918,-162.939,-50666.92,524.829,30136.831,24624.583,32651.454
1945,189.14,-45242.171,1018.221,24269.247,420.048,-9129.153,445.984,756.902,98.523,-50568.397,824.417,30961.248,24826.884,32616.468
1946,-70.96,-45313.131,755.944,25025.191,177.417,-8951.736,204.054,960.956,-110.528,-50678.925,614.966,31576.214,24705.251,32628.694
1947,-282.132,-45595.263,522.843,25548.034,51.333,-8900.403,81.322,1042.278,-267.368,-50946.293,444,32020.214,24395.012,32626.414
1948,-277.982,-45873.245,520.588,26068.622,54.874,-8845.529,83.474,1125.752,-225.064,-51171.357,477.154,32497.368,24138.466,32572.601
1949,-21.661,-45894.906,794.344,26862.966,388.547,-8456.982,414.88,1540.632,-73.808,-51245.165,646.016,33143.384,24155.47,32492.161
1950,181.283,-45713.623,963.729,27826.695,1363.448,-7093.534,1391.551,2932.183,-1.155,-51246.32,726.288,33869.672,24259.566,32588.276
1951,-230.829,-45944.452,552.411,28379.106,1478.17,-5615.364,1495.592,4427.775,-330.788,-51577.108,366.405,34236.077,24042.165,32624.059
1952,-575.759,-46520.211,155.395,28534.501,788.889,-4826.475,809.149,5236.924,-573.098,-52150.206,101.513,34337.59,23595.224,32572.468
1953,-287.251,-46807.462,385.032,28919.533,825.703,-4000.772,845.356,6082.28,-325.896,-52476.102,313.819,34651.409,23572.939,32353.291
1954,-516.019,-47323.481,153.996,29073.529,679.481,-3321.291,696.205,6778.485,-523.913,-53000.015,122.072,34773.481,23256.769,32190.4
1955,-5.478,-47328.959,679.36,29752.889,1496.75,-1824.541,1510.602,8289.087,-25.809,-53025.824,629.535,35403.016,23433.183,32014.264
1956,-272.206,-47601.165,408.01,30160.899,93.487,-1731.054,108.947,8398.034,-392.658,-53418.482,268.984,35672,23338.996,31870.815
1957,293.682,-47307.483,1003.118,31164.017,1868.515,137.461,1885.052,10283.086,196.852,-53221.63,871.644,36543.644,23697.584,31827.785
1958,489.285,-46818.198,1283.22,32447.237,744.215,881.676,765.727,11048.813,322.902,-52898.728,1053.6,37597.244,24078.536,31927.467
1959,-118.329,-46936.527,675.893,33123.13,977.163,1858.839,992.287,12041.1,-159.775,-53058.503,598.464,38195.708,23945.004,32016.718
1960,147.7,-46788.827,880.319,34003.449,920.45,2779.289,939.865,12980.965,69.453,-52989.05,780.992,38976.7,23988.962,32127.382
1961,204.425,-46584.402,966.463,34969.912,889.24,3668.529,903.057,13884.022,86.159,-52902.891,826.295,39802.995,24130.647,32202.687
1962,89.401,-46495.001,896.893,35866.805,752.174,4420.703,772.187,14656.209,52.996,-52849.895,827.198,40630.193,24045.62,32381.821
1963,-254.394,-46749.395,563.085,36429.89,448.189,4868.892,463.172,15119.381,-296.009,-53145.904,486.128,41116.321,23848.133,32364.045
1964,-27.552,-46776.947,764.822,37194.712,914.904,5783.796,925.376,16044.757,-53.88,-53199.784,725.291,41841.612,23879.966,32312.625
1965,346.285,-46430.662,1210.397,38405.109,1047.185,6830.981,1066.576,17111.333,217.671,-52982.113,1032.406,42874.018,24135.557,32409.298
1966,-118.749,-46549.411,755.33,39160.439,518.002,7348.983,540.911,17652.244,-122.399,-53104.512,717.22,43591.238,23986.093,32481.183
1967,280.728,-46268.683,1133.79,40294.229,738.077,8087.06,753.972,18406.216,92.391,-53012.121,941.018,44532.256,24213.328,32531.515
1968,219.719,-46048.964,1146.477,41440.706,906.074,8993.134,922.729,19328.945,157.428,-52854.693,1040.058,45572.314,24271.128,32694.661
1969,124.336,-45924.628,1085.261,42525.967,423.032,9416.166,436.709,19765.654,-22.119,-52876.812,919.511,46491.825,24270.87,32816.662
1970,-9.771,-45934.399,947.724,43473.691,405.097,9821.263,417.941,20183.595,-117.481,-52994.293,816.274,47308.099,24256.052,32870.778
1971,1.081,-45933.318,904.135,44377.826,601.172,10422.435,622.53,20806.125,-83.659,-53077.952,812.401,48120.5,24297.076,32853.057
1972,161.869,-45771.449,1120.3,45498.126,535.347,10957.782,564.681,21370.806,31.034,-53046.918,988.559,49109.059,24249.106,33024.979
1973,241.93,-45529.519,1265.21,46763.336,824.128,11781.91,832.527,22203.333,83.269,-52963.649,1083.9,50192.959,24586.203,33042.239
1974,180.425,-45349.094,1110.288,47873.624,74.441,11856.351,91.035,22294.368,23.579,-52940.07,932.127,51125.086,24608.727,33235.853
1975,189.652,-45159.442,1110.136,48983.76,701.089,12557.44,708.347,23002.715,91.937,-52848.133,993.073,52118.159,24706.891,33338.106
1976,-154.963,-45314.405,741.419,49725.179,190.952,12748.392,196.798,23199.513,-200.044,-53048.177,709.192,52827.351,24500.239,33481.491
1977,-322.45,-45636.855,512.267,50237.446,675.056,13423.448,681.662,23881.175,-270.466,-53318.643,592.794,53420.145,24259.972,33392.774
1978,204.433,-45432.422,1116.684,51354.13,388.727,13812.175,395.61,24276.785,88.906,-53229.737,1002.76,54422.905,24435.678,33320.78
1979,291.606,-45140.816,1348.967,52703.097,336.713,14148.888,347.525,24624.31,169.061,-53060.676,1192.275,55615.18,24695.478,33371.125
1980,-640.998,-45781.814,296.904,53000.001,58.448,14207.336,74.227,24698.537,-595.265,-53655.941,351.539,55966.719,24184.767,33361.793
1981,333.276,-45448.538,1213.074,54213.075,616.911,14824.247,625.552,25324.089,208.199,-53447.742,1075.839,57042.558,24438.051,33334.907
1982,341.406,-45107.132,1396.313,55609.388,425.126,15249.373,430.669,25754.758,193.621,-53254.121,1214.767,58257.325,24680.512,33417.566
1983,-353.479,-45460.611,667.195,56276.583,249.756,15499.129,260.579,26015.337,-498.803,-53752.924,479.63,58736.955,24463.676,33430.919
1984,31.356,-45429.255,911.722,57188.305,276.929,15776.058,283.586,26298.923,-27.76,-53780.684,819.283,59556.238,24460.919,33375.03
1985,155.58,-45273.675,1143.094,58331.399,873.872,16649.93,891.576,27190.499,129.16,-53651.524,1110.469,60666.707,24489.874,33473.735
1986,64.081,-45209.594,1087.443,59418.842,737.104,17387.034,744.516,27935.015,-75.015,-53726.539,939.358,61606.065,24545.704,33474.584
1987,-154.017,-45363.611,867.107,60285.949,361.33,17748.364,370.2,28305.215,-85.808,-53812.347,923.524,62529.589,24302.903,33566.368
1988,-641.546,-46005.157,225.499,60511.448,122.47,17870.834,130.048,28435.263,-515.021,-54327.368,407.974,62937.563,23816.117,33452.16
1989,465.457,-45539.7,1328.493,61839.941,772.583,18643.417,783.22,29218.483,315.084,-54012.284,1216.588,64154.151,24295.067,33319.973
1990,-211.071,-45750.771,840.082,62680.023,281.397,18924.814,284.83,29503.313,-237.4,-54249.684,761.916,64916.067,24108.444,33279.36
1991,-130.875,-45881.646,859.498,63539.521,588.153,19512.967,593.071,30096.384,-149.345,-54399.029,825.909,65741.976,24137.124,33170.539
1992,724.606,-45157.04,1730.165,65269.686,692.217,20205.184,698.115,30794.499,647.812,-53751.217,1601.116,67343.092,24453.912,33363.767
1993,84.757,-45072.283,1277.117,66546.803,441.049,20646.233,451.109,31245.608,-84.276,-53835.493,1002.606,68345.698,24386.765,33583.801
1994,-140.631,-45212.914,931.543,67478.346,299.447,20945.68,303.494,31549.102,-101.077,-53936.57,878.911,69224.609,24301.617,33545.663
1995,165.081,-45047.833,1198.07,68676.416,679.278,21624.958,687.735,32236.837,70.935,-53865.635,1053.954,70278.563,24374.91,33613.885
1996,19.492,-45028.341,1047.245,69723.661,23.841,21648.799,30.691,32267.528,-3.292,-53868.927,924.259,71202.822,24327.982,33650.715
1997,254.159,-44774.182,1340.401,71064.062,593.948,22242.747,601.102,32868.63,166.541,-53702.386,1162.029,72364.851,24370.075,33834.22
1998,-287.811,-45061.993,802.64,71866.702,254.751,22497.498,261.614,33130.244,-235.721,-53938.107,741.512,73106.363,24110.466,33805.166
1999,9.836,-45052.157,1073.162,72939.864,343.02,22840.518,348.918,33479.162,46.007,-53892.1,1008.803,74115.166,23998.584,33901.569
2000,-232.607,-45284.764,794.161,73734.025,-5.059,22835.459,-0.091,33479.071,-198.166,-54090.266,764.677,74879.843,23765.518,33890.35
2001,112.557,-45172.207,1128.319,74862.344,599.249,23434.708,602.254,34081.325,242.084,-53848.182,1144.394,76024.237,23976.466,33833.051
2002,-416.772,-45588.979,511.353,75373.697,188.057,23622.765,202.226,34283.551,-221.07,-54069.252,594.455,76618.692,23705.196,33805.312
2003,246.454,-45342.525,1103.403,76477.1,435.073,24057.838,439.206,34722.757,332.979,-53736.273,1093.134,77711.826,23923.818,33713.571
2004,366.525,-44976,1386.597,77863.697,684.217,24742.055,690.487,35413.244,304.8,-53431.473,1202.937,78914.763,24252.3,33760.831
2005,-225.372,-45201.372,752.731,78616.428,400.956,25143.011,408.144,35821.388,-27.201,-53458.674,830.36,79745.123,24075.305,33780.21
2006,-479.766,-45681.138,479.399,79095.827,149.073,25292.084,153.488,35974.876,-189.369,-53648.043,543.774,80288.897,23634.661,33659.259
2007,94.41,-45586.728,1101.606,80197.433,731.623,26023.707,735.926,36710.802,350.633,-53297.41,1177.02,81465.917,23617.941,33649.229
2008,82.111,-45504.617,1047.62,81245.053,241.268,26264.975,252.026,36962.828,53.743,-53243.667,917.054,82382.971,23783.64,33642.811
2009,360.81,-45143.807,1315.399,82560.452,386.062,26651.037,392.976,37355.804,239.423,-53004.244,1048.825,83431.796,24137.717,33697.943
2010,-42.613,-45186.42,940.55,83501.002,686.794,27337.831,690.655,38046.459,-61.289,-53065.533,753.604,84185.4,24158.433,33740.159
2011,-274.071,-45460.491,751.116,84252.118,-466.967,26870.864,-464.045,37582.414,-154.673,-53220.206,570.45,84755.85,23848.189,33688.851